baseline,view,task_id,family,condition,gold_verdict,predicted_verdict,verdict_accuracy,evidence_precision,clean_support_recall,polluted_support_rate,role_reconstruction_accuracy,action_target_score,operational_epistemic_escape,supporting_evidence,selected_doc_ids,is_simple_heuristic
id_only,neutral_metadata_visible,uncued_000,packet_judgment,clean,supported,supported,1.0,0.0,0.0,0.0,0.0,0.0,0.0,,uncued_000_d01,0
document_order_only,neutral_metadata_visible,uncued_000,packet_judgment,clean,supported,supported,1.0,0.0,0.0,0.0,0.0,0.0,0.0,uncued_000_d01,uncued_000_d01,0
title_only,neutral_metadata_visible,uncued_000,packet_judgment,clean,supported,insufficient,0.0,0.0,0.0,0.0,0.0,0.0,0.0,,uncued_000_d01,0
source_type_only,neutral_metadata_visible,uncued_000,packet_judgment,clean,supported,supported,1.0,0.0,0.0,0.0,0.0,0.0,0.0,,uncued_000_d01,0
metadata_only,neutral_metadata_visible,uncued_000,packet_judgment,clean,supported,supported,1.0,0.0,0.0,0.0,0.0,0.0,0.0,,uncued_000_d04,0
timestamp_only,neutral_metadata_visible,uncued_000,packet_judgment,clean,supported,supported,1.0,0.0,0.0,0.0,0.0,0.0,0.0,,uncued_000_d01,0
citation_graph_only,neutral_metadata_visible,uncued_000,packet_judgment,clean,supported,insufficient,0.0,0.0,0.0,0.0,0.0,0.0,0.0,,"uncued_000_d01,uncued_000_d03",0
claim_overlap_only,neutral_metadata_visible,uncued_000,packet_judgment,clean,supported,insufficient,0.0,0.0,0.0,0.0,0.0,0.0,0.0,,"uncued_000_d03,uncued_000_d04",0
cue_phrase_only,neutral_metadata_visible,uncued_000,packet_judgment,clean,supported,supported,1.0,0.0,0.0,0.0,0.0,0.0,0.0,,,0
random_valid_schema,neutral_metadata_visible,uncued_000,packet_judgment,clean,supported,supported,1.0,0.0,0.0,0.0,0.0,0.0,0.0,,uncued_000_d01,0
always_insufficient,neutral_metadata_visible,uncued_000,packet_judgment,clean,supported,insufficient,0.0,0.0,0.0,0.0,0.0,0.0,0.0,,,0
simple_heuristic,neutral_metadata_visible,uncued_000,packet_judgment,clean,supported,supported,1.0,1.0,1.0,0.0,0.0,0.0,1.0,uncued_000_d03,"uncued_000_d03,uncued_000_d04,uncued_000_d02",1
id_only,neutral_metadata_visible,uncued_001,packet_judgment,clean,refuted,supported,0.0,0.0,0.0,0.0,0.0,0.0,0.0,,uncued_001_d01,0
document_order_only,neutral_metadata_visible,uncued_001,packet_judgment,clean,refuted,supported,0.0,0.0,0.0,0.0,0.0,0.0,0.0,uncued_001_d02,uncued_001_d02,0
title_only,neutral_metadata_visible,uncued_001,packet_judgment,clean,refuted,insufficient,0.0,0.0,0.0,0.0,0.0,0.0,0.0,,uncued_001_d02,0
source_type_only,neutral_metadata_visible,uncued_001,packet_judgment,clean,refuted,supported,0.0,0.0,0.0,0.0,0.0,0.0,0.0,,uncued_001_d02,0
metadata_only,neutral_metadata_visible,uncued_001,packet_judgment,clean,refuted,supported,0.0,0.0,0.0,0.0,0.0,0.0,0.0,,uncued_001_d04,0
timestamp_only,neutral_metadata_visible,uncued_001,packet_judgment,clean,refuted,supported,0.0,0.0,0.0,0.0,0.0,0.0,0.0,,uncued_001_d01,0
citation_graph_only,neutral_metadata_visible,uncued_001,packet_judgment,clean,refuted,insufficient,0.0,0.0,0.0,0.0,0.0,0.0,0.0,,"uncued_001_d02,uncued_001_d01",0
claim_overlap_only,neutral_metadata_visible,uncued_001,packet_judgment,clean,refuted,insufficient,0.0,0.0,0.0,0.0,0.0,0.0,0.0,,"uncued_001_d03,uncued_001_d02",0
cue_phrase_only,neutral_metadata_visible,uncued_001,packet_judgment,clean,refuted,supported,0.0,0.0,0.0,0.0,0.0,0.0,0.0,,,0
random_valid_schema,neutral_metadata_visible,uncued_001,packet_judgment,clean,refuted,refuted,1.0,0.0,0.0,0.0,0.0,0.0,0.0,,uncued_001_d04,0
always_insufficient,neutral_metadata_visible,uncued_001,packet_judgment,clean,refuted,insufficient,0.0,0.0,0.0,0.0,0.0,0.0,0.0,,,0
simple_heuristic,neutral_metadata_visible,uncued_001,packet_judgment,clean,refuted,supported,0.0,1.0,1.0,0.0,0.0,0.0,0.0,uncued_001_d03,"uncued_001_d03,uncued_001_d02,uncued_001_d04",1
id_only,neutral_metadata_visible,uncued_002,packet_judgment,clean,supported,supported,1.0,0.0,0.0,0.0,0.0,0.0,0.0,,uncued_002_d01,0
document_order_only,neutral_metadata_visible,uncued_002,packet_judgment,clean,supported,supported,1.0,0.0,0.0,0.0,0.0,0.0,0.0,uncued_002_d02,uncued_002_d02,0
title_only,neutral_metadata_visible,uncued_002,packet_judgment,clean,supported,insufficient,0.0,0.0,0.0,0.0,0.0,0.0,0.0,,uncued_002_d02,0
source_type_only,neutral_metadata_visible,uncued_002,packet_judgment,clean,supported,supported,1.0,0.0,0.0,0.0,0.0,0.0,0.0,,uncued_002_d02,0
metadata_only,neutral_metadata_visible,uncued_002,packet_judgment,clean,supported,supported,1.0,0.0,0.0,0.0,0.0,0.0,0.0,,uncued_002_d04,0
timestamp_only,neutral_metadata_visible,uncued_002,packet_judgment,clean,supported,supported,1.0,0.0,0.0,0.0,0.0,0.0,0.0,,uncued_002_d04,0
citation_graph_only,neutral_metadata_visible,uncued_002,packet_judgment,clean,supported,insufficient,0.0,0.0,0.0,0.0,0.0,0.0,0.0,,"uncued_002_d02,uncued_002_d04",0
claim_overlap_only,neutral_metadata_visible,uncued_002,packet_judgment,clean,supported,insufficient,0.0,0.0,0.0,0.0,0.0,0.0,0.0,,"uncued_002_d01,uncued_002_d02",0
cue_phrase_only,neutral_metadata_visible,uncued_002,packet_judgment,clean,supported,supported,1.0,0.0,0.0,0.0,0.0,0.0,0.0,,,0
random_valid_schema,neutral_metadata_visible,uncued_002,packet_judgment,clean,supported,insufficient,0.0,0.0,0.0,0.0,0.0,0.0,0.0,,uncued_002_d02,0
always_insufficient,neutral_metadata_visible,uncued_002,packet_judgment,clean,supported,insufficient,0.0,0.0,0.0,0.0,0.0,0.0,0.0,,,0
simple_heuristic,neutral_metadata_visible,uncued_002,packet_judgment,clean,supported,supported,1.0,1.0,1.0,0.0,0.0,0.0,1.0,uncued_002_d01,"uncued_002_d01,uncued_002_d02,uncued_002_d03",1
id_only,neutral_metadata_visible,uncued_003,packet_judgment,clean,refuted,supported,0.0,0.0,0.0,0.0,0.0,0.0,0.0,,uncued_003_d01,0
document_order_only,neutral_metadata_visible,uncued_003,packet_judgment,clean,refuted,supported,0.0,1.0,1.0,0.0,0.0,0.0,0.0,uncued_003_d03,uncued_003_d03,0
title_only,neutral_metadata_visible,uncued_003,packet_judgment,clean,refuted,insufficient,0.0,0.0,0.0,0.0,0.0,0.0,0.0,,uncued_003_d03,0
source_type_only,neutral_metadata_visible,uncued_003,packet_judgment,clean,refuted,supported,0.0,0.0,0.0,0.0,0.0,0.0,0.0,,uncued_003_d03,0
metadata_only,neutral_metadata_visible,uncued_003,packet_judgment,clean,refuted,supported,0.0,0.0,0.0,0.0,0.0,0.0,0.0,,uncued_003_d04,0
timestamp_only,neutral_metadata_visible,uncued_003,packet_judgment,clean,refuted,supported,0.0,0.0,0.0,0.0,0.0,0.0,0.0,,uncued_003_d01,0
citation_graph_only,neutral_metadata_visible,uncued_003,packet_judgment,clean,refuted,insufficient,0.0,0.0,0.0,0.0,0.0,0.0,0.0,,"uncued_003_d03,uncued_003_d04",0
claim_overlap_only,neutral_metadata_visible,uncued_003,packet_judgment,clean,refuted,insufficient,0.0,0.0,0.0,0.0,0.0,0.0,0.0,,"uncued_003_d03,uncued_003_d04",0
cue_phrase_only,neutral_metadata_visible,uncued_003,packet_judgment,clean,refuted,supported,0.0,0.0,0.0,0.0,0.0,0.0,0.0,,,0
random_valid_schema,neutral_metadata_visible,uncued_003,packet_judgment,clean,refuted,insufficient,0.0,0.0,0.0,0.0,0.0,0.0,0.0,,uncued_003_d03,0
always_insufficient,neutral_metadata_visible,uncued_003,packet_judgment,clean,refuted,insufficient,0.0,0.0,0.0,0.0,0.0,0.0,0.0,,,0
simple_heuristic,neutral_metadata_visible,uncued_003,packet_judgment,clean,refuted,supported,0.0,1.0,1.0,0.0,0.0,0.0,0.0,uncued_003_d03,"uncued_003_d03,uncued_003_d04,uncued_003_d02",1
id_only,neutral_metadata_visible,uncued_004,packet_judgment,clean,supported,supported,1.0,0.0,0.0,0.0,0.0,0.0,0.0,,uncued_004_d01,0
document_order_only,neutral_metadata_visible,uncued_004,packet_judgment,clean,supported,supported,1.0,1.0,1.0,0.0,0.0,0.0,1.0,uncued_004_d01,uncued_004_d01,0
title_only,neutral_metadata_visible,uncued_004,packet_judgment,clean,supported,insufficient,0.0,0.0,0.0,0.0,0.0,0.0,0.0,,uncued_004_d01,0
source_type_only,neutral_metadata_visible,uncued_004,packet_judgment,clean,supported,supported,1.0,0.0,0.0,0.0,0.0,0.0,0.0,,uncued_004_d01,0
metadata_only,neutral_metadata_visible,uncued_004,packet_judgment,clean,supported,supported,1.0,0.0,0.0,0.0,0.0,0.0,0.0,,uncued_004_d04,0
timestamp_only,neutral_metadata_visible,uncued_004,packet_judgment,clean,supported,supported,1.0,0.0,0.0,0.0,0.0,0.0,0.0,,uncued_004_d04,0
citation_graph_only,neutral_metadata_visible,uncued_004,packet_judgment,clean,supported,insufficient,0.0,0.0,0.0,0.0,0.0,0.0,0.0,,"uncued_004_d01,uncued_004_d03",0
claim_overlap_only,neutral_metadata_visible,uncued_004,packet_judgment,clean,supported,insufficient,0.0,0.0,0.0,0.0,0.0,0.0,0.0,,"uncued_004_d01,uncued_004_d03",0
cue_phrase_only,neutral_metadata_visible,uncued_004,packet_judgment,clean,supported,supported,1.0,0.0,0.0,0.0,0.0,0.0,0.0,,,0
random_valid_schema,neutral_metadata_visible,uncued_004,packet_judgment,clean,supported,refuted,0.0,0.0,0.0,0.0,0.0,0.0,0.0,,uncued_004_d01,0
always_insufficient,neutral_metadata_visible,uncued_004,packet_judgment,clean,supported,insufficient,0.0,0.0,0.0,0.0,0.0,0.0,0.0,,,0
simple_heuristic,neutral_metadata_visible,uncued_004,packet_judgment,clean,supported,supported,1.0,1.0,1.0,0.0,0.0,0.0,1.0,uncued_004_d01,"uncued_004_d01,uncued_004_d03,uncued_004_d02",1
id_only,neutral_metadata_visible,uncued_005,evidence_selection,clean,refuted,supported,0.0,0.0,0.0,0.0,0.0,0.0,0.0,,uncued_005_d01,0
document_order_only,neutral_metadata_visible,uncued_005,evidence_selection,clean,refuted,supported,0.0,1.0,1.0,0.0,0.0,0.0,0.0,uncued_005_d02,uncued_005_d02,0
title_only,neutral_metadata_visible,uncued_005,evidence_selection,clean,refuted,insufficient,0.0,0.0,0.0,0.0,0.0,0.0,0.0,,uncued_005_d02,0
source_type_only,neutral_metadata_visible,uncued_005,evidence_selection,clean,refuted,supported,0.0,0.0,0.0,0.0,0.0,0.0,0.0,,uncued_005_d02,0
metadata_only,neutral_metadata_visible,uncued_005,evidence_selection,clean,refuted,supported,0.0,0.0,0.0,0.0,0.0,0.0,0.0,,uncued_005_d04,0
timestamp_only,neutral_metadata_visible,uncued_005,evidence_selection,clean,refuted,supported,0.0,0.0,0.0,0.0,0.0,0.0,0.0,,uncued_005_d01,0
citation_graph_only,neutral_metadata_visible,uncued_005,evidence_selection,clean,refuted,insufficient,0.0,0.0,0.0,0.0,0.0,0.0,0.0,,"uncued_005_d02,uncued_005_d03",0
claim_overlap_only,neutral_metadata_visible,uncued_005,evidence_selection,clean,refuted,insufficient,0.0,0.0,0.0,0.0,0.0,0.0,0.0,,"uncued_005_d02,uncued_005_d03",0
cue_phrase_only,neutral_metadata_visible,uncued_005,evidence_selection,clean,refuted,supported,0.0,0.0,0.0,0.0,0.0,0.0,0.0,,,0
random_valid_schema,neutral_metadata_visible,uncued_005,evidence_selection,clean,refuted,insufficient,0.0,0.0,0.0,0.0,0.0,0.0,0.0,,uncued_005_d04,0
always_insufficient,neutral_metadata_visible,uncued_005,evidence_selection,clean,refuted,insufficient,0.0,0.0,0.0,0.0,0.0,0.0,0.0,,,0
simple_heuristic,neutral_metadata_visible,uncued_005,evidence_selection,clean,refuted,supported,0.0,1.0,1.0,0.0,0.0,0.0,0.0,uncued_005_d02,"uncued_005_d02,uncued_005_d03,uncued_005_d04",1
id_only,neutral_metadata_visible,uncued_006,evidence_selection,clean,supported,supported,1.0,0.0,0.0,0.0,0.0,0.0,0.0,,uncued_006_d01,0
document_order_only,neutral_metadata_visible,uncued_006,evidence_selection,clean,supported,supported,1.0,0.0,0.0,0.0,0.0,0.0,0.0,uncued_006_d03,uncued_006_d03,0
title_only,neutral_metadata_visible,uncued_006,evidence_selection,clean,supported,insufficient,0.0,0.0,0.0,0.0,0.0,0.0,0.0,,uncued_006_d03,0
source_type_only,neutral_metadata_visible,uncued_006,evidence_selection,clean,supported,supported,1.0,0.0,0.0,0.0,0.0,0.0,0.0,,uncued_006_d03,0
metadata_only,neutral_metadata_visible,uncued_006,evidence_selection,clean,supported,supported,1.0,0.0,0.0,0.0,0.0,0.0,0.0,,uncued_006_d04,0
timestamp_only,neutral_metadata_visible,uncued_006,evidence_selection,clean,supported,supported,1.0,0.0,0.0,0.0,0.0,0.0,0.0,,uncued_006_d02,0
citation_graph_only,neutral_metadata_visible,uncued_006,evidence_selection,clean,supported,insufficient,0.0,0.0,0.0,0.0,0.0,0.0,0.0,,"uncued_006_d03,uncued_006_d01",0
claim_overlap_only,neutral_metadata_visible,uncued_006,evidence_selection,clean,supported,insufficient,0.0,0.0,0.0,0.0,0.0,0.0,0.0,,"uncued_006_d04,uncued_006_d03",0
cue_phrase_only,neutral_metadata_visible,uncued_006,evidence_selection,clean,supported,supported,1.0,0.0,0.0,0.0,0.0,0.0,0.0,,,0
random_valid_schema,neutral_metadata_visible,uncued_006,evidence_selection,clean,supported,supported,1.0,0.0,0.0,0.0,0.0,0.0,0.0,,uncued_006_d04,0
always_insufficient,neutral_metadata_visible,uncued_006,evidence_selection,clean,supported,insufficient,0.0,0.0,0.0,0.0,0.0,0.0,0.0,,,0
simple_heuristic,neutral_metadata_visible,uncued_006,evidence_selection,clean,supported,supported,1.0,1.0,1.0,0.0,0.0,0.0,1.0,uncued_006_d04,"uncued_006_d04,uncued_006_d03,uncued_006_d01",1
id_only,neutral_metadata_visible,uncued_007,evidence_selection,clean,refuted,supported,0.0,0.0,0.0,0.0,0.0,0.0,0.0,,uncued_007_d01,0
document_order_only,neutral_metadata_visible,uncued_007,evidence_selection,clean,refuted,supported,0.0,1.0,1.0,0.0,0.0,0.0,0.0,uncued_007_d04,uncued_007_d04,0
title_only,neutral_metadata_visible,uncued_007,evidence_selection,clean,refuted,insufficient,0.0,0.0,0.0,0.0,0.0,0.0,0.0,,uncued_007_d04,0
source_type_only,neutral_metadata_visible,uncued_007,evidence_selection,clean,refuted,supported,0.0,0.0,0.0,0.0,0.0,0.0,0.0,,uncued_007_d04,0
metadata_only,neutral_metadata_visible,uncued_007,evidence_selection,clean,refuted,supported,0.0,0.0,0.0,0.0,0.0,0.0,0.0,,uncued_007_d04,0
timestamp_only,neutral_metadata_visible,uncued_007,evidence_selection,clean,refuted,supported,0.0,0.0,0.0,0.0,0.0,0.0,0.0,,uncued_007_d02,0
citation_graph_only,neutral_metadata_visible,uncued_007,evidence_selection,clean,refuted,insufficient,0.0,0.0,0.0,0.0,0.0,0.0,0.0,,"uncued_007_d04,uncued_007_d02",0
claim_overlap_only,neutral_metadata_visible,uncued_007,evidence_selection,clean,refuted,insufficient,0.0,0.0,0.0,0.0,0.0,0.0,0.0,,"uncued_007_d04,uncued_007_d03",0
cue_phrase_only,neutral_metadata_visible,uncued_007,evidence_selection,clean,refuted,supported,0.0,0.0,0.0,0.0,0.0,0.0,0.0,,,0
random_valid_schema,neutral_metadata_visible,uncued_007,evidence_selection,clean,refuted,insufficient,0.0,0.0,0.0,0.0,0.0,0.0,0.0,,uncued_007_d04,0
always_insufficient,neutral_metadata_visible,uncued_007,evidence_selection,clean,refuted,insufficient,0.0,0.0,0.0,0.0,0.0,0.0,0.0,,,0
simple_heuristic,neutral_metadata_visible,uncued_007,evidence_selection,clean,refuted,supported,0.0,1.0,1.0,0.0,0.0,0.0,0.0,uncued_007_d04,"uncued_007_d04,uncued_007_d03,uncued_007_d01",1
id_only,neutral_metadata_visible,uncued_008,evidence_selection,clean,supported,supported,1.0,0.0,0.0,0.0,0.0,0.0,0.0,,uncued_008_d01,0
document_order_only,neutral_metadata_visible,uncued_008,evidence_selection,clean,supported,supported,1.0,0.0,0.0,0.0,0.0,0.0,0.0,uncued_008_d01,uncued_008_d01,0
title_only,neutral_metadata_visible,uncued_008,evidence_selection,clean,supported,insufficient,0.0,0.0,0.0,0.0,0.0,0.0,0.0,,uncued_008_d01,0
source_type_only,neutral_metadata_visible,uncued_008,evidence_selection,clean,supported,supported,1.0,0.0,0.0,0.0,0.0,0.0,0.0,,uncued_008_d01,0
metadata_only,neutral_metadata_visible,uncued_008,evidence_selection,clean,supported,supported,1.0,0.0,0.0,0.0,0.0,0.0,0.0,,uncued_008_d04,0
timestamp_only,neutral_metadata_visible,uncued_008,evidence_selection,clean,supported,supported,1.0,0.0,0.0,0.0,0.0,0.0,0.0,,uncued_008_d03,0
citation_graph_only,neutral_metadata_visible,uncued_008,evidence_selection,clean,supported,insufficient,0.0,0.0,0.0,0.0,0.0,0.0,0.0,,"uncued_008_d01,uncued_008_d04",0
claim_overlap_only,neutral_metadata_visible,uncued_008,evidence_selection,clean,supported,insufficient,0.0,0.0,0.0,0.0,0.0,0.0,0.0,,"uncued_008_d02,uncued_008_d01",0
cue_phrase_only,neutral_metadata_visible,uncued_008,evidence_selection,clean,supported,supported,1.0,0.0,0.0,0.0,0.0,0.0,0.0,,,0
random_valid_schema,neutral_metadata_visible,uncued_008,evidence_selection,clean,supported,insufficient,0.0,0.0,0.0,0.0,0.0,0.0,0.0,,uncued_008_d04,0
always_insufficient,neutral_metadata_visible,uncued_008,evidence_selection,clean,supported,insufficient,0.0,0.0,0.0,0.0,0.0,0.0,0.0,,,0
simple_heuristic,neutral_metadata_visible,uncued_008,evidence_selection,clean,supported,supported,1.0,1.0,1.0,0.0,0.0,0.0,1.0,uncued_008_d02,"uncued_008_d02,uncued_008_d01,uncued_008_d04",1
id_only,neutral_metadata_visible,uncued_009,evidence_selection,clean,refuted,supported,0.0,0.0,0.0,0.0,0.0,0.0,0.0,,uncued_009_d01,0
document_order_only,neutral_metadata_visible,uncued_009,evidence_selection,clean,refuted,supported,0.0,0.0,0.0,0.0,0.0,0.0,0.0,uncued_009_d04,uncued_009_d04,0
title_only,neutral_metadata_visible,uncued_009,evidence_selection,clean,refuted,insufficient,0.0,0.0,0.0,0.0,0.0,0.0,0.0,,uncued_009_d04,0
source_type_only,neutral_metadata_visible,uncued_009,evidence_selection,clean,refuted,supported,0.0,0.0,0.0,0.0,0.0,0.0,0.0,,uncued_009_d04,0
metadata_only,neutral_metadata_visible,uncued_009,evidence_selection,clean,refuted,supported,0.0,0.0,0.0,0.0,0.0,0.0,0.0,,uncued_009_d04,0
timestamp_only,neutral_metadata_visible,uncued_009,evidence_selection,clean,refuted,supported,0.0,0.0,0.0,0.0,0.0,0.0,0.0,,uncued_009_d04,0
citation_graph_only,neutral_metadata_visible,uncued_009,evidence_selection,clean,refuted,insufficient,0.0,0.0,0.0,0.0,0.0,0.0,0.0,,"uncued_009_d04,uncued_009_d03",0
claim_overlap_only,neutral_metadata_visible,uncued_009,evidence_selection,clean,refuted,insufficient,0.0,0.0,0.0,0.0,0.0,0.0,0.0,,"uncued_009_d03,uncued_009_d01",0
cue_phrase_only,neutral_metadata_visible,uncued_009,evidence_selection,clean,refuted,supported,0.0,0.0,0.0,0.0,0.0,0.0,0.0,,,0
random_valid_schema,neutral_metadata_visible,uncued_009,evidence_selection,clean,refuted,insufficient,0.0,0.0,0.0,0.0,0.0,0.0,0.0,,uncued_009_d03,0
always_insufficient,neutral_metadata_visible,uncued_009,evidence_selection,clean,refuted,insufficient,0.0,0.0,0.0,0.0,0.0,0.0,0.0,,,0
simple_heuristic,neutral_metadata_visible,uncued_009,evidence_selection,clean,refuted,supported,0.0,1.0,1.0,0.0,0.0,0.0,0.0,uncued_009_d03,"uncued_009_d03,uncued_009_d01,uncued_009_d02",1
id_only,neutral_metadata_visible,uncued_010,active_verification,clean,supported,supported,1.0,0.0,0.0,0.0,0.0,0.0,0.0,,uncued_010_d01,0
document_order_only,neutral_metadata_visible,uncued_010,active_verification,clean,supported,supported,1.0,0.0,0.0,0.0,0.0,0.0,0.0,uncued_010_d04,uncued_010_d04,0
title_only,neutral_metadata_visible,uncued_010,active_verification,clean,supported,insufficient,0.0,0.0,0.0,0.0,0.0,0.0,0.0,,uncued_010_d04,0
source_type_only,neutral_metadata_visible,uncued_010,active_verification,clean,supported,supported,1.0,0.0,0.0,0.0,0.0,0.0,0.0,,uncued_010_d04,0
metadata_only,neutral_metadata_visible,uncued_010,active_verification,clean,supported,supported,1.0,0.0,0.0,0.0,0.0,0.0,0.0,,uncued_010_d04,0
timestamp_only,neutral_metadata_visible,uncued_010,active_verification,clean,supported,supported,1.0,0.0,0.0,0.0,0.0,0.0,0.0,,uncued_010_d04,0
citation_graph_only,neutral_metadata_visible,uncued_010,active_verification,clean,supported,insufficient,0.0,0.0,0.0,0.0,0.0,0.0,0.0,,"uncued_010_d04,uncued_010_d03",0
claim_overlap_only,neutral_metadata_visible,uncued_010,active_verification,clean,supported,insufficient,0.0,0.0,0.0,0.0,0.0,0.0,0.0,,"uncued_010_d01,uncued_010_d03",0
cue_phrase_only,neutral_metadata_visible,uncued_010,active_verification,clean,supported,supported,1.0,0.0,0.0,0.0,0.0,0.0,0.0,,,0
random_valid_schema,neutral_metadata_visible,uncued_010,active_verification,clean,supported,insufficient,0.0,0.0,0.0,0.0,0.0,0.0,0.0,,uncued_010_d02,0
always_insufficient,neutral_metadata_visible,uncued_010,active_verification,clean,supported,insufficient,0.0,0.0,0.0,0.0,0.0,0.0,0.0,,,0
simple_heuristic,neutral_metadata_visible,uncued_010,active_verification,clean,supported,supported,1.0,1.0,1.0,0.0,0.0,1.0,1.0,uncued_010_d01,"uncued_010_d01,uncued_010_d03,uncued_010_d02",1
id_only,neutral_metadata_visible,uncued_011,active_verification,clean,refuted,supported,0.0,0.0,0.0,0.0,0.0,0.0,0.0,,uncued_011_d01,0
document_order_only,neutral_metadata_visible,uncued_011,active_verification,clean,refuted,supported,0.0,1.0,1.0,0.0,0.0,0.0,0.0,uncued_011_d03,uncued_011_d03,0
title_only,neutral_metadata_visible,uncued_011,active_verification,clean,refuted,insufficient,0.0,0.0,0.0,0.0,0.0,0.0,0.0,,uncued_011_d03,0
source_type_only,neutral_metadata_visible,uncued_011,active_verification,clean,refuted,supported,0.0,0.0,0.0,0.0,0.0,0.0,0.0,,uncued_011_d03,0
metadata_only,neutral_metadata_visible,uncued_011,active_verification,clean,refuted,supported,0.0,0.0,0.0,0.0,0.0,0.0,0.0,,uncued_011_d04,0
timestamp_only,neutral_metadata_visible,uncued_011,active_verification,clean,refuted,supported,0.0,0.0,0.0,0.0,0.0,0.0,0.0,,uncued_011_d02,0
citation_graph_only,neutral_metadata_visible,uncued_011,active_verification,clean,refuted,insufficient,0.0,0.0,0.0,0.0,0.0,0.0,0.0,,"uncued_011_d03,uncued_011_d04",0
claim_overlap_only,neutral_metadata_visible,uncued_011,active_verification,clean,refuted,insufficient,0.0,0.0,0.0,0.0,0.0,0.0,0.0,,"uncued_011_d03,uncued_011_d04",0
cue_phrase_only,neutral_metadata_visible,uncued_011,active_verification,clean,refuted,supported,0.0,0.0,0.0,0.0,0.0,0.0,0.0,,,0
random_valid_schema,neutral_metadata_visible,uncued_011,active_verification,clean,refuted,supported,0.0,0.0,0.0,0.0,0.0,0.0,0.0,,uncued_011_d02,0
always_insufficient,neutral_metadata_visible,uncued_011,active_verification,clean,refuted,insufficient,0.0,0.0,0.0,0.0,0.0,0.0,0.0,,,0
simple_heuristic,neutral_metadata_visible,uncued_011,active_verification,clean,refuted,supported,0.0,1.0,1.0,0.0,0.0,1.0,0.0,uncued_011_d03,"uncued_011_d03,uncued_011_d04,uncued_011_d01",1
id_only,neutral_metadata_visible,uncued_012,packet_judgment,conflicting_evidence,refuted,supported,0.0,0.0,0.0,0.0,0.0,0.0,0.0,,uncued_012_d01,0
document_order_only,neutral_metadata_visible,uncued_012,packet_judgment,conflicting_evidence,refuted,supported,0.0,0.0,0.0,1.0,0.0,0.0,0.0,uncued_012_d03,uncued_012_d03,0
title_only,neutral_metadata_visible,uncued_012,packet_judgment,conflicting_evidence,refuted,insufficient,0.0,0.0,0.0,0.0,0.0,0.0,0.0,,uncued_012_d03,0
source_type_only,neutral_metadata_visible,uncued_012,packet_judgment,conflicting_evidence,refuted,supported,0.0,0.0,0.0,0.0,0.0,0.0,0.0,,uncued_012_d03,0
metadata_only,neutral_metadata_visible,uncued_012,packet_judgment,conflicting_evidence,refuted,supported,0.0,0.0,0.0,0.0,0.0,0.0,0.0,,uncued_012_d04,0
timestamp_only,neutral_metadata_visible,uncued_012,packet_judgment,conflicting_evidence,refuted,supported,0.0,0.0,0.0,0.0,0.0,0.0,0.0,,uncued_012_d02,0
citation_graph_only,neutral_metadata_visible,uncued_012,packet_judgment,conflicting_evidence,refuted,insufficient,0.0,0.0,0.0,0.0,0.0,0.0,0.0,,"uncued_012_d01,uncued_012_d03",0
claim_overlap_only,neutral_metadata_visible,uncued_012,packet_judgment,conflicting_evidence,refuted,insufficient,0.0,0.0,0.0,0.0,0.0,0.0,0.0,,"uncued_012_d04,uncued_012_d03",0
cue_phrase_only,neutral_metadata_visible,uncued_012,packet_judgment,conflicting_evidence,refuted,supported,0.0,0.0,0.0,0.0,0.0,0.0,0.0,,,0
random_valid_schema,neutral_metadata_visible,uncued_012,packet_judgment,conflicting_evidence,refuted,refuted,1.0,0.0,0.0,0.0,0.0,0.0,0.0,,uncued_012_d04,0
always_insufficient,neutral_metadata_visible,uncued_012,packet_judgment,conflicting_evidence,refuted,insufficient,0.0,0.0,0.0,0.0,0.0,0.0,0.0,,,0
simple_heuristic,neutral_metadata_visible,uncued_012,packet_judgment,conflicting_evidence,refuted,supported,0.0,1.0,1.0,0.0,0.0,0.0,0.0,uncued_012_d04,"uncued_012_d04,uncued_012_d03,uncued_012_d01",1
id_only,neutral_metadata_visible,uncued_013,packet_judgment,conflicting_evidence,refuted,supported,0.0,0.0,0.0,0.0,0.0,0.0,0.0,,uncued_013_d01,0
document_order_only,neutral_metadata_visible,uncued_013,packet_judgment,conflicting_evidence,refuted,supported,0.0,0.0,0.0,0.0,0.0,0.0,0.0,uncued_013_d03,uncued_013_d03,0
title_only,neutral_metadata_visible,uncued_013,packet_judgment,conflicting_evidence,refuted,insufficient,0.0,0.0,0.0,0.0,0.0,0.0,0.0,,uncued_013_d03,0
source_type_only,neutral_metadata_visible,uncued_013,packet_judgment,conflicting_evidence,refuted,supported,0.0,0.0,0.0,0.0,0.0,0.0,0.0,,uncued_013_d03,0
metadata_only,neutral_metadata_visible,uncued_013,packet_judgment,conflicting_evidence,refuted,supported,0.0,0.0,0.0,0.0,0.0,0.0,0.0,,uncued_013_d04,0
timestamp_only,neutral_metadata_visible,uncued_013,packet_judgment,conflicting_evidence,refuted,supported,0.0,0.0,0.0,0.0,0.0,0.0,0.0,,uncued_013_d03,0
citation_graph_only,neutral_metadata_visible,uncued_013,packet_judgment,conflicting_evidence,refuted,insufficient,0.0,0.0,0.0,0.0,0.0,0.0,0.0,,"uncued_013_d02,uncued_013_d03",0
claim_overlap_only,neutral_metadata_visible,uncued_013,packet_judgment,conflicting_evidence,refuted,insufficient,0.0,0.0,0.0,0.0,0.0,0.0,0.0,,"uncued_013_d04,uncued_013_d01",0
cue_phrase_only,neutral_metadata_visible,uncued_013,packet_judgment,conflicting_evidence,refuted,supported,0.0,0.0,0.0,0.0,0.0,0.0,0.0,,,0
random_valid_schema,neutral_metadata_visible,uncued_013,packet_judgment,conflicting_evidence,refuted,insufficient,0.0,0.0,0.0,0.0,0.0,0.0,0.0,,uncued_013_d01,0
always_insufficient,neutral_metadata_visible,uncued_013,packet_judgment,conflicting_evidence,refuted,insufficient,0.0,0.0,0.0,0.0,0.0,0.0,0.0,,,0
simple_heuristic,neutral_metadata_visible,uncued_013,packet_judgment,conflicting_evidence,refuted,supported,0.0,1.0,1.0,0.0,0.0,0.0,0.0,uncued_013_d04,"uncued_013_d04,uncued_013_d01,uncued_013_d03",1
id_only,neutral_metadata_visible,uncued_014,packet_judgment,conflicting_evidence,refuted,supported,0.0,0.0,0.0,0.0,0.0,0.0,0.0,,uncued_014_d01,0
document_order_only,neutral_metadata_visible,uncued_014,packet_judgment,conflicting_evidence,refuted,supported,0.0,0.0,0.0,1.0,0.0,0.0,0.0,uncued_014_d01,uncued_014_d01,0
title_only,neutral_metadata_visible,uncued_014,packet_judgment,conflicting_evidence,refuted,insufficient,0.0,0.0,0.0,0.0,0.0,0.0,0.0,,uncued_014_d01,0
source_type_only,neutral_metadata_visible,uncued_014,packet_judgment,conflicting_evidence,refuted,supported,0.0,0.0,0.0,0.0,0.0,0.0,0.0,,uncued_014_d01,0
metadata_only,neutral_metadata_visible,uncued_014,packet_judgment,conflicting_evidence,refuted,supported,0.0,0.0,0.0,0.0,0.0,0.0,0.0,,uncued_014_d04,0
timestamp_only,neutral_metadata_visible,uncued_014,packet_judgment,conflicting_evidence,refuted,supported,0.0,0.0,0.0,0.0,0.0,0.0,0.0,,uncued_014_d02,0
citation_graph_only,neutral_metadata_visible,uncued_014,packet_judgment,conflicting_evidence,refuted,insufficient,0.0,0.0,0.0,0.0,0.0,0.0,0.0,,"uncued_014_d04,uncued_014_d01",0
claim_overlap_only,neutral_metadata_visible,uncued_014,packet_judgment,conflicting_evidence,refuted,insufficient,0.0,0.0,0.0,0.0,0.0,0.0,0.0,,"uncued_014_d03,uncued_014_d01",0
cue_phrase_only,neutral_metadata_visible,uncued_014,packet_judgment,conflicting_evidence,refuted,supported,0.0,0.0,0.0,0.0,0.0,0.0,0.0,,,0
random_valid_schema,neutral_metadata_visible,uncued_014,packet_judgment,conflicting_evidence,refuted,refuted,1.0,0.0,0.0,0.0,0.0,0.0,0.0,,uncued_014_d04,0
always_insufficient,neutral_metadata_visible,uncued_014,packet_judgment,conflicting_evidence,refuted,insufficient,0.0,0.0,0.0,0.0,0.0,0.0,0.0,,,0
simple_heuristic,neutral_metadata_visible,uncued_014,packet_judgment,conflicting_evidence,refuted,supported,0.0,1.0,1.0,0.0,0.0,0.0,0.0,uncued_014_d03,"uncued_014_d03,uncued_014_d01,uncued_014_d04",1
id_only,neutral_metadata_visible,uncued_015,packet_judgment,conflicting_evidence,refuted,supported,0.0,0.0,0.0,0.0,0.0,0.0,0.0,,uncued_015_d01,0
document_order_only,neutral_metadata_visible,uncued_015,packet_judgment,conflicting_evidence,refuted,supported,0.0,0.0,0.0,1.0,0.0,0.0,0.0,uncued_015_d01,uncued_015_d01,0
title_only,neutral_metadata_visible,uncued_015,packet_judgment,conflicting_evidence,refuted,insufficient,0.0,0.0,0.0,0.0,0.0,0.0,0.0,,uncued_015_d01,0
source_type_only,neutral_metadata_visible,uncued_015,packet_judgment,conflicting_evidence,refuted,supported,0.0,0.0,0.0,0.0,0.0,0.0,0.0,,uncued_015_d01,0
metadata_only,neutral_metadata_visible,uncued_015,packet_judgment,conflicting_evidence,refuted,supported,0.0,0.0,0.0,0.0,0.0,0.0,0.0,,uncued_015_d04,0
timestamp_only,neutral_metadata_visible,uncued_015,packet_judgment,conflicting_evidence,refuted,supported,0.0,0.0,0.0,0.0,0.0,0.0,0.0,,uncued_015_d02,0
citation_graph_only,neutral_metadata_visible,uncued_015,packet_judgment,conflicting_evidence,refuted,insufficient,0.0,0.0,0.0,0.0,0.0,0.0,0.0,,"uncued_015_d03,uncued_015_d01",0
claim_overlap_only,neutral_metadata_visible,uncued_015,packet_judgment,conflicting_evidence,refuted,insufficient,0.0,0.0,0.0,0.0,0.0,0.0,0.0,,"uncued_015_d04,uncued_015_d01",0
cue_phrase_only,neutral_metadata_visible,uncued_015,packet_judgment,conflicting_evidence,refuted,supported,0.0,0.0,0.0,0.0,0.0,0.0,0.0,,,0
random_valid_schema,neutral_metadata_visible,uncued_015,packet_judgment,conflicting_evidence,refuted,supported,0.0,0.0,0.0,0.0,0.0,0.0,0.0,,uncued_015_d02,0
always_insufficient,neutral_metadata_visible,uncued_015,packet_judgment,conflicting_evidence,refuted,insufficient,0.0,0.0,0.0,0.0,0.0,0.0,0.0,,,0
simple_heuristic,neutral_metadata_visible,uncued_015,packet_judgment,conflicting_evidence,refuted,supported,0.0,1.0,1.0,0.0,0.0,0.0,0.0,uncued_015_d04,"uncued_015_d04,uncued_015_d01,uncued_015_d03",1
id_only,neutral_metadata_visible,uncued_016,packet_judgment,conflicting_evidence,refuted,supported,0.0,0.0,0.0,0.0,0.0,0.0,0.0,,uncued_016_d01,0
document_order_only,neutral_metadata_visible,uncued_016,packet_judgment,conflicting_evidence,refuted,supported,0.0,0.0,0.0,0.0,0.0,0.0,0.0,uncued_016_d01,uncued_016_d01,0
title_only,neutral_metadata_visible,uncued_016,packet_judgment,conflicting_evidence,refuted,insufficient,0.0,0.0,0.0,0.0,0.0,0.0,0.0,,uncued_016_d01,0
source_type_only,neutral_metadata_visible,uncued_016,packet_judgment,conflicting_evidence,refuted,supported,0.0,0.0,0.0,0.0,0.0,0.0,0.0,,uncued_016_d01,0
metadata_only,neutral_metadata_visible,uncued_016,packet_judgment,conflicting_evidence,refuted,supported,0.0,0.0,0.0,0.0,0.0,0.0,0.0,,uncued_016_d04,0
timestamp_only,neutral_metadata_visible,uncued_016,packet_judgment,conflicting_evidence,refuted,supported,0.0,0.0,0.0,0.0,0.0,0.0,0.0,,uncued_016_d01,0
citation_graph_only,neutral_metadata_visible,uncued_016,packet_judgment,conflicting_evidence,refuted,insufficient,0.0,0.0,0.0,0.0,0.0,0.0,0.0,,"uncued_016_d02,uncued_016_d01",0
claim_overlap_only,neutral_metadata_visible,uncued_016,packet_judgment,conflicting_evidence,refuted,insufficient,0.0,0.0,0.0,0.0,0.0,0.0,0.0,,"uncued_016_d03,uncued_016_d04",0
cue_phrase_only,neutral_metadata_visible,uncued_016,packet_judgment,conflicting_evidence,refuted,supported,0.0,0.0,0.0,0.0,0.0,0.0,0.0,,,0
random_valid_schema,neutral_metadata_visible,uncued_016,packet_judgment,conflicting_evidence,refuted,insufficient,0.0,0.0,0.0,0.0,0.0,0.0,0.0,,uncued_016_d03,0
always_insufficient,neutral_metadata_visible,uncued_016,packet_judgment,conflicting_evidence,refuted,insufficient,0.0,0.0,0.0,0.0,0.0,0.0,0.0,,,0
simple_heuristic,neutral_metadata_visible,uncued_016,packet_judgment,conflicting_evidence,refuted,supported,0.0,1.0,1.0,0.0,0.0,0.0,0.0,uncued_016_d03,"uncued_016_d03,uncued_016_d04,uncued_016_d01",1
id_only,neutral_metadata_visible,uncued_017,evidence_selection,conflicting_evidence,refuted,supported,0.0,0.0,0.0,0.0,0.0,0.0,0.0,,uncued_017_d01,0
document_order_only,neutral_metadata_visible,uncued_017,evidence_selection,conflicting_evidence,refuted,supported,0.0,0.0,0.0,0.0,0.0,0.0,0.0,uncued_017_d02,uncued_017_d02,0
title_only,neutral_metadata_visible,uncued_017,evidence_selection,conflicting_evidence,refuted,insufficient,0.0,0.0,0.0,0.0,0.0,0.0,0.0,,uncued_017_d02,0
source_type_only,neutral_metadata_visible,uncued_017,evidence_selection,conflicting_evidence,refuted,supported,0.0,0.0,0.0,0.0,0.0,0.0,0.0,,uncued_017_d02,0
metadata_only,neutral_metadata_visible,uncued_017,evidence_selection,conflicting_evidence,refuted,supported,0.0,0.0,0.0,0.0,0.0,0.0,0.0,,uncued_017_d04,0
timestamp_only,neutral_metadata_visible,uncued_017,evidence_selection,conflicting_evidence,refuted,supported,0.0,0.0,0.0,0.0,0.0,0.0,0.0,,uncued_017_d02,0
citation_graph_only,neutral_metadata_visible,uncued_017,evidence_selection,conflicting_evidence,refuted,insufficient,0.0,0.0,0.0,0.0,0.0,0.0,0.0,,"uncued_017_d01,uncued_017_d02",0
claim_overlap_only,neutral_metadata_visible,uncued_017,evidence_selection,conflicting_evidence,refuted,insufficient,0.0,0.0,0.0,0.0,0.0,0.0,0.0,,"uncued_017_d04,uncued_017_d03",0
cue_phrase_only,neutral_metadata_visible,uncued_017,evidence_selection,conflicting_evidence,refuted,supported,0.0,0.0,0.0,0.0,0.0,0.0,0.0,,,0
random_valid_schema,neutral_metadata_visible,uncued_017,evidence_selection,conflicting_evidence,refuted,refuted,1.0,0.0,0.0,0.0,0.0,0.0,0.0,,uncued_017_d03,0
always_insufficient,neutral_metadata_visible,uncued_017,evidence_selection,conflicting_evidence,refuted,insufficient,0.0,0.0,0.0,0.0,0.0,0.0,0.0,,,0
simple_heuristic,neutral_metadata_visible,uncued_017,evidence_selection,conflicting_evidence,refuted,supported,0.0,1.0,1.0,0.0,0.0,0.0,0.0,uncued_017_d04,"uncued_017_d04,uncued_017_d03,uncued_017_d02",1
id_only,neutral_metadata_visible,uncued_018,evidence_selection,conflicting_evidence,refuted,supported,0.0,0.0,0.0,0.0,0.0,0.0,0.0,,uncued_018_d01,0
document_order_only,neutral_metadata_visible,uncued_018,evidence_selection,conflicting_evidence,refuted,supported,0.0,0.0,0.0,1.0,0.0,0.0,0.0,uncued_018_d01,uncued_018_d01,0
title_only,neutral_metadata_visible,uncued_018,evidence_selection,conflicting_evidence,refuted,insufficient,0.0,0.0,0.0,0.0,0.0,0.0,0.0,,uncued_018_d01,0
source_type_only,neutral_metadata_visible,uncued_018,evidence_selection,conflicting_evidence,refuted,supported,0.0,0.0,0.0,0.0,0.0,0.0,0.0,,uncued_018_d01,0
metadata_only,neutral_metadata_visible,uncued_018,evidence_selection,conflicting_evidence,refuted,supported,0.0,0.0,0.0,0.0,0.0,0.0,0.0,,uncued_018_d04,0
timestamp_only,neutral_metadata_visible,uncued_018,evidence_selection,conflicting_evidence,refuted,supported,0.0,0.0,0.0,0.0,0.0,0.0,0.0,,uncued_018_d03,0
citation_graph_only,neutral_metadata_visible,uncued_018,evidence_selection,conflicting_evidence,refuted,insufficient,0.0,0.0,0.0,0.0,0.0,0.0,0.0,,"uncued_018_d02,uncued_018_d01",0
claim_overlap_only,neutral_metadata_visible,uncued_018,evidence_selection,conflicting_evidence,refuted,insufficient,0.0,0.0,0.0,0.0,0.0,0.0,0.0,,"uncued_018_d04,uncued_018_d01",0
cue_phrase_only,neutral_metadata_visible,uncued_018,evidence_selection,conflicting_evidence,refuted,supported,0.0,0.0,0.0,0.0,0.0,0.0,0.0,,,0
random_valid_schema,neutral_metadata_visible,uncued_018,evidence_selection,conflicting_evidence,refuted,supported,0.0,0.0,0.0,0.0,0.0,0.0,0.0,,uncued_018_d03,0
always_insufficient,neutral_metadata_visible,uncued_018,evidence_selection,conflicting_evidence,refuted,insufficient,0.0,0.0,0.0,0.0,0.0,0.0,0.0,,,0
simple_heuristic,neutral_metadata_visible,uncued_018,evidence_selection,conflicting_evidence,refuted,supported,0.0,1.0,1.0,0.0,0.0,0.0,0.0,uncued_018_d04,"uncued_018_d04,uncued_018_d01,uncued_018_d03",1
id_only,neutral_metadata_visible,uncued_019,evidence_selection,conflicting_evidence,refuted,supported,0.0,0.0,0.0,0.0,0.0,0.0,0.0,,uncued_019_d01,0
document_order_only,neutral_metadata_visible,uncued_019,evidence_selection,conflicting_evidence,refuted,supported,0.0,0.0,0.0,1.0,0.0,0.0,0.0,uncued_019_d01,uncued_019_d01,0
title_only,neutral_metadata_visible,uncued_019,evidence_selection,conflicting_evidence,refuted,insufficient,0.0,0.0,0.0,0.0,0.0,0.0,0.0,,uncued_019_d01,0
source_type_only,neutral_metadata_visible,uncued_019,evidence_selection,conflicting_evidence,refuted,supported,0.0,0.0,0.0,0.0,0.0,0.0,0.0,,uncued_019_d01,0
metadata_only,neutral_metadata_visible,uncued_019,evidence_selection,conflicting_evidence,refuted,supported,0.0,0.0,0.0,0.0,0.0,0.0,0.0,,uncued_019_d04,0
timestamp_only,neutral_metadata_visible,uncued_019,evidence_selection,conflicting_evidence,refuted,supported,0.0,0.0,0.0,0.0,0.0,0.0,0.0,,uncued_019_d03,0
citation_graph_only,neutral_metadata_visible,uncued_019,evidence_selection,conflicting_evidence,refuted,insufficient,0.0,0.0,0.0,0.0,0.0,0.0,0.0,,"uncued_019_d02,uncued_019_d01",0
claim_overlap_only,neutral_metadata_visible,uncued_019,evidence_selection,conflicting_evidence,refuted,insufficient,0.0,0.0,0.0,0.0,0.0,0.0,0.0,,"uncued_019_d04,uncued_019_d01",0
cue_phrase_only,neutral_metadata_visible,uncued_019,evidence_selection,conflicting_evidence,refuted,supported,0.0,0.0,0.0,0.0,0.0,0.0,0.0,,,0
random_valid_schema,neutral_metadata_visible,uncued_019,evidence_selection,conflicting_evidence,refuted,refuted,1.0,0.0,0.0,0.0,0.0,0.0,0.0,,uncued_019_d02,0
always_insufficient,neutral_metadata_visible,uncued_019,evidence_selection,conflicting_evidence,refuted,insufficient,0.0,0.0,0.0,0.0,0.0,0.0,0.0,,,0
simple_heuristic,neutral_metadata_visible,uncued_019,evidence_selection,conflicting_evidence,refuted,supported,0.0,1.0,1.0,0.0,0.0,0.0,0.0,uncued_019_d04,"uncued_019_d04,uncued_019_d01,uncued_019_d03",1
id_only,neutral_metadata_visible,uncued_020,evidence_selection,conflicting_evidence,refuted,supported,0.0,0.0,0.0,0.0,0.0,0.0,0.0,,uncued_020_d01,0
document_order_only,neutral_metadata_visible,uncued_020,evidence_selection,conflicting_evidence,refuted,supported,0.0,0.0,0.0,0.0,0.0,0.0,0.0,uncued_020_d02,uncued_020_d02,0
title_only,neutral_metadata_visible,uncued_020,evidence_selection,conflicting_evidence,refuted,insufficient,0.0,0.0,0.0,0.0,0.0,0.0,0.0,,uncued_020_d02,0
source_type_only,neutral_metadata_visible,uncued_020,evidence_selection,conflicting_evidence,refuted,supported,0.0,0.0,0.0,0.0,0.0,0.0,0.0,,uncued_020_d02,0
metadata_only,neutral_metadata_visible,uncued_020,evidence_selection,conflicting_evidence,refuted,supported,0.0,0.0,0.0,0.0,0.0,0.0,0.0,,uncued_020_d04,0
timestamp_only,neutral_metadata_visible,uncued_020,evidence_selection,conflicting_evidence,refuted,supported,0.0,0.0,0.0,0.0,0.0,0.0,0.0,,uncued_020_d04,0
citation_graph_only,neutral_metadata_visible,uncued_020,evidence_selection,conflicting_evidence,refuted,insufficient,0.0,0.0,0.0,0.0,0.0,0.0,0.0,,"uncued_020_d02,uncued_020_d03",0
claim_overlap_only,neutral_metadata_visible,uncued_020,evidence_selection,conflicting_evidence,refuted,insufficient,0.0,0.0,0.0,0.0,0.0,0.0,0.0,,"uncued_020_d01,uncued_020_d03",0
cue_phrase_only,neutral_metadata_visible,uncued_020,evidence_selection,conflicting_evidence,refuted,supported,0.0,0.0,0.0,0.0,0.0,0.0,0.0,,,0
random_valid_schema,neutral_metadata_visible,uncued_020,evidence_selection,conflicting_evidence,refuted,supported,0.0,0.0,0.0,0.0,0.0,0.0,0.0,,uncued_020_d03,0
always_insufficient,neutral_metadata_visible,uncued_020,evidence_selection,conflicting_evidence,refuted,insufficient,0.0,0.0,0.0,0.0,0.0,0.0,0.0,,,0
simple_heuristic,neutral_metadata_visible,uncued_020,evidence_selection,conflicting_evidence,refuted,supported,0.0,1.0,1.0,0.0,0.0,0.0,0.0,uncued_020_d01,"uncued_020_d01,uncued_020_d03,uncued_020_d02",1
id_only,neutral_metadata_visible,uncued_021,evidence_selection,conflicting_evidence,refuted,supported,0.0,0.0,0.0,0.0,0.0,0.0,0.0,,uncued_021_d01,0
document_order_only,neutral_metadata_visible,uncued_021,evidence_selection,conflicting_evidence,refuted,supported,0.0,0.0,0.0,0.0,0.0,0.0,0.0,uncued_021_d03,uncued_021_d03,0
title_only,neutral_metadata_visible,uncued_021,evidence_selection,conflicting_evidence,refuted,insufficient,0.0,0.0,0.0,0.0,0.0,0.0,0.0,,uncued_021_d03,0
source_type_only,neutral_metadata_visible,uncued_021,evidence_selection,conflicting_evidence,refuted,supported,0.0,0.0,0.0,0.0,0.0,0.0,0.0,,uncued_021_d03,0
metadata_only,neutral_metadata_visible,uncued_021,evidence_selection,conflicting_evidence,refuted,supported,0.0,0.0,0.0,0.0,0.0,0.0,0.0,,uncued_021_d04,0
timestamp_only,neutral_metadata_visible,uncued_021,evidence_selection,conflicting_evidence,refuted,supported,0.0,0.0,0.0,0.0,0.0,0.0,0.0,,uncued_021_d02,0
citation_graph_only,neutral_metadata_visible,uncued_021,evidence_selection,conflicting_evidence,refuted,insufficient,0.0,0.0,0.0,0.0,0.0,0.0,0.0,,"uncued_021_d03,uncued_021_d02",0
claim_overlap_only,neutral_metadata_visible,uncued_021,evidence_selection,conflicting_evidence,refuted,insufficient,0.0,0.0,0.0,0.0,0.0,0.0,0.0,,"uncued_021_d04,uncued_021_d01",0
cue_phrase_only,neutral_metadata_visible,uncued_021,evidence_selection,conflicting_evidence,refuted,supported,0.0,0.0,0.0,0.0,0.0,0.0,0.0,,,0
random_valid_schema,neutral_metadata_visible,uncued_021,evidence_selection,conflicting_evidence,refuted,insufficient,0.0,0.0,0.0,0.0,0.0,0.0,0.0,,uncued_021_d04,0
always_insufficient,neutral_metadata_visible,uncued_021,evidence_selection,conflicting_evidence,refuted,insufficient,0.0,0.0,0.0,0.0,0.0,0.0,0.0,,,0
simple_heuristic,neutral_metadata_visible,uncued_021,evidence_selection,conflicting_evidence,refuted,supported,0.0,1.0,1.0,0.0,0.0,0.0,0.0,uncued_021_d04,"uncued_021_d04,uncued_021_d01,uncued_021_d03",1
id_only,neutral_metadata_visible,uncued_022,active_verification,conflicting_evidence,refuted,supported,0.0,0.0,0.0,0.0,0.0,0.0,0.0,,uncued_022_d01,0
document_order_only,neutral_metadata_visible,uncued_022,active_verification,conflicting_evidence,refuted,supported,0.0,0.0,0.0,0.0,0.0,0.0,0.0,uncued_022_d01,uncued_022_d01,0
title_only,neutral_metadata_visible,uncued_022,active_verification,conflicting_evidence,refuted,insufficient,0.0,0.0,0.0,0.0,0.0,0.0,0.0,,uncued_022_d01,0
source_type_only,neutral_metadata_visible,uncued_022,active_verification,conflicting_evidence,refuted,supported,0.0,0.0,0.0,0.0,0.0,0.0,0.0,,uncued_022_d01,0
metadata_only,neutral_metadata_visible,uncued_022,active_verification,conflicting_evidence,refuted,supported,0.0,0.0,0.0,0.0,0.0,0.0,0.0,,uncued_022_d04,0
timestamp_only,neutral_metadata_visible,uncued_022,active_verification,conflicting_evidence,refuted,supported,0.0,0.0,0.0,0.0,0.0,0.0,0.0,,uncued_022_d01,0
citation_graph_only,neutral_metadata_visible,uncued_022,active_verification,conflicting_evidence,refuted,insufficient,0.0,0.0,0.0,0.0,0.0,0.0,0.0,,"uncued_022_d02,uncued_022_d01",0
claim_overlap_only,neutral_metadata_visible,uncued_022,active_verification,conflicting_evidence,refuted,insufficient,0.0,0.0,0.0,0.0,0.0,0.0,0.0,,"uncued_022_d04,uncued_022_d03",0
cue_phrase_only,neutral_metadata_visible,uncued_022,active_verification,conflicting_evidence,refuted,supported,0.0,0.0,0.0,0.0,0.0,0.0,0.0,,,0
random_valid_schema,neutral_metadata_visible,uncued_022,active_verification,conflicting_evidence,refuted,supported,0.0,0.0,0.0,0.0,0.0,0.0,0.0,,uncued_022_d02,0
always_insufficient,neutral_metadata_visible,uncued_022,active_verification,conflicting_evidence,refuted,insufficient,0.0,0.0,0.0,0.0,0.0,0.0,0.0,,,0
simple_heuristic,neutral_metadata_visible,uncued_022,active_verification,conflicting_evidence,refuted,supported,0.0,1.0,1.0,0.0,0.0,0.5,0.0,uncued_022_d04,"uncued_022_d04,uncued_022_d03,uncued_022_d01",1
id_only,neutral_metadata_visible,uncued_023,active_verification,conflicting_evidence,refuted,supported,0.0,0.0,0.0,0.0,0.0,0.0,0.0,,uncued_023_d01,0
document_order_only,neutral_metadata_visible,uncued_023,active_verification,conflicting_evidence,refuted,supported,0.0,0.0,0.0,0.0,0.0,0.0,0.0,uncued_023_d03,uncued_023_d03,0
title_only,neutral_metadata_visible,uncued_023,active_verification,conflicting_evidence,refuted,insufficient,0.0,0.0,0.0,0.0,0.0,0.0,0.0,,uncued_023_d03,0
source_type_only,neutral_metadata_visible,uncued_023,active_verification,conflicting_evidence,refuted,supported,0.0,0.0,0.0,0.0,0.0,0.0,0.0,,uncued_023_d03,0
metadata_only,neutral_metadata_visible,uncued_023,active_verification,conflicting_evidence,refuted,supported,0.0,0.0,0.0,0.0,0.0,0.0,0.0,,uncued_023_d04,0
timestamp_only,neutral_metadata_visible,uncued_023,active_verification,conflicting_evidence,refuted,supported,0.0,0.0,0.0,0.0,0.0,0.0,0.0,,uncued_023_d03,0
citation_graph_only,neutral_metadata_visible,uncued_023,active_verification,conflicting_evidence,refuted,insufficient,0.0,0.0,0.0,0.0,0.0,0.0,0.0,,"uncued_023_d04,uncued_023_d03",0
claim_overlap_only,neutral_metadata_visible,uncued_023,active_verification,conflicting_evidence,refuted,insufficient,0.0,0.0,0.0,0.0,0.0,0.0,0.0,,"uncued_023_d02,uncued_023_d01",0
cue_phrase_only,neutral_metadata_visible,uncued_023,active_verification,conflicting_evidence,refuted,supported,0.0,0.0,0.0,0.0,0.0,0.0,0.0,,,0
random_valid_schema,neutral_metadata_visible,uncued_023,active_verification,conflicting_evidence,refuted,insufficient,0.0,0.0,0.0,0.0,0.0,0.0,0.0,,uncued_023_d01,0
always_insufficient,neutral_metadata_visible,uncued_023,active_verification,conflicting_evidence,refuted,insufficient,0.0,0.0,0.0,0.0,0.0,0.0,0.0,,,0
simple_heuristic,neutral_metadata_visible,uncued_023,active_verification,conflicting_evidence,refuted,supported,0.0,1.0,1.0,0.0,0.0,0.5,0.0,uncued_023_d02,"uncued_023_d02,uncued_023_d01,uncued_023_d03",1
id_only,neutral_metadata_visible,uncued_024,packet_judgment,false_consensus,refuted,supported,0.0,0.0,0.0,0.0,0.0,0.0,0.0,,uncued_024_d01,0
document_order_only,neutral_metadata_visible,uncued_024,packet_judgment,false_consensus,refuted,supported,0.0,0.0,0.0,1.0,0.0,0.0,0.0,uncued_024_d01,uncued_024_d01,0
title_only,neutral_metadata_visible,uncued_024,packet_judgment,false_consensus,refuted,insufficient,0.0,0.0,0.0,0.0,0.0,0.0,0.0,,uncued_024_d01,0
source_type_only,neutral_metadata_visible,uncued_024,packet_judgment,false_consensus,refuted,supported,0.0,0.0,0.0,0.0,0.0,0.0,0.0,,uncued_024_d01,0
metadata_only,neutral_metadata_visible,uncued_024,packet_judgment,false_consensus,refuted,supported,0.0,0.0,0.0,0.0,0.0,0.0,0.0,,uncued_024_d04,0
timestamp_only,neutral_metadata_visible,uncued_024,packet_judgment,false_consensus,refuted,supported,0.0,0.0,0.0,0.0,0.0,0.0,0.0,,uncued_024_d03,0
citation_graph_only,neutral_metadata_visible,uncued_024,packet_judgment,false_consensus,refuted,insufficient,0.0,0.0,0.0,0.0,0.0,0.0,0.0,,"uncued_024_d01,uncued_024_d04",0
claim_overlap_only,neutral_metadata_visible,uncued_024,packet_judgment,false_consensus,refuted,insufficient,0.0,0.0,0.0,0.0,0.0,0.0,0.0,,"uncued_024_d01,uncued_024_d02",0
cue_phrase_only,neutral_metadata_visible,uncued_024,packet_judgment,false_consensus,refuted,supported,0.0,0.0,0.0,0.0,0.0,0.0,0.0,,,0
random_valid_schema,neutral_metadata_visible,uncued_024,packet_judgment,false_consensus,refuted,insufficient,0.0,0.0,0.0,0.0,0.0,0.0,0.0,,uncued_024_d02,0
always_insufficient,neutral_metadata_visible,uncued_024,packet_judgment,false_consensus,refuted,insufficient,0.0,0.0,0.0,0.0,0.0,0.0,0.0,,,0
simple_heuristic,neutral_metadata_visible,uncued_024,packet_judgment,false_consensus,refuted,supported,0.0,0.0,0.0,1.0,0.0,0.0,0.0,uncued_024_d01,"uncued_024_d01,uncued_024_d02,uncued_024_d04",1
id_only,neutral_metadata_visible,uncued_025,packet_judgment,false_consensus,refuted,supported,0.0,0.0,0.0,0.0,0.0,0.0,0.0,,uncued_025_d01,0
document_order_only,neutral_metadata_visible,uncued_025,packet_judgment,false_consensus,refuted,supported,0.0,0.0,0.0,1.0,0.0,0.0,0.0,uncued_025_d03,uncued_025_d03,0
title_only,neutral_metadata_visible,uncued_025,packet_judgment,false_consensus,refuted,insufficient,0.0,0.0,0.0,0.0,0.0,0.0,0.0,,uncued_025_d03,0
source_type_only,neutral_metadata_visible,uncued_025,packet_judgment,false_consensus,refuted,supported,0.0,0.0,0.0,0.0,0.0,0.0,0.0,,uncued_025_d03,0
metadata_only,neutral_metadata_visible,uncued_025,packet_judgment,false_consensus,refuted,supported,0.0,0.0,0.0,0.0,0.0,0.0,0.0,,uncued_025_d04,0
timestamp_only,neutral_metadata_visible,uncued_025,packet_judgment,false_consensus,refuted,supported,0.0,0.0,0.0,0.0,0.0,0.0,0.0,,uncued_025_d04,0
citation_graph_only,neutral_metadata_visible,uncued_025,packet_judgment,false_consensus,refuted,insufficient,0.0,0.0,0.0,0.0,0.0,0.0,0.0,,"uncued_025_d03,uncued_025_d02",0
claim_overlap_only,neutral_metadata_visible,uncued_025,packet_judgment,false_consensus,refuted,insufficient,0.0,0.0,0.0,0.0,0.0,0.0,0.0,,"uncued_025_d03,uncued_025_d01",0
cue_phrase_only,neutral_metadata_visible,uncued_025,packet_judgment,false_consensus,refuted,supported,0.0,0.0,0.0,0.0,0.0,0.0,0.0,,,0
random_valid_schema,neutral_metadata_visible,uncued_025,packet_judgment,false_consensus,refuted,supported,0.0,0.0,0.0,0.0,0.0,0.0,0.0,,uncued_025_d04,0
always_insufficient,neutral_metadata_visible,uncued_025,packet_judgment,false_consensus,refuted,insufficient,0.0,0.0,0.0,0.0,0.0,0.0,0.0,,,0
simple_heuristic,neutral_metadata_visible,uncued_025,packet_judgment,false_consensus,refuted,supported,0.0,0.0,0.0,1.0,0.0,0.0,0.0,uncued_025_d03,"uncued_025_d03,uncued_025_d01,uncued_025_d02",1
id_only,neutral_metadata_visible,uncued_026,packet_judgment,false_consensus,refuted,supported,0.0,0.0,0.0,0.0,0.0,0.0,0.0,,uncued_026_d01,0
document_order_only,neutral_metadata_visible,uncued_026,packet_judgment,false_consensus,refuted,supported,0.0,1.0,1.0,0.0,0.0,0.0,0.0,uncued_026_d02,uncued_026_d02,0
title_only,neutral_metadata_visible,uncued_026,packet_judgment,false_consensus,refuted,insufficient,0.0,0.0,0.0,0.0,0.0,0.0,0.0,,uncued_026_d02,0
source_type_only,neutral_metadata_visible,uncued_026,packet_judgment,false_consensus,refuted,supported,0.0,0.0,0.0,0.0,0.0,0.0,0.0,,uncued_026_d02,0
metadata_only,neutral_metadata_visible,uncued_026,packet_judgment,false_consensus,refuted,supported,0.0,0.0,0.0,0.0,0.0,0.0,0.0,,uncued_026_d04,0
timestamp_only,neutral_metadata_visible,uncued_026,packet_judgment,false_consensus,refuted,supported,0.0,0.0,0.0,0.0,0.0,0.0,0.0,,uncued_026_d01,0
citation_graph_only,neutral_metadata_visible,uncued_026,packet_judgment,false_consensus,refuted,insufficient,0.0,0.0,0.0,0.0,0.0,0.0,0.0,,"uncued_026_d03,uncued_026_d04",0
claim_overlap_only,neutral_metadata_visible,uncued_026,packet_judgment,false_consensus,refuted,insufficient,0.0,0.0,0.0,0.0,0.0,0.0,0.0,,"uncued_026_d02,uncued_026_d03",0
cue_phrase_only,neutral_metadata_visible,uncued_026,packet_judgment,false_consensus,refuted,supported,0.0,0.0,0.0,0.0,0.0,0.0,0.0,,,0
random_valid_schema,neutral_metadata_visible,uncued_026,packet_judgment,false_consensus,refuted,refuted,1.0,0.0,0.0,0.0,0.0,0.0,0.0,,uncued_026_d03,0
always_insufficient,neutral_metadata_visible,uncued_026,packet_judgment,false_consensus,refuted,insufficient,0.0,0.0,0.0,0.0,0.0,0.0,0.0,,,0
simple_heuristic,neutral_metadata_visible,uncued_026,packet_judgment,false_consensus,refuted,supported,0.0,1.0,1.0,0.0,0.0,0.0,0.0,uncued_026_d02,"uncued_026_d02,uncued_026_d03,uncued_026_d04",1
id_only,neutral_metadata_visible,uncued_027,packet_judgment,false_consensus,refuted,supported,0.0,0.0,0.0,0.0,0.0,0.0,0.0,,uncued_027_d01,0
document_order_only,neutral_metadata_visible,uncued_027,packet_judgment,false_consensus,refuted,supported,0.0,1.0,1.0,0.0,0.0,0.0,0.0,uncued_027_d04,uncued_027_d04,0
title_only,neutral_metadata_visible,uncued_027,packet_judgment,false_consensus,refuted,insufficient,0.0,0.0,0.0,0.0,0.0,0.0,0.0,,uncued_027_d04,0
source_type_only,neutral_metadata_visible,uncued_027,packet_judgment,false_consensus,refuted,supported,0.0,0.0,0.0,0.0,0.0,0.0,0.0,,uncued_027_d04,0
metadata_only,neutral_metadata_visible,uncued_027,packet_judgment,false_consensus,refuted,supported,0.0,0.0,0.0,0.0,0.0,0.0,0.0,,uncued_027_d04,0
timestamp_only,neutral_metadata_visible,uncued_027,packet_judgment,false_consensus,refuted,supported,0.0,0.0,0.0,0.0,0.0,0.0,0.0,,uncued_027_d03,0
citation_graph_only,neutral_metadata_visible,uncued_027,packet_judgment,false_consensus,refuted,insufficient,0.0,0.0,0.0,0.0,0.0,0.0,0.0,,"uncued_027_d02,uncued_027_d01",0
claim_overlap_only,neutral_metadata_visible,uncued_027,packet_judgment,false_consensus,refuted,insufficient,0.0,0.0,0.0,0.0,0.0,0.0,0.0,,"uncued_027_d04,uncued_027_d01",0
cue_phrase_only,neutral_metadata_visible,uncued_027,packet_judgment,false_consensus,refuted,supported,0.0,0.0,0.0,0.0,0.0,0.0,0.0,,,0
random_valid_schema,neutral_metadata_visible,uncued_027,packet_judgment,false_consensus,refuted,refuted,1.0,0.0,0.0,0.0,0.0,0.0,0.0,,uncued_027_d03,0
always_insufficient,neutral_metadata_visible,uncued_027,packet_judgment,false_consensus,refuted,insufficient,0.0,0.0,0.0,0.0,0.0,0.0,0.0,,,0
simple_heuristic,neutral_metadata_visible,uncued_027,packet_judgment,false_consensus,refuted,supported,0.0,1.0,1.0,0.0,0.0,0.0,0.0,uncued_027_d04,"uncued_027_d04,uncued_027_d01,uncued_027_d02",1
id_only,neutral_metadata_visible,uncued_028,packet_judgment,false_consensus,refuted,supported,0.0,0.0,0.0,0.0,0.0,0.0,0.0,,uncued_028_d01,0
document_order_only,neutral_metadata_visible,uncued_028,packet_judgment,false_consensus,refuted,supported,0.0,0.0,0.0,1.0,0.0,0.0,0.0,uncued_028_d03,uncued_028_d03,0
title_only,neutral_metadata_visible,uncued_028,packet_judgment,false_consensus,refuted,insufficient,0.0,0.0,0.0,0.0,0.0,0.0,0.0,,uncued_028_d03,0
source_type_only,neutral_metadata_visible,uncued_028,packet_judgment,false_consensus,refuted,supported,0.0,0.0,0.0,0.0,0.0,0.0,0.0,,uncued_028_d03,0
metadata_only,neutral_metadata_visible,uncued_028,packet_judgment,false_consensus,refuted,supported,0.0,0.0,0.0,0.0,0.0,0.0,0.0,,uncued_028_d04,0
timestamp_only,neutral_metadata_visible,uncued_028,packet_judgment,false_consensus,refuted,supported,0.0,0.0,0.0,0.0,0.0,0.0,0.0,,uncued_028_d04,0
citation_graph_only,neutral_metadata_visible,uncued_028,packet_judgment,false_consensus,refuted,insufficient,0.0,0.0,0.0,0.0,0.0,0.0,0.0,,"uncued_028_d03,uncued_028_d02",0
claim_overlap_only,neutral_metadata_visible,uncued_028,packet_judgment,false_consensus,refuted,insufficient,0.0,0.0,0.0,0.0,0.0,0.0,0.0,,"uncued_028_d01,uncued_028_d02",0
cue_phrase_only,neutral_metadata_visible,uncued_028,packet_judgment,false_consensus,refuted,supported,0.0,0.0,0.0,0.0,0.0,0.0,0.0,,,0
random_valid_schema,neutral_metadata_visible,uncued_028,packet_judgment,false_consensus,refuted,insufficient,0.0,0.0,0.0,0.0,0.0,0.0,0.0,,uncued_028_d01,0
always_insufficient,neutral_metadata_visible,uncued_028,packet_judgment,false_consensus,refuted,insufficient,0.0,0.0,0.0,0.0,0.0,0.0,0.0,,,0
simple_heuristic,neutral_metadata_visible,uncued_028,packet_judgment,false_consensus,refuted,supported,0.0,1.0,1.0,0.0,0.0,0.0,0.0,uncued_028_d01,"uncued_028_d01,uncued_028_d02,uncued_028_d03",1
id_only,neutral_metadata_visible,uncued_029,evidence_selection,false_consensus,refuted,supported,0.0,0.0,0.0,0.0,0.0,0.0,0.0,,uncued_029_d01,0
document_order_only,neutral_metadata_visible,uncued_029,evidence_selection,false_consensus,refuted,supported,0.0,0.0,0.0,1.0,0.0,0.0,0.0,uncued_029_d02,uncued_029_d02,0
title_only,neutral_metadata_visible,uncued_029,evidence_selection,false_consensus,refuted,insufficient,0.0,0.0,0.0,0.0,0.0,0.0,0.0,,uncued_029_d02,0
source_type_only,neutral_metadata_visible,uncued_029,evidence_selection,false_consensus,refuted,supported,0.0,0.0,0.0,0.0,0.0,0.0,0.0,,uncued_029_d02,0
metadata_only,neutral_metadata_visible,uncued_029,evidence_selection,false_consensus,refuted,supported,0.0,0.0,0.0,0.0,0.0,0.0,0.0,,uncued_029_d04,0
timestamp_only,neutral_metadata_visible,uncued_029,evidence_selection,false_consensus,refuted,supported,0.0,0.0,0.0,0.0,0.0,0.0,0.0,,uncued_029_d03,0
citation_graph_only,neutral_metadata_visible,uncued_029,evidence_selection,false_consensus,refuted,insufficient,0.0,0.0,0.0,0.0,0.0,0.0,0.0,,"uncued_029_d02,uncued_029_d01",0
claim_overlap_only,neutral_metadata_visible,uncued_029,evidence_selection,false_consensus,refuted,insufficient,0.0,0.0,0.0,0.0,0.0,0.0,0.0,,"uncued_029_d02,uncued_029_d04",0
cue_phrase_only,neutral_metadata_visible,uncued_029,evidence_selection,false_consensus,refuted,supported,0.0,0.0,0.0,0.0,0.0,0.0,0.0,,,0
random_valid_schema,neutral_metadata_visible,uncued_029,evidence_selection,false_consensus,refuted,refuted,1.0,0.0,0.0,0.0,0.0,0.0,0.0,,uncued_029_d01,0
always_insufficient,neutral_metadata_visible,uncued_029,evidence_selection,false_consensus,refuted,insufficient,0.0,0.0,0.0,0.0,0.0,0.0,0.0,,,0
simple_heuristic,neutral_metadata_visible,uncued_029,evidence_selection,false_consensus,refuted,supported,0.0,0.0,0.0,1.0,0.0,0.0,0.0,uncued_029_d02,"uncued_029_d02,uncued_029_d04,uncued_029_d01",1
id_only,neutral_metadata_visible,uncued_030,evidence_selection,false_consensus,refuted,supported,0.0,0.0,0.0,0.0,0.0,0.0,0.0,,uncued_030_d01,0
document_order_only,neutral_metadata_visible,uncued_030,evidence_selection,false_consensus,refuted,supported,0.0,0.0,0.0,0.0,0.0,0.0,0.0,uncued_030_d02,uncued_030_d02,0
title_only,neutral_metadata_visible,uncued_030,evidence_selection,false_consensus,refuted,insufficient,0.0,0.0,0.0,0.0,0.0,0.0,0.0,,uncued_030_d02,0
source_type_only,neutral_metadata_visible,uncued_030,evidence_selection,false_consensus,refuted,supported,0.0,0.0,0.0,0.0,0.0,0.0,0.0,,uncued_030_d02,0
metadata_only,neutral_metadata_visible,uncued_030,evidence_selection,false_consensus,refuted,supported,0.0,0.0,0.0,0.0,0.0,0.0,0.0,,uncued_030_d04,0
timestamp_only,neutral_metadata_visible,uncued_030,evidence_selection,false_consensus,refuted,supported,0.0,0.0,0.0,0.0,0.0,0.0,0.0,,uncued_030_d02,0
citation_graph_only,neutral_metadata_visible,uncued_030,evidence_selection,false_consensus,refuted,insufficient,0.0,0.0,0.0,0.0,0.0,0.0,0.0,,"uncued_030_d01,uncued_030_d04",0
claim_overlap_only,neutral_metadata_visible,uncued_030,evidence_selection,false_consensus,refuted,insufficient,0.0,0.0,0.0,0.0,0.0,0.0,0.0,,"uncued_030_d03,uncued_030_d04",0
cue_phrase_only,neutral_metadata_visible,uncued_030,evidence_selection,false_consensus,refuted,supported,0.0,0.0,0.0,0.0,0.0,0.0,0.0,,,0
random_valid_schema,neutral_metadata_visible,uncued_030,evidence_selection,false_consensus,refuted,supported,0.0,0.0,0.0,0.0,0.0,0.0,0.0,,uncued_030_d03,0
always_insufficient,neutral_metadata_visible,uncued_030,evidence_selection,false_consensus,refuted,insufficient,0.0,0.0,0.0,0.0,0.0,0.0,0.0,,,0
simple_heuristic,neutral_metadata_visible,uncued_030,evidence_selection,false_consensus,refuted,supported,0.0,1.0,1.0,0.0,0.0,0.0,0.0,uncued_030_d03,"uncued_030_d03,uncued_030_d04,uncued_030_d01",1
id_only,neutral_metadata_visible,uncued_031,evidence_selection,false_consensus,refuted,supported,0.0,0.0,0.0,0.0,0.0,0.0,0.0,,uncued_031_d01,0
document_order_only,neutral_metadata_visible,uncued_031,evidence_selection,false_consensus,refuted,supported,0.0,0.0,0.0,0.0,0.0,0.0,0.0,uncued_031_d01,uncued_031_d01,0
title_only,neutral_metadata_visible,uncued_031,evidence_selection,false_consensus,refuted,insufficient,0.0,0.0,0.0,0.0,0.0,0.0,0.0,,uncued_031_d01,0
source_type_only,neutral_metadata_visible,uncued_031,evidence_selection,false_consensus,refuted,supported,0.0,0.0,0.0,0.0,0.0,0.0,0.0,,uncued_031_d01,0
metadata_only,neutral_metadata_visible,uncued_031,evidence_selection,false_consensus,refuted,supported,0.0,0.0,0.0,0.0,0.0,0.0,0.0,,uncued_031_d04,0
timestamp_only,neutral_metadata_visible,uncued_031,evidence_selection,false_consensus,refuted,supported,0.0,0.0,0.0,0.0,0.0,0.0,0.0,,uncued_031_d01,0
citation_graph_only,neutral_metadata_visible,uncued_031,evidence_selection,false_consensus,refuted,insufficient,0.0,0.0,0.0,0.0,0.0,0.0,0.0,,"uncued_031_d03,uncued_031_d02",0
claim_overlap_only,neutral_metadata_visible,uncued_031,evidence_selection,false_consensus,refuted,insufficient,0.0,0.0,0.0,0.0,0.0,0.0,0.0,,"uncued_031_d04,uncued_031_d02",0
cue_phrase_only,neutral_metadata_visible,uncued_031,evidence_selection,false_consensus,refuted,supported,0.0,0.0,0.0,0.0,0.0,0.0,0.0,,,0
random_valid_schema,neutral_metadata_visible,uncued_031,evidence_selection,false_consensus,refuted,insufficient,0.0,0.0,0.0,0.0,0.0,0.0,0.0,,uncued_031_d01,0
always_insufficient,neutral_metadata_visible,uncued_031,evidence_selection,false_consensus,refuted,insufficient,0.0,0.0,0.0,0.0,0.0,0.0,0.0,,,0
simple_heuristic,neutral_metadata_visible,uncued_031,evidence_selection,false_consensus,refuted,supported,0.0,1.0,1.0,0.0,0.0,0.0,0.0,uncued_031_d04,"uncued_031_d04,uncued_031_d02,uncued_031_d03",1
id_only,neutral_metadata_visible,uncued_032,evidence_selection,false_consensus,refuted,supported,0.0,0.0,0.0,0.0,0.0,0.0,0.0,,uncued_032_d01,0
document_order_only,neutral_metadata_visible,uncued_032,evidence_selection,false_consensus,refuted,supported,0.0,0.0,0.0,0.0,0.0,0.0,0.0,uncued_032_d03,uncued_032_d03,0
title_only,neutral_metadata_visible,uncued_032,evidence_selection,false_consensus,refuted,insufficient,0.0,0.0,0.0,0.0,0.0,0.0,0.0,,uncued_032_d03,0
source_type_only,neutral_metadata_visible,uncued_032,evidence_selection,false_consensus,refuted,supported,0.0,0.0,0.0,0.0,0.0,0.0,0.0,,uncued_032_d03,0
metadata_only,neutral_metadata_visible,uncued_032,evidence_selection,false_consensus,refuted,supported,0.0,0.0,0.0,0.0,0.0,0.0,0.0,,uncued_032_d04,0
timestamp_only,neutral_metadata_visible,uncued_032,evidence_selection,false_consensus,refuted,supported,0.0,0.0,0.0,0.0,0.0,0.0,0.0,,uncued_032_d03,0
citation_graph_only,neutral_metadata_visible,uncued_032,evidence_selection,false_consensus,refuted,insufficient,0.0,0.0,0.0,0.0,0.0,0.0,0.0,,"uncued_032_d02,uncued_032_d04",0
claim_overlap_only,neutral_metadata_visible,uncued_032,evidence_selection,false_consensus,refuted,insufficient,0.0,0.0,0.0,0.0,0.0,0.0,0.0,,"uncued_032_d04,uncued_032_d01",0
cue_phrase_only,neutral_metadata_visible,uncued_032,evidence_selection,false_consensus,refuted,supported,0.0,0.0,0.0,0.0,0.0,0.0,0.0,,,0
random_valid_schema,neutral_metadata_visible,uncued_032,evidence_selection,false_consensus,refuted,supported,0.0,0.0,0.0,0.0,0.0,0.0,0.0,,uncued_032_d04,0
always_insufficient,neutral_metadata_visible,uncued_032,evidence_selection,false_consensus,refuted,insufficient,0.0,0.0,0.0,0.0,0.0,0.0,0.0,,,0
simple_heuristic,neutral_metadata_visible,uncued_032,evidence_selection,false_consensus,refuted,supported,0.0,0.0,0.0,1.0,0.0,0.0,0.0,uncued_032_d04,"uncued_032_d04,uncued_032_d01,uncued_032_d02",1
id_only,neutral_metadata_visible,uncued_033,evidence_selection,false_consensus,refuted,supported,0.0,0.0,0.0,0.0,0.0,0.0,0.0,,uncued_033_d01,0
document_order_only,neutral_metadata_visible,uncued_033,evidence_selection,false_consensus,refuted,supported,0.0,1.0,1.0,0.0,0.0,0.0,0.0,uncued_033_d01,uncued_033_d01,0
title_only,neutral_metadata_visible,uncued_033,evidence_selection,false_consensus,refuted,insufficient,0.0,0.0,0.0,0.0,0.0,0.0,0.0,,uncued_033_d01,0
source_type_only,neutral_metadata_visible,uncued_033,evidence_selection,false_consensus,refuted,supported,0.0,0.0,0.0,0.0,0.0,0.0,0.0,,uncued_033_d01,0
metadata_only,neutral_metadata_visible,uncued_033,evidence_selection,false_consensus,refuted,supported,0.0,0.0,0.0,0.0,0.0,0.0,0.0,,uncued_033_d04,0
timestamp_only,neutral_metadata_visible,uncued_033,evidence_selection,false_consensus,refuted,supported,0.0,0.0,0.0,0.0,0.0,0.0,0.0,,uncued_033_d03,0
citation_graph_only,neutral_metadata_visible,uncued_033,evidence_selection,false_consensus,refuted,insufficient,0.0,0.0,0.0,0.0,0.0,0.0,0.0,,"uncued_033_d02,uncued_033_d04",0
claim_overlap_only,neutral_metadata_visible,uncued_033,evidence_selection,false_consensus,refuted,insufficient,0.0,0.0,0.0,0.0,0.0,0.0,0.0,,"uncued_033_d01,uncued_033_d04",0
cue_phrase_only,neutral_metadata_visible,uncued_033,evidence_selection,false_consensus,refuted,supported,0.0,0.0,0.0,0.0,0.0,0.0,0.0,,,0
random_valid_schema,neutral_metadata_visible,uncued_033,evidence_selection,false_consensus,refuted,refuted,1.0,0.0,0.0,0.0,0.0,0.0,0.0,,uncued_033_d02,0
always_insufficient,neutral_metadata_visible,uncued_033,evidence_selection,false_consensus,refuted,insufficient,0.0,0.0,0.0,0.0,0.0,0.0,0.0,,,0
simple_heuristic,neutral_metadata_visible,uncued_033,evidence_selection,false_consensus,refuted,supported,0.0,1.0,1.0,0.0,0.0,0.0,0.0,uncued_033_d01,"uncued_033_d01,uncued_033_d04,uncued_033_d02",1
id_only,neutral_metadata_visible,uncued_034,active_verification,false_consensus,refuted,supported,0.0,0.0,0.0,0.0,0.0,0.0,0.0,,uncued_034_d01,0
document_order_only,neutral_metadata_visible,uncued_034,active_verification,false_consensus,refuted,supported,0.0,0.0,0.0,1.0,0.0,0.0,0.0,uncued_034_d02,uncued_034_d02,0
title_only,neutral_metadata_visible,uncued_034,active_verification,false_consensus,refuted,insufficient,0.0,0.0,0.0,0.0,0.0,0.0,0.0,,uncued_034_d02,0
source_type_only,neutral_metadata_visible,uncued_034,active_verification,false_consensus,refuted,supported,0.0,0.0,0.0,0.0,0.0,0.0,0.0,,uncued_034_d02,0
metadata_only,neutral_metadata_visible,uncued_034,active_verification,false_consensus,refuted,supported,0.0,0.0,0.0,0.0,0.0,0.0,0.0,,uncued_034_d04,0
timestamp_only,neutral_metadata_visible,uncued_034,active_verification,false_consensus,refuted,supported,0.0,0.0,0.0,0.0,0.0,0.0,0.0,,uncued_034_d01,0
citation_graph_only,neutral_metadata_visible,uncued_034,active_verification,false_consensus,refuted,insufficient,0.0,0.0,0.0,0.0,0.0,0.0,0.0,,"uncued_034_d02,uncued_034_d04",0
claim_overlap_only,neutral_metadata_visible,uncued_034,active_verification,false_consensus,refuted,insufficient,0.0,0.0,0.0,0.0,0.0,0.0,0.0,,"uncued_034_d02,uncued_034_d03",0
cue_phrase_only,neutral_metadata_visible,uncued_034,active_verification,false_consensus,refuted,supported,0.0,0.0,0.0,0.0,0.0,0.0,0.0,,,0
random_valid_schema,neutral_metadata_visible,uncued_034,active_verification,false_consensus,refuted,insufficient,0.0,0.0,0.0,0.0,0.0,0.0,0.0,,uncued_034_d01,0
always_insufficient,neutral_metadata_visible,uncued_034,active_verification,false_consensus,refuted,insufficient,0.0,0.0,0.0,0.0,0.0,0.0,0.0,,,0
simple_heuristic,neutral_metadata_visible,uncued_034,active_verification,false_consensus,refuted,supported,0.0,0.0,0.0,1.0,0.0,0.5,0.0,uncued_034_d02,"uncued_034_d02,uncued_034_d03,uncued_034_d04",1
id_only,neutral_metadata_visible,uncued_035,active_verification,false_consensus,refuted,supported,0.0,0.0,0.0,0.0,0.0,0.0,0.0,,uncued_035_d01,0
document_order_only,neutral_metadata_visible,uncued_035,active_verification,false_consensus,refuted,supported,0.0,0.0,0.0,0.0,0.0,0.0,0.0,uncued_035_d01,uncued_035_d01,0
title_only,neutral_metadata_visible,uncued_035,active_verification,false_consensus,refuted,insufficient,0.0,0.0,0.0,0.0,0.0,0.0,0.0,,uncued_035_d01,0
source_type_only,neutral_metadata_visible,uncued_035,active_verification,false_consensus,refuted,supported,0.0,0.0,0.0,0.0,0.0,0.0,0.0,,uncued_035_d01,0
metadata_only,neutral_metadata_visible,uncued_035,active_verification,false_consensus,refuted,supported,0.0,0.0,0.0,0.0,0.0,0.0,0.0,,uncued_035_d04,0
timestamp_only,neutral_metadata_visible,uncued_035,active_verification,false_consensus,refuted,supported,0.0,0.0,0.0,0.0,0.0,0.0,0.0,,uncued_035_d01,0
citation_graph_only,neutral_metadata_visible,uncued_035,active_verification,false_consensus,refuted,insufficient,0.0,0.0,0.0,0.0,0.0,0.0,0.0,,"uncued_035_d04,uncued_035_d03",0
claim_overlap_only,neutral_metadata_visible,uncued_035,active_verification,false_consensus,refuted,insufficient,0.0,0.0,0.0,0.0,0.0,0.0,0.0,,"uncued_035_d04,uncued_035_d02",0
cue_phrase_only,neutral_metadata_visible,uncued_035,active_verification,false_consensus,refuted,supported,0.0,0.0,0.0,0.0,0.0,0.0,0.0,,,0
random_valid_schema,neutral_metadata_visible,uncued_035,active_verification,false_consensus,refuted,refuted,1.0,0.0,0.0,0.0,0.0,0.0,0.0,,uncued_035_d01,0
always_insufficient,neutral_metadata_visible,uncued_035,active_verification,false_consensus,refuted,insufficient,0.0,0.0,0.0,0.0,0.0,0.0,0.0,,,0
simple_heuristic,neutral_metadata_visible,uncued_035,active_verification,false_consensus,refuted,supported,0.0,0.0,0.0,1.0,0.0,0.5,0.0,uncued_035_d04,"uncued_035_d04,uncued_035_d02,uncued_035_d03",1
id_only,neutral_metadata_visible,uncued_036,packet_judgment,buried_primary,supported,supported,1.0,0.0,0.0,0.0,0.0,0.0,0.0,,uncued_036_d01,0
document_order_only,neutral_metadata_visible,uncued_036,packet_judgment,buried_primary,supported,supported,1.0,0.0,0.0,1.0,0.0,0.0,0.0,uncued_036_d01,uncued_036_d01,0
title_only,neutral_metadata_visible,uncued_036,packet_judgment,buried_primary,supported,insufficient,0.0,0.0,0.0,0.0,0.0,0.0,0.0,,uncued_036_d01,0
source_type_only,neutral_metadata_visible,uncued_036,packet_judgment,buried_primary,supported,supported,1.0,0.0,0.0,0.0,0.0,0.0,0.0,,uncued_036_d01,0
metadata_only,neutral_metadata_visible,uncued_036,packet_judgment,buried_primary,supported,supported,1.0,0.0,0.0,0.0,0.0,0.0,0.0,,uncued_036_d04,0
timestamp_only,neutral_metadata_visible,uncued_036,packet_judgment,buried_primary,supported,supported,1.0,0.0,0.0,0.0,0.0,0.0,0.0,,uncued_036_d03,0
citation_graph_only,neutral_metadata_visible,uncued_036,packet_judgment,buried_primary,supported,insufficient,0.0,0.0,0.0,0.0,0.0,0.0,0.0,,"uncued_036_d02,uncued_036_d01",0
claim_overlap_only,neutral_metadata_visible,uncued_036,packet_judgment,buried_primary,supported,insufficient,0.0,0.0,0.0,0.0,0.0,0.0,0.0,,"uncued_036_d01,uncued_036_d03",0
cue_phrase_only,neutral_metadata_visible,uncued_036,packet_judgment,buried_primary,supported,supported,1.0,0.0,0.0,0.0,0.0,0.0,0.0,,,0
random_valid_schema,neutral_metadata_visible,uncued_036,packet_judgment,buried_primary,supported,supported,1.0,0.0,0.0,0.0,0.0,0.0,0.0,,uncued_036_d03,0
always_insufficient,neutral_metadata_visible,uncued_036,packet_judgment,buried_primary,supported,insufficient,0.0,0.0,0.0,0.0,0.0,0.0,0.0,,,0
simple_heuristic,neutral_metadata_visible,uncued_036,packet_judgment,buried_primary,supported,supported,1.0,0.0,0.0,1.0,0.0,0.0,0.0,uncued_036_d01,"uncued_036_d01,uncued_036_d03,uncued_036_d02",1
id_only,neutral_metadata_visible,uncued_037,packet_judgment,buried_primary,supported,supported,1.0,0.0,0.0,0.0,0.0,0.0,0.0,,uncued_037_d01,0
document_order_only,neutral_metadata_visible,uncued_037,packet_judgment,buried_primary,supported,supported,1.0,0.0,0.0,0.0,0.0,0.0,0.0,uncued_037_d04,uncued_037_d04,0
title_only,neutral_metadata_visible,uncued_037,packet_judgment,buried_primary,supported,insufficient,0.0,0.0,0.0,0.0,0.0,0.0,0.0,,uncued_037_d04,0
source_type_only,neutral_metadata_visible,uncued_037,packet_judgment,buried_primary,supported,supported,1.0,0.0,0.0,0.0,0.0,0.0,0.0,,uncued_037_d04,0
metadata_only,neutral_metadata_visible,uncued_037,packet_judgment,buried_primary,supported,supported,1.0,0.0,0.0,0.0,0.0,0.0,0.0,,uncued_037_d04,0
timestamp_only,neutral_metadata_visible,uncued_037,packet_judgment,buried_primary,supported,supported,1.0,0.0,0.0,0.0,0.0,0.0,0.0,,uncued_037_d02,0
citation_graph_only,neutral_metadata_visible,uncued_037,packet_judgment,buried_primary,supported,insufficient,0.0,0.0,0.0,0.0,0.0,0.0,0.0,,"uncued_037_d04,uncued_037_d03",0
claim_overlap_only,neutral_metadata_visible,uncued_037,packet_judgment,buried_primary,supported,insufficient,0.0,0.0,0.0,0.0,0.0,0.0,0.0,,"uncued_037_d01,uncued_037_d02",0
cue_phrase_only,neutral_metadata_visible,uncued_037,packet_judgment,buried_primary,supported,supported,1.0,0.0,0.0,0.0,0.0,0.0,0.0,,,0
random_valid_schema,neutral_metadata_visible,uncued_037,packet_judgment,buried_primary,supported,supported,1.0,0.0,0.0,0.0,0.0,0.0,0.0,,uncued_037_d04,0
always_insufficient,neutral_metadata_visible,uncued_037,packet_judgment,buried_primary,supported,insufficient,0.0,0.0,0.0,0.0,0.0,0.0,0.0,,,0
simple_heuristic,neutral_metadata_visible,uncued_037,packet_judgment,buried_primary,supported,supported,1.0,0.0,0.0,1.0,0.0,0.0,0.0,uncued_037_d01,"uncued_037_d01,uncued_037_d02,uncued_037_d04",1
id_only,neutral_metadata_visible,uncued_038,packet_judgment,buried_primary,supported,supported,1.0,0.0,0.0,0.0,0.0,0.0,0.0,,uncued_038_d01,0
document_order_only,neutral_metadata_visible,uncued_038,packet_judgment,buried_primary,supported,supported,1.0,0.0,0.0,0.0,0.0,0.0,0.0,uncued_038_d01,uncued_038_d01,0
title_only,neutral_metadata_visible,uncued_038,packet_judgment,buried_primary,supported,insufficient,0.0,0.0,0.0,0.0,0.0,0.0,0.0,,uncued_038_d01,0
source_type_only,neutral_metadata_visible,uncued_038,packet_judgment,buried_primary,supported,supported,1.0,0.0,0.0,0.0,0.0,0.0,0.0,,uncued_038_d01,0
metadata_only,neutral_metadata_visible,uncued_038,packet_judgment,buried_primary,supported,supported,1.0,0.0,0.0,0.0,0.0,0.0,0.0,,uncued_038_d04,0
timestamp_only,neutral_metadata_visible,uncued_038,packet_judgment,buried_primary,supported,supported,1.0,0.0,0.0,0.0,0.0,0.0,0.0,,uncued_038_d04,0
citation_graph_only,neutral_metadata_visible,uncued_038,packet_judgment,buried_primary,supported,insufficient,0.0,0.0,0.0,0.0,0.0,0.0,0.0,,"uncued_038_d01,uncued_038_d02",0
claim_overlap_only,neutral_metadata_visible,uncued_038,packet_judgment,buried_primary,supported,insufficient,0.0,0.0,0.0,0.0,0.0,0.0,0.0,,"uncued_038_d04,uncued_038_d03",0
cue_phrase_only,neutral_metadata_visible,uncued_038,packet_judgment,buried_primary,supported,supported,1.0,0.0,0.0,0.0,0.0,0.0,0.0,,,0
random_valid_schema,neutral_metadata_visible,uncued_038,packet_judgment,buried_primary,supported,refuted,0.0,0.0,0.0,0.0,0.0,0.0,0.0,,uncued_038_d02,0
always_insufficient,neutral_metadata_visible,uncued_038,packet_judgment,buried_primary,supported,insufficient,0.0,0.0,0.0,0.0,0.0,0.0,0.0,,,0
simple_heuristic,neutral_metadata_visible,uncued_038,packet_judgment,buried_primary,supported,supported,1.0,1.0,1.0,0.0,0.0,0.0,1.0,uncued_038_d04,"uncued_038_d04,uncued_038_d03,uncued_038_d01",1
id_only,neutral_metadata_visible,uncued_039,packet_judgment,buried_primary,supported,supported,1.0,0.0,0.0,0.0,0.0,0.0,0.0,,uncued_039_d01,0
document_order_only,neutral_metadata_visible,uncued_039,packet_judgment,buried_primary,supported,supported,1.0,0.0,0.0,1.0,0.0,0.0,0.0,uncued_039_d04,uncued_039_d04,0
title_only,neutral_metadata_visible,uncued_039,packet_judgment,buried_primary,supported,insufficient,0.0,0.0,0.0,0.0,0.0,0.0,0.0,,uncued_039_d04,0
source_type_only,neutral_metadata_visible,uncued_039,packet_judgment,buried_primary,supported,supported,1.0,0.0,0.0,0.0,0.0,0.0,0.0,,uncued_039_d04,0
metadata_only,neutral_metadata_visible,uncued_039,packet_judgment,buried_primary,supported,supported,1.0,0.0,0.0,0.0,0.0,0.0,0.0,,uncued_039_d04,0
timestamp_only,neutral_metadata_visible,uncued_039,packet_judgment,buried_primary,supported,supported,1.0,0.0,0.0,0.0,0.0,0.0,0.0,,uncued_039_d02,0
citation_graph_only,neutral_metadata_visible,uncued_039,packet_judgment,buried_primary,supported,insufficient,0.0,0.0,0.0,0.0,0.0,0.0,0.0,,"uncued_039_d01,uncued_039_d04",0
claim_overlap_only,neutral_metadata_visible,uncued_039,packet_judgment,buried_primary,supported,insufficient,0.0,0.0,0.0,0.0,0.0,0.0,0.0,,"uncued_039_d04,uncued_039_d02",0
cue_phrase_only,neutral_metadata_visible,uncued_039,packet_judgment,buried_primary,supported,supported,1.0,0.0,0.0,0.0,0.0,0.0,0.0,,,0
random_valid_schema,neutral_metadata_visible,uncued_039,packet_judgment,buried_primary,supported,supported,1.0,0.0,0.0,0.0,0.0,0.0,0.0,,uncued_039_d03,0
always_insufficient,neutral_metadata_visible,uncued_039,packet_judgment,buried_primary,supported,insufficient,0.0,0.0,0.0,0.0,0.0,0.0,0.0,,,0
simple_heuristic,neutral_metadata_visible,uncued_039,packet_judgment,buried_primary,supported,supported,1.0,0.0,0.0,1.0,0.0,0.0,0.0,uncued_039_d04,"uncued_039_d04,uncued_039_d02,uncued_039_d01",1
id_only,neutral_metadata_visible,uncued_040,packet_judgment,buried_primary,supported,supported,1.0,0.0,0.0,0.0,0.0,0.0,0.0,,uncued_040_d01,0
document_order_only,neutral_metadata_visible,uncued_040,packet_judgment,buried_primary,supported,supported,1.0,0.0,0.0,0.0,0.0,0.0,0.0,uncued_040_d01,uncued_040_d01,0
title_only,neutral_metadata_visible,uncued_040,packet_judgment,buried_primary,supported,insufficient,0.0,0.0,0.0,0.0,0.0,0.0,0.0,,uncued_040_d01,0
source_type_only,neutral_metadata_visible,uncued_040,packet_judgment,buried_primary,supported,supported,1.0,0.0,0.0,0.0,0.0,0.0,0.0,,uncued_040_d01,0
metadata_only,neutral_metadata_visible,uncued_040,packet_judgment,buried_primary,supported,supported,1.0,0.0,0.0,0.0,0.0,0.0,0.0,,uncued_040_d04,0
timestamp_only,neutral_metadata_visible,uncued_040,packet_judgment,buried_primary,supported,supported,1.0,0.0,0.0,0.0,0.0,0.0,0.0,,uncued_040_d02,0
citation_graph_only,neutral_metadata_visible,uncued_040,packet_judgment,buried_primary,supported,insufficient,0.0,0.0,0.0,0.0,0.0,0.0,0.0,,"uncued_040_d01,uncued_040_d04",0
claim_overlap_only,neutral_metadata_visible,uncued_040,packet_judgment,buried_primary,supported,insufficient,0.0,0.0,0.0,0.0,0.0,0.0,0.0,,"uncued_040_d04,uncued_040_d02",0
cue_phrase_only,neutral_metadata_visible,uncued_040,packet_judgment,buried_primary,supported,supported,1.0,0.0,0.0,0.0,0.0,0.0,0.0,,,0
random_valid_schema,neutral_metadata_visible,uncued_040,packet_judgment,buried_primary,supported,supported,1.0,0.0,0.0,0.0,0.0,0.0,0.0,,uncued_040_d03,0
always_insufficient,neutral_metadata_visible,uncued_040,packet_judgment,buried_primary,supported,insufficient,0.0,0.0,0.0,0.0,0.0,0.0,0.0,,,0
simple_heuristic,neutral_metadata_visible,uncued_040,packet_judgment,buried_primary,supported,supported,1.0,0.0,0.0,1.0,0.0,0.0,0.0,uncued_040_d04,"uncued_040_d04,uncued_040_d02,uncued_040_d01",1
id_only,neutral_metadata_visible,uncued_041,evidence_selection,buried_primary,supported,supported,1.0,0.0,0.0,0.0,0.0,0.0,0.0,,uncued_041_d01,0
document_order_only,neutral_metadata_visible,uncued_041,evidence_selection,buried_primary,supported,supported,1.0,0.0,0.0,1.0,0.0,0.0,0.0,uncued_041_d01,uncued_041_d01,0
title_only,neutral_metadata_visible,uncued_041,evidence_selection,buried_primary,supported,insufficient,0.0,0.0,0.0,0.0,0.0,0.0,0.0,,uncued_041_d01,0
source_type_only,neutral_metadata_visible,uncued_041,evidence_selection,buried_primary,supported,supported,1.0,0.0,0.0,0.0,0.0,0.0,0.0,,uncued_041_d01,0
metadata_only,neutral_metadata_visible,uncued_041,evidence_selection,buried_primary,supported,supported,1.0,0.0,0.0,0.0,0.0,0.0,0.0,,uncued_041_d04,0
timestamp_only,neutral_metadata_visible,uncued_041,evidence_selection,buried_primary,supported,supported,1.0,0.0,0.0,0.0,0.0,0.0,0.0,,uncued_041_d02,0
citation_graph_only,neutral_metadata_visible,uncued_041,evidence_selection,buried_primary,supported,insufficient,0.0,0.0,0.0,0.0,0.0,0.0,0.0,,"uncued_041_d03,uncued_041_d01",0
claim_overlap_only,neutral_metadata_visible,uncued_041,evidence_selection,buried_primary,supported,insufficient,0.0,0.0,0.0,0.0,0.0,0.0,0.0,,"uncued_041_d01,uncued_041_d02",0
cue_phrase_only,neutral_metadata_visible,uncued_041,evidence_selection,buried_primary,supported,supported,1.0,0.0,0.0,0.0,0.0,0.0,0.0,,,0
random_valid_schema,neutral_metadata_visible,uncued_041,evidence_selection,buried_primary,supported,insufficient,0.0,0.0,0.0,0.0,0.0,0.0,0.0,,uncued_041_d04,0
always_insufficient,neutral_metadata_visible,uncued_041,evidence_selection,buried_primary,supported,insufficient,0.0,0.0,0.0,0.0,0.0,0.0,0.0,,,0
simple_heuristic,neutral_metadata_visible,uncued_041,evidence_selection,buried_primary,supported,supported,1.0,0.0,0.0,1.0,0.0,0.0,0.0,uncued_041_d01,"uncued_041_d01,uncued_041_d02,uncued_041_d04",1
id_only,neutral_metadata_visible,uncued_042,evidence_selection,buried_primary,supported,supported,1.0,0.0,0.0,0.0,0.0,0.0,0.0,,uncued_042_d01,0
document_order_only,neutral_metadata_visible,uncued_042,evidence_selection,buried_primary,supported,supported,1.0,1.0,1.0,0.0,0.0,0.0,1.0,uncued_042_d01,uncued_042_d01,0
title_only,neutral_metadata_visible,uncued_042,evidence_selection,buried_primary,supported,insufficient,0.0,0.0,0.0,0.0,0.0,0.0,0.0,,uncued_042_d01,0
source_type_only,neutral_metadata_visible,uncued_042,evidence_selection,buried_primary,supported,supported,1.0,0.0,0.0,0.0,0.0,0.0,0.0,,uncued_042_d01,0
metadata_only,neutral_metadata_visible,uncued_042,evidence_selection,buried_primary,supported,supported,1.0,0.0,0.0,0.0,0.0,0.0,0.0,,uncued_042_d04,0
timestamp_only,neutral_metadata_visible,uncued_042,evidence_selection,buried_primary,supported,supported,1.0,0.0,0.0,0.0,0.0,0.0,0.0,,uncued_042_d01,0
citation_graph_only,neutral_metadata_visible,uncued_042,evidence_selection,buried_primary,supported,insufficient,0.0,0.0,0.0,0.0,0.0,0.0,0.0,,"uncued_042_d04,uncued_042_d01",0
claim_overlap_only,neutral_metadata_visible,uncued_042,evidence_selection,buried_primary,supported,insufficient,0.0,0.0,0.0,0.0,0.0,0.0,0.0,,"uncued_042_d01,uncued_042_d03",0
cue_phrase_only,neutral_metadata_visible,uncued_042,evidence_selection,buried_primary,supported,supported,1.0,0.0,0.0,0.0,0.0,0.0,0.0,,,0
random_valid_schema,neutral_metadata_visible,uncued_042,evidence_selection,buried_primary,supported,supported,1.0,0.0,0.0,0.0,0.0,0.0,0.0,,uncued_042_d02,0
always_insufficient,neutral_metadata_visible,uncued_042,evidence_selection,buried_primary,supported,insufficient,0.0,0.0,0.0,0.0,0.0,0.0,0.0,,,0
simple_heuristic,neutral_metadata_visible,uncued_042,evidence_selection,buried_primary,supported,supported,1.0,1.0,1.0,0.0,0.0,0.0,1.0,uncued_042_d01,"uncued_042_d01,uncued_042_d03,uncued_042_d02",1
id_only,neutral_metadata_visible,uncued_043,evidence_selection,buried_primary,supported,supported,1.0,0.0,0.0,0.0,0.0,0.0,0.0,,uncued_043_d01,0
document_order_only,neutral_metadata_visible,uncued_043,evidence_selection,buried_primary,supported,supported,1.0,0.0,0.0,1.0,0.0,0.0,0.0,uncued_043_d01,uncued_043_d01,0
title_only,neutral_metadata_visible,uncued_043,evidence_selection,buried_primary,supported,insufficient,0.0,0.0,0.0,0.0,0.0,0.0,0.0,,uncued_043_d01,0
source_type_only,neutral_metadata_visible,uncued_043,evidence_selection,buried_primary,supported,supported,1.0,0.0,0.0,0.0,0.0,0.0,0.0,,uncued_043_d01,0
metadata_only,neutral_metadata_visible,uncued_043,evidence_selection,buried_primary,supported,supported,1.0,0.0,0.0,0.0,0.0,0.0,0.0,,uncued_043_d04,0
timestamp_only,neutral_metadata_visible,uncued_043,evidence_selection,buried_primary,supported,supported,1.0,0.0,0.0,0.0,0.0,0.0,0.0,,uncued_043_d03,0
citation_graph_only,neutral_metadata_visible,uncued_043,evidence_selection,buried_primary,supported,insufficient,0.0,0.0,0.0,0.0,0.0,0.0,0.0,,"uncued_043_d02,uncued_043_d01",0
claim_overlap_only,neutral_metadata_visible,uncued_043,evidence_selection,buried_primary,supported,insufficient,0.0,0.0,0.0,0.0,0.0,0.0,0.0,,"uncued_043_d01,uncued_043_d03",0
cue_phrase_only,neutral_metadata_visible,uncued_043,evidence_selection,buried_primary,supported,supported,1.0,0.0,0.0,0.0,0.0,0.0,0.0,,,0
random_valid_schema,neutral_metadata_visible,uncued_043,evidence_selection,buried_primary,supported,supported,1.0,0.0,0.0,0.0,0.0,0.0,0.0,,uncued_043_d01,0
always_insufficient,neutral_metadata_visible,uncued_043,evidence_selection,buried_primary,supported,insufficient,0.0,0.0,0.0,0.0,0.0,0.0,0.0,,,0
simple_heuristic,neutral_metadata_visible,uncued_043,evidence_selection,buried_primary,supported,supported,1.0,0.0,0.0,1.0,0.0,0.0,0.0,uncued_043_d01,"uncued_043_d01,uncued_043_d03,uncued_043_d02",1
id_only,neutral_metadata_visible,uncued_044,evidence_selection,buried_primary,supported,supported,1.0,0.0,0.0,0.0,0.0,0.0,0.0,,uncued_044_d01,0
document_order_only,neutral_metadata_visible,uncued_044,evidence_selection,buried_primary,supported,supported,1.0,0.0,0.0,1.0,0.0,0.0,0.0,uncued_044_d03,uncued_044_d03,0
title_only,neutral_metadata_visible,uncued_044,evidence_selection,buried_primary,supported,insufficient,0.0,0.0,0.0,0.0,0.0,0.0,0.0,,uncued_044_d03,0
source_type_only,neutral_metadata_visible,uncued_044,evidence_selection,buried_primary,supported,supported,1.0,0.0,0.0,0.0,0.0,0.0,0.0,,uncued_044_d03,0
metadata_only,neutral_metadata_visible,uncued_044,evidence_selection,buried_primary,supported,supported,1.0,0.0,0.0,0.0,0.0,0.0,0.0,,uncued_044_d04,0
timestamp_only,neutral_metadata_visible,uncued_044,evidence_selection,buried_primary,supported,supported,1.0,0.0,0.0,0.0,0.0,0.0,0.0,,uncued_044_d04,0
citation_graph_only,neutral_metadata_visible,uncued_044,evidence_selection,buried_primary,supported,insufficient,0.0,0.0,0.0,0.0,0.0,0.0,0.0,,"uncued_044_d01,uncued_044_d03",0
claim_overlap_only,neutral_metadata_visible,uncued_044,evidence_selection,buried_primary,supported,insufficient,0.0,0.0,0.0,0.0,0.0,0.0,0.0,,"uncued_044_d03,uncued_044_d04",0
cue_phrase_only,neutral_metadata_visible,uncued_044,evidence_selection,buried_primary,supported,supported,1.0,0.0,0.0,0.0,0.0,0.0,0.0,,,0
random_valid_schema,neutral_metadata_visible,uncued_044,evidence_selection,buried_primary,supported,insufficient,0.0,0.0,0.0,0.0,0.0,0.0,0.0,,uncued_044_d01,0
always_insufficient,neutral_metadata_visible,uncued_044,evidence_selection,buried_primary,supported,insufficient,0.0,0.0,0.0,0.0,0.0,0.0,0.0,,,0
simple_heuristic,neutral_metadata_visible,uncued_044,evidence_selection,buried_primary,supported,supported,1.0,0.0,0.0,1.0,0.0,0.0,0.0,uncued_044_d03,"uncued_044_d03,uncued_044_d04,uncued_044_d01",1
id_only,neutral_metadata_visible,uncued_045,evidence_selection,buried_primary,supported,supported,1.0,0.0,0.0,0.0,0.0,0.0,0.0,,uncued_045_d01,0
document_order_only,neutral_metadata_visible,uncued_045,evidence_selection,buried_primary,supported,supported,1.0,0.0,0.0,1.0,0.0,0.0,0.0,uncued_045_d01,uncued_045_d01,0
title_only,neutral_metadata_visible,uncued_045,evidence_selection,buried_primary,supported,insufficient,0.0,0.0,0.0,0.0,0.0,0.0,0.0,,uncued_045_d01,0
source_type_only,neutral_metadata_visible,uncued_045,evidence_selection,buried_primary,supported,supported,1.0,0.0,0.0,0.0,0.0,0.0,0.0,,uncued_045_d01,0
metadata_only,neutral_metadata_visible,uncued_045,evidence_selection,buried_primary,supported,supported,1.0,0.0,0.0,0.0,0.0,0.0,0.0,,uncued_045_d04,0
timestamp_only,neutral_metadata_visible,uncued_045,evidence_selection,buried_primary,supported,supported,1.0,0.0,0.0,0.0,0.0,0.0,0.0,,uncued_045_d02,0
citation_graph_only,neutral_metadata_visible,uncued_045,evidence_selection,buried_primary,supported,insufficient,0.0,0.0,0.0,0.0,0.0,0.0,0.0,,"uncued_045_d04,uncued_045_d01",0
claim_overlap_only,neutral_metadata_visible,uncued_045,evidence_selection,buried_primary,supported,insufficient,0.0,0.0,0.0,0.0,0.0,0.0,0.0,,"uncued_045_d01,uncued_045_d02",0
cue_phrase_only,neutral_metadata_visible,uncued_045,evidence_selection,buried_primary,supported,supported,1.0,0.0,0.0,0.0,0.0,0.0,0.0,,,0
random_valid_schema,neutral_metadata_visible,uncued_045,evidence_selection,buried_primary,supported,insufficient,0.0,0.0,0.0,0.0,0.0,0.0,0.0,,uncued_045_d01,0
always_insufficient,neutral_metadata_visible,uncued_045,evidence_selection,buried_primary,supported,insufficient,0.0,0.0,0.0,0.0,0.0,0.0,0.0,,,0
simple_heuristic,neutral_metadata_visible,uncued_045,evidence_selection,buried_primary,supported,supported,1.0,0.0,0.0,1.0,0.0,0.0,0.0,uncued_045_d01,"uncued_045_d01,uncued_045_d02,uncued_045_d04",1
id_only,neutral_metadata_visible,uncued_046,active_verification,buried_primary,supported,supported,1.0,0.0,0.0,0.0,0.0,0.0,0.0,,uncued_046_d01,0
document_order_only,neutral_metadata_visible,uncued_046,active_verification,buried_primary,supported,supported,1.0,0.0,0.0,1.0,0.0,0.0,0.0,uncued_046_d04,uncued_046_d04,0
title_only,neutral_metadata_visible,uncued_046,active_verification,buried_primary,supported,insufficient,0.0,0.0,0.0,0.0,0.0,0.0,0.0,,uncued_046_d04,0
source_type_only,neutral_metadata_visible,uncued_046,active_verification,buried_primary,supported,supported,1.0,0.0,0.0,0.0,0.0,0.0,0.0,,uncued_046_d04,0
metadata_only,neutral_metadata_visible,uncued_046,active_verification,buried_primary,supported,supported,1.0,0.0,0.0,0.0,0.0,0.0,0.0,,uncued_046_d04,0
timestamp_only,neutral_metadata_visible,uncued_046,active_verification,buried_primary,supported,supported,1.0,0.0,0.0,0.0,0.0,0.0,0.0,,uncued_046_d03,0
citation_graph_only,neutral_metadata_visible,uncued_046,active_verification,buried_primary,supported,insufficient,0.0,0.0,0.0,0.0,0.0,0.0,0.0,,"uncued_046_d01,uncued_046_d04",0
claim_overlap_only,neutral_metadata_visible,uncued_046,active_verification,buried_primary,supported,insufficient,0.0,0.0,0.0,0.0,0.0,0.0,0.0,,"uncued_046_d04,uncued_046_d03",0
cue_phrase_only,neutral_metadata_visible,uncued_046,active_verification,buried_primary,supported,supported,1.0,0.0,0.0,0.0,0.0,0.0,0.0,,,0
random_valid_schema,neutral_metadata_visible,uncued_046,active_verification,buried_primary,supported,refuted,0.0,0.0,0.0,0.0,0.0,0.0,0.0,,uncued_046_d01,0
always_insufficient,neutral_metadata_visible,uncued_046,active_verification,buried_primary,supported,insufficient,0.0,0.0,0.0,0.0,0.0,0.0,0.0,,,0
simple_heuristic,neutral_metadata_visible,uncued_046,active_verification,buried_primary,supported,supported,1.0,0.0,0.0,1.0,0.0,0.5,0.0,uncued_046_d04,"uncued_046_d04,uncued_046_d03,uncued_046_d01",1
id_only,neutral_metadata_visible,uncued_047,active_verification,buried_primary,supported,supported,1.0,0.0,0.0,0.0,0.0,0.0,0.0,,uncued_047_d01,0
document_order_only,neutral_metadata_visible,uncued_047,active_verification,buried_primary,supported,supported,1.0,0.0,0.0,0.0,0.0,0.0,0.0,uncued_047_d03,uncued_047_d03,0
title_only,neutral_metadata_visible,uncued_047,active_verification,buried_primary,supported,insufficient,0.0,0.0,0.0,0.0,0.0,0.0,0.0,,uncued_047_d03,0
source_type_only,neutral_metadata_visible,uncued_047,active_verification,buried_primary,supported,supported,1.0,0.0,0.0,0.0,0.0,0.0,0.0,,uncued_047_d03,0
metadata_only,neutral_metadata_visible,uncued_047,active_verification,buried_primary,supported,supported,1.0,0.0,0.0,0.0,0.0,0.0,0.0,,uncued_047_d04,0
timestamp_only,neutral_metadata_visible,uncued_047,active_verification,buried_primary,supported,supported,1.0,0.0,0.0,0.0,0.0,0.0,0.0,,uncued_047_d02,0
citation_graph_only,neutral_metadata_visible,uncued_047,active_verification,buried_primary,supported,insufficient,0.0,0.0,0.0,0.0,0.0,0.0,0.0,,"uncued_047_d01,uncued_047_d03",0
claim_overlap_only,neutral_metadata_visible,uncued_047,active_verification,buried_primary,supported,insufficient,0.0,0.0,0.0,0.0,0.0,0.0,0.0,,"uncued_047_d02,uncued_047_d04",0
cue_phrase_only,neutral_metadata_visible,uncued_047,active_verification,buried_primary,supported,supported,1.0,0.0,0.0,0.0,0.0,0.0,0.0,,,0
random_valid_schema,neutral_metadata_visible,uncued_047,active_verification,buried_primary,supported,insufficient,0.0,0.0,0.0,0.0,0.0,0.0,0.0,,uncued_047_d04,0
always_insufficient,neutral_metadata_visible,uncued_047,active_verification,buried_primary,supported,insufficient,0.0,0.0,0.0,0.0,0.0,0.0,0.0,,,0
simple_heuristic,neutral_metadata_visible,uncued_047,active_verification,buried_primary,supported,supported,1.0,1.0,1.0,0.0,0.0,0.5,0.0,uncued_047_d02,"uncued_047_d02,uncued_047_d04,uncued_047_d03",1
id_only,neutral_metadata_visible,uncued_048,packet_judgment,generated_lore,insufficient,supported,0.0,0.0,1.0,0.0,0.0,0.0,0.0,,uncued_048_d01,0
document_order_only,neutral_metadata_visible,uncued_048,packet_judgment,generated_lore,insufficient,supported,0.0,0.0,1.0,1.0,0.0,0.0,0.0,uncued_048_d04,uncued_048_d04,0
title_only,neutral_metadata_visible,uncued_048,packet_judgment,generated_lore,insufficient,insufficient,1.0,0.0,1.0,0.0,0.0,0.0,1.0,,uncued_048_d04,0
source_type_only,neutral_metadata_visible,uncued_048,packet_judgment,generated_lore,insufficient,supported,0.0,0.0,1.0,0.0,0.0,0.0,0.0,,uncued_048_d04,0
metadata_only,neutral_metadata_visible,uncued_048,packet_judgment,generated_lore,insufficient,supported,0.0,0.0,1.0,0.0,0.0,0.0,0.0,,uncued_048_d04,0
timestamp_only,neutral_metadata_visible,uncued_048,packet_judgment,generated_lore,insufficient,supported,0.0,0.0,1.0,0.0,0.0,0.0,0.0,,uncued_048_d02,0
citation_graph_only,neutral_metadata_visible,uncued_048,packet_judgment,generated_lore,insufficient,insufficient,1.0,0.0,1.0,0.0,0.0,0.0,1.0,,"uncued_048_d01,uncued_048_d04",0
claim_overlap_only,neutral_metadata_visible,uncued_048,packet_judgment,generated_lore,insufficient,insufficient,1.0,0.0,1.0,0.0,0.0,0.0,1.0,,"uncued_048_d01,uncued_048_d03",0
cue_phrase_only,neutral_metadata_visible,uncued_048,packet_judgment,generated_lore,insufficient,supported,0.0,0.0,1.0,0.0,0.0,0.0,0.0,,,0
random_valid_schema,neutral_metadata_visible,uncued_048,packet_judgment,generated_lore,insufficient,insufficient,1.0,0.0,1.0,0.0,0.0,0.0,1.0,,uncued_048_d02,0
always_insufficient,neutral_metadata_visible,uncued_048,packet_judgment,generated_lore,insufficient,insufficient,1.0,0.0,1.0,0.0,0.0,0.0,1.0,,,0
simple_heuristic,neutral_metadata_visible,uncued_048,packet_judgment,generated_lore,insufficient,insufficient,1.0,0.0,1.0,0.0,0.0,0.0,1.0,,"uncued_048_d01,uncued_048_d03,uncued_048_d04",1
id_only,neutral_metadata_visible,uncued_049,packet_judgment,generated_lore,insufficient,supported,0.0,0.0,1.0,0.0,0.0,0.0,0.0,,uncued_049_d01,0
document_order_only,neutral_metadata_visible,uncued_049,packet_judgment,generated_lore,insufficient,supported,0.0,0.0,1.0,1.0,0.0,0.0,0.0,uncued_049_d04,uncued_049_d04,0
title_only,neutral_metadata_visible,uncued_049,packet_judgment,generated_lore,insufficient,insufficient,1.0,0.0,1.0,0.0,0.0,0.0,1.0,,uncued_049_d04,0
source_type_only,neutral_metadata_visible,uncued_049,packet_judgment,generated_lore,insufficient,supported,0.0,0.0,1.0,0.0,0.0,0.0,0.0,,uncued_049_d04,0
metadata_only,neutral_metadata_visible,uncued_049,packet_judgment,generated_lore,insufficient,supported,0.0,0.0,1.0,0.0,0.0,0.0,0.0,,uncued_049_d04,0
timestamp_only,neutral_metadata_visible,uncued_049,packet_judgment,generated_lore,insufficient,supported,0.0,0.0,1.0,0.0,0.0,0.0,0.0,,uncued_049_d03,0
citation_graph_only,neutral_metadata_visible,uncued_049,packet_judgment,generated_lore,insufficient,insufficient,1.0,0.0,1.0,0.0,0.0,0.0,1.0,,"uncued_049_d04,uncued_049_d03",0
claim_overlap_only,neutral_metadata_visible,uncued_049,packet_judgment,generated_lore,insufficient,insufficient,1.0,0.0,1.0,0.0,0.0,0.0,1.0,,"uncued_049_d04,uncued_049_d02",0
cue_phrase_only,neutral_metadata_visible,uncued_049,packet_judgment,generated_lore,insufficient,supported,0.0,0.0,1.0,0.0,0.0,0.0,0.0,,,0
random_valid_schema,neutral_metadata_visible,uncued_049,packet_judgment,generated_lore,insufficient,insufficient,1.0,0.0,1.0,0.0,0.0,0.0,1.0,,uncued_049_d02,0
always_insufficient,neutral_metadata_visible,uncued_049,packet_judgment,generated_lore,insufficient,insufficient,1.0,0.0,1.0,0.0,0.0,0.0,1.0,,,0
simple_heuristic,neutral_metadata_visible,uncued_049,packet_judgment,generated_lore,insufficient,insufficient,1.0,0.0,1.0,0.0,0.0,0.0,1.0,,"uncued_049_d04,uncued_049_d02,uncued_049_d01",1
id_only,neutral_metadata_visible,uncued_050,packet_judgment,generated_lore,insufficient,supported,0.0,0.0,1.0,0.0,0.0,0.0,0.0,,uncued_050_d01,0
document_order_only,neutral_metadata_visible,uncued_050,packet_judgment,generated_lore,insufficient,supported,0.0,0.0,1.0,0.0,0.0,0.0,0.0,uncued_050_d03,uncued_050_d03,0
title_only,neutral_metadata_visible,uncued_050,packet_judgment,generated_lore,insufficient,insufficient,1.0,0.0,1.0,0.0,0.0,0.0,1.0,,uncued_050_d03,0
source_type_only,neutral_metadata_visible,uncued_050,packet_judgment,generated_lore,insufficient,supported,0.0,0.0,1.0,0.0,0.0,0.0,0.0,,uncued_050_d03,0
metadata_only,neutral_metadata_visible,uncued_050,packet_judgment,generated_lore,insufficient,supported,0.0,0.0,1.0,0.0,0.0,0.0,0.0,,uncued_050_d04,0
timestamp_only,neutral_metadata_visible,uncued_050,packet_judgment,generated_lore,insufficient,supported,0.0,0.0,1.0,0.0,0.0,0.0,0.0,,uncued_050_d03,0
citation_graph_only,neutral_metadata_visible,uncued_050,packet_judgment,generated_lore,insufficient,insufficient,1.0,0.0,1.0,0.0,0.0,0.0,1.0,,"uncued_050_d04,uncued_050_d03",0
claim_overlap_only,neutral_metadata_visible,uncued_050,packet_judgment,generated_lore,insufficient,insufficient,1.0,0.0,1.0,0.0,0.0,0.0,1.0,,"uncued_050_d02,uncued_050_d01",0
cue_phrase_only,neutral_metadata_visible,uncued_050,packet_judgment,generated_lore,insufficient,supported,0.0,0.0,1.0,0.0,0.0,0.0,0.0,,,0
random_valid_schema,neutral_metadata_visible,uncued_050,packet_judgment,generated_lore,insufficient,refuted,0.0,0.0,1.0,0.0,0.0,0.0,0.0,,uncued_050_d01,0
always_insufficient,neutral_metadata_visible,uncued_050,packet_judgment,generated_lore,insufficient,insufficient,1.0,0.0,1.0,0.0,0.0,0.0,1.0,,,0
simple_heuristic,neutral_metadata_visible,uncued_050,packet_judgment,generated_lore,insufficient,insufficient,1.0,0.0,1.0,0.0,0.0,0.0,1.0,,"uncued_050_d02,uncued_050_d01,uncued_050_d04",1
id_only,neutral_metadata_visible,uncued_051,packet_judgment,generated_lore,insufficient,supported,0.0,0.0,1.0,0.0,0.0,0.0,0.0,,uncued_051_d01,0
document_order_only,neutral_metadata_visible,uncued_051,packet_judgment,generated_lore,insufficient,supported,0.0,0.0,1.0,0.0,0.0,0.0,0.0,uncued_051_d04,uncued_051_d04,0
title_only,neutral_metadata_visible,uncued_051,packet_judgment,generated_lore,insufficient,insufficient,1.0,0.0,1.0,0.0,0.0,0.0,1.0,,uncued_051_d04,0
source_type_only,neutral_metadata_visible,uncued_051,packet_judgment,generated_lore,insufficient,supported,0.0,0.0,1.0,0.0,0.0,0.0,0.0,,uncued_051_d04,0
metadata_only,neutral_metadata_visible,uncued_051,packet_judgment,generated_lore,insufficient,supported,0.0,0.0,1.0,0.0,0.0,0.0,0.0,,uncued_051_d04,0
timestamp_only,neutral_metadata_visible,uncued_051,packet_judgment,generated_lore,insufficient,supported,0.0,0.0,1.0,0.0,0.0,0.0,0.0,,uncued_051_d04,0
citation_graph_only,neutral_metadata_visible,uncued_051,packet_judgment,generated_lore,insufficient,insufficient,1.0,0.0,1.0,0.0,0.0,0.0,1.0,,"uncued_051_d01,uncued_051_d04",0
claim_overlap_only,neutral_metadata_visible,uncued_051,packet_judgment,generated_lore,insufficient,insufficient,1.0,0.0,1.0,0.0,0.0,0.0,1.0,,"uncued_051_d02,uncued_051_d01",0
cue_phrase_only,neutral_metadata_visible,uncued_051,packet_judgment,generated_lore,insufficient,supported,0.0,0.0,1.0,0.0,0.0,0.0,0.0,,,0
random_valid_schema,neutral_metadata_visible,uncued_051,packet_judgment,generated_lore,insufficient,refuted,0.0,0.0,1.0,0.0,0.0,0.0,0.0,,uncued_051_d02,0
always_insufficient,neutral_metadata_visible,uncued_051,packet_judgment,generated_lore,insufficient,insufficient,1.0,0.0,1.0,0.0,0.0,0.0,1.0,,,0
simple_heuristic,neutral_metadata_visible,uncued_051,packet_judgment,generated_lore,insufficient,insufficient,1.0,0.0,1.0,0.0,0.0,0.0,1.0,,"uncued_051_d02,uncued_051_d01,uncued_051_d03",1
id_only,neutral_metadata_visible,uncued_052,evidence_selection,generated_lore,insufficient,supported,0.0,0.0,1.0,0.0,0.0,0.0,0.0,,uncued_052_d01,0
document_order_only,neutral_metadata_visible,uncued_052,evidence_selection,generated_lore,insufficient,supported,0.0,0.0,1.0,1.0,0.0,0.0,0.0,uncued_052_d02,uncued_052_d02,0
title_only,neutral_metadata_visible,uncued_052,evidence_selection,generated_lore,insufficient,insufficient,1.0,0.0,1.0,0.0,0.0,0.0,1.0,,uncued_052_d02,0
source_type_only,neutral_metadata_visible,uncued_052,evidence_selection,generated_lore,insufficient,supported,0.0,0.0,1.0,0.0,0.0,0.0,0.0,,uncued_052_d02,0
metadata_only,neutral_metadata_visible,uncued_052,evidence_selection,generated_lore,insufficient,supported,0.0,0.0,1.0,0.0,0.0,0.0,0.0,,uncued_052_d04,0
timestamp_only,neutral_metadata_visible,uncued_052,evidence_selection,generated_lore,insufficient,supported,0.0,0.0,1.0,0.0,0.0,0.0,0.0,,uncued_052_d04,0
citation_graph_only,neutral_metadata_visible,uncued_052,evidence_selection,generated_lore,insufficient,insufficient,1.0,0.0,1.0,0.0,0.0,0.0,1.0,,"uncued_052_d02,uncued_052_d04",0
claim_overlap_only,neutral_metadata_visible,uncued_052,evidence_selection,generated_lore,insufficient,insufficient,1.0,0.0,1.0,0.0,0.0,0.0,1.0,,"uncued_052_d02,uncued_052_d01",0
cue_phrase_only,neutral_metadata_visible,uncued_052,evidence_selection,generated_lore,insufficient,supported,0.0,0.0,1.0,0.0,0.0,0.0,0.0,,,0
random_valid_schema,neutral_metadata_visible,uncued_052,evidence_selection,generated_lore,insufficient,supported,0.0,0.0,1.0,0.0,0.0,0.0,0.0,,uncued_052_d02,0
always_insufficient,neutral_metadata_visible,uncued_052,evidence_selection,generated_lore,insufficient,insufficient,1.0,0.0,1.0,0.0,0.0,0.0,1.0,,,0
simple_heuristic,neutral_metadata_visible,uncued_052,evidence_selection,generated_lore,insufficient,insufficient,1.0,0.0,1.0,0.0,0.0,0.0,1.0,,"uncued_052_d02,uncued_052_d01,uncued_052_d03",1
id_only,neutral_metadata_visible,uncued_053,evidence_selection,generated_lore,insufficient,supported,0.0,0.0,1.0,0.0,0.0,0.0,0.0,,uncued_053_d01,0
document_order_only,neutral_metadata_visible,uncued_053,evidence_selection,generated_lore,insufficient,supported,0.0,0.0,1.0,1.0,0.0,0.0,0.0,uncued_053_d01,uncued_053_d01,0
title_only,neutral_metadata_visible,uncued_053,evidence_selection,generated_lore,insufficient,insufficient,1.0,0.0,1.0,0.0,0.0,0.0,1.0,,uncued_053_d01,0
source_type_only,neutral_metadata_visible,uncued_053,evidence_selection,generated_lore,insufficient,supported,0.0,0.0,1.0,0.0,0.0,0.0,0.0,,uncued_053_d01,0
metadata_only,neutral_metadata_visible,uncued_053,evidence_selection,generated_lore,insufficient,supported,0.0,0.0,1.0,0.0,0.0,0.0,0.0,,uncued_053_d04,0
timestamp_only,neutral_metadata_visible,uncued_053,evidence_selection,generated_lore,insufficient,supported,0.0,0.0,1.0,0.0,0.0,0.0,0.0,,uncued_053_d02,0
citation_graph_only,neutral_metadata_visible,uncued_053,evidence_selection,generated_lore,insufficient,insufficient,1.0,0.0,1.0,0.0,0.0,0.0,1.0,,"uncued_053_d04,uncued_053_d01",0
claim_overlap_only,neutral_metadata_visible,uncued_053,evidence_selection,generated_lore,insufficient,insufficient,1.0,0.0,1.0,0.0,0.0,0.0,1.0,,"uncued_053_d04,uncued_053_d03",0
cue_phrase_only,neutral_metadata_visible,uncued_053,evidence_selection,generated_lore,insufficient,supported,0.0,0.0,1.0,0.0,0.0,0.0,0.0,,,0
random_valid_schema,neutral_metadata_visible,uncued_053,evidence_selection,generated_lore,insufficient,refuted,0.0,0.0,1.0,0.0,0.0,0.0,0.0,,uncued_053_d03,0
always_insufficient,neutral_metadata_visible,uncued_053,evidence_selection,generated_lore,insufficient,insufficient,1.0,0.0,1.0,0.0,0.0,0.0,1.0,,,0
simple_heuristic,neutral_metadata_visible,uncued_053,evidence_selection,generated_lore,insufficient,insufficient,1.0,0.0,1.0,0.0,0.0,0.0,1.0,,"uncued_053_d04,uncued_053_d03,uncued_053_d01",1
id_only,neutral_metadata_visible,uncued_054,evidence_selection,generated_lore,insufficient,supported,0.0,0.0,1.0,0.0,0.0,0.0,0.0,,uncued_054_d01,0
document_order_only,neutral_metadata_visible,uncued_054,evidence_selection,generated_lore,insufficient,supported,0.0,0.0,1.0,1.0,0.0,0.0,0.0,uncued_054_d03,uncued_054_d03,0
title_only,neutral_metadata_visible,uncued_054,evidence_selection,generated_lore,insufficient,insufficient,1.0,0.0,1.0,0.0,0.0,0.0,1.0,,uncued_054_d03,0
source_type_only,neutral_metadata_visible,uncued_054,evidence_selection,generated_lore,insufficient,supported,0.0,0.0,1.0,0.0,0.0,0.0,0.0,,uncued_054_d03,0
metadata_only,neutral_metadata_visible,uncued_054,evidence_selection,generated_lore,insufficient,supported,0.0,0.0,1.0,0.0,0.0,0.0,0.0,,uncued_054_d04,0
timestamp_only,neutral_metadata_visible,uncued_054,evidence_selection,generated_lore,insufficient,supported,0.0,0.0,1.0,0.0,0.0,0.0,0.0,,uncued_054_d02,0
citation_graph_only,neutral_metadata_visible,uncued_054,evidence_selection,generated_lore,insufficient,insufficient,1.0,0.0,1.0,0.0,0.0,0.0,1.0,,"uncued_054_d04,uncued_054_d03",0
claim_overlap_only,neutral_metadata_visible,uncued_054,evidence_selection,generated_lore,insufficient,insufficient,1.0,0.0,1.0,0.0,0.0,0.0,1.0,,"uncued_054_d01,uncued_054_d04",0
cue_phrase_only,neutral_metadata_visible,uncued_054,evidence_selection,generated_lore,insufficient,supported,0.0,0.0,1.0,0.0,0.0,0.0,0.0,,,0
random_valid_schema,neutral_metadata_visible,uncued_054,evidence_selection,generated_lore,insufficient,supported,0.0,0.0,1.0,0.0,0.0,0.0,0.0,,uncued_054_d02,0
always_insufficient,neutral_metadata_visible,uncued_054,evidence_selection,generated_lore,insufficient,insufficient,1.0,0.0,1.0,0.0,0.0,0.0,1.0,,,0
simple_heuristic,neutral_metadata_visible,uncued_054,evidence_selection,generated_lore,insufficient,insufficient,1.0,0.0,1.0,0.0,0.0,0.0,1.0,,"uncued_054_d01,uncued_054_d04,uncued_054_d03",1
id_only,neutral_metadata_visible,uncued_055,evidence_selection,generated_lore,insufficient,supported,0.0,0.0,1.0,0.0,0.0,0.0,0.0,,uncued_055_d01,0
document_order_only,neutral_metadata_visible,uncued_055,evidence_selection,generated_lore,insufficient,supported,0.0,0.0,1.0,0.0,0.0,0.0,0.0,uncued_055_d01,uncued_055_d01,0
title_only,neutral_metadata_visible,uncued_055,evidence_selection,generated_lore,insufficient,insufficient,1.0,0.0,1.0,0.0,0.0,0.0,1.0,,uncued_055_d01,0
source_type_only,neutral_metadata_visible,uncued_055,evidence_selection,generated_lore,insufficient,supported,0.0,0.0,1.0,0.0,0.0,0.0,0.0,,uncued_055_d01,0
metadata_only,neutral_metadata_visible,uncued_055,evidence_selection,generated_lore,insufficient,supported,0.0,0.0,1.0,0.0,0.0,0.0,0.0,,uncued_055_d04,0
timestamp_only,neutral_metadata_visible,uncued_055,evidence_selection,generated_lore,insufficient,supported,0.0,0.0,1.0,0.0,0.0,0.0,0.0,,uncued_055_d02,0
citation_graph_only,neutral_metadata_visible,uncued_055,evidence_selection,generated_lore,insufficient,insufficient,1.0,0.0,1.0,0.0,0.0,0.0,1.0,,"uncued_055_d03,uncued_055_d01",0
claim_overlap_only,neutral_metadata_visible,uncued_055,evidence_selection,generated_lore,insufficient,insufficient,1.0,0.0,1.0,0.0,0.0,0.0,1.0,,"uncued_055_d01,uncued_055_d03",0
cue_phrase_only,neutral_metadata_visible,uncued_055,evidence_selection,generated_lore,insufficient,supported,0.0,0.0,1.0,0.0,0.0,0.0,0.0,,,0
random_valid_schema,neutral_metadata_visible,uncued_055,evidence_selection,generated_lore,insufficient,supported,0.0,0.0,1.0,0.0,0.0,0.0,0.0,,uncued_055_d03,0
always_insufficient,neutral_metadata_visible,uncued_055,evidence_selection,generated_lore,insufficient,insufficient,1.0,0.0,1.0,0.0,0.0,0.0,1.0,,,0
simple_heuristic,neutral_metadata_visible,uncued_055,evidence_selection,generated_lore,insufficient,insufficient,1.0,0.0,1.0,0.0,0.0,0.0,1.0,,"uncued_055_d01,uncued_055_d03,uncued_055_d04",1
id_only,neutral_metadata_visible,uncued_056,active_verification,generated_lore,insufficient,supported,0.0,0.0,1.0,0.0,0.0,0.0,0.0,,uncued_056_d01,0
document_order_only,neutral_metadata_visible,uncued_056,active_verification,generated_lore,insufficient,supported,0.0,0.0,1.0,0.0,0.0,0.0,0.0,uncued_056_d04,uncued_056_d04,0
title_only,neutral_metadata_visible,uncued_056,active_verification,generated_lore,insufficient,insufficient,1.0,0.0,1.0,0.0,0.0,0.0,0.0,,uncued_056_d04,0
source_type_only,neutral_metadata_visible,uncued_056,active_verification,generated_lore,insufficient,supported,0.0,0.0,1.0,0.0,0.0,0.0,0.0,,uncued_056_d04,0
metadata_only,neutral_metadata_visible,uncued_056,active_verification,generated_lore,insufficient,supported,0.0,0.0,1.0,0.0,0.0,0.0,0.0,,uncued_056_d04,0
timestamp_only,neutral_metadata_visible,uncued_056,active_verification,generated_lore,insufficient,supported,0.0,0.0,1.0,0.0,0.0,0.0,0.0,,uncued_056_d04,0
citation_graph_only,neutral_metadata_visible,uncued_056,active_verification,generated_lore,insufficient,insufficient,1.0,0.0,1.0,0.0,0.0,0.0,0.0,,"uncued_056_d01,uncued_056_d04",0
claim_overlap_only,neutral_metadata_visible,uncued_056,active_verification,generated_lore,insufficient,insufficient,1.0,0.0,1.0,0.0,0.0,0.0,0.0,,"uncued_056_d01,uncued_056_d02",0
cue_phrase_only,neutral_metadata_visible,uncued_056,active_verification,generated_lore,insufficient,supported,0.0,0.0,1.0,0.0,0.0,0.0,0.0,,,0
random_valid_schema,neutral_metadata_visible,uncued_056,active_verification,generated_lore,insufficient,supported,0.0,0.0,1.0,0.0,0.0,0.0,0.0,,uncued_056_d04,0
always_insufficient,neutral_metadata_visible,uncued_056,active_verification,generated_lore,insufficient,insufficient,1.0,0.0,1.0,0.0,0.0,0.0,0.0,,,0
simple_heuristic,neutral_metadata_visible,uncued_056,active_verification,generated_lore,insufficient,insufficient,1.0,0.0,1.0,0.0,0.0,1.0,1.0,,"uncued_056_d01,uncued_056_d02,uncued_056_d03",1
id_only,neutral_metadata_visible,uncued_057,active_verification,generated_lore,insufficient,supported,0.0,0.0,1.0,0.0,0.0,0.0,0.0,,uncued_057_d01,0
document_order_only,neutral_metadata_visible,uncued_057,active_verification,generated_lore,insufficient,supported,0.0,0.0,1.0,1.0,0.0,0.0,0.0,uncued_057_d03,uncued_057_d03,0
title_only,neutral_metadata_visible,uncued_057,active_verification,generated_lore,insufficient,insufficient,1.0,0.0,1.0,0.0,0.0,0.0,0.0,,uncued_057_d03,0
source_type_only,neutral_metadata_visible,uncued_057,active_verification,generated_lore,insufficient,supported,0.0,0.0,1.0,0.0,0.0,0.0,0.0,,uncued_057_d03,0
metadata_only,neutral_metadata_visible,uncued_057,active_verification,generated_lore,insufficient,supported,0.0,0.0,1.0,0.0,0.0,0.0,0.0,,uncued_057_d04,0
timestamp_only,neutral_metadata_visible,uncued_057,active_verification,generated_lore,insufficient,supported,0.0,0.0,1.0,0.0,0.0,0.0,0.0,,uncued_057_d01,0
citation_graph_only,neutral_metadata_visible,uncued_057,active_verification,generated_lore,insufficient,insufficient,1.0,0.0,1.0,0.0,0.0,0.0,0.0,,"uncued_057_d04,uncued_057_d03",0
claim_overlap_only,neutral_metadata_visible,uncued_057,active_verification,generated_lore,insufficient,insufficient,1.0,0.0,1.0,0.0,0.0,0.0,0.0,,"uncued_057_d04,uncued_057_d02",0
cue_phrase_only,neutral_metadata_visible,uncued_057,active_verification,generated_lore,insufficient,supported,0.0,0.0,1.0,0.0,0.0,0.0,0.0,,,0
random_valid_schema,neutral_metadata_visible,uncued_057,active_verification,generated_lore,insufficient,insufficient,1.0,0.0,1.0,0.0,0.0,0.0,0.0,,uncued_057_d03,0
always_insufficient,neutral_metadata_visible,uncued_057,active_verification,generated_lore,insufficient,insufficient,1.0,0.0,1.0,0.0,0.0,0.0,0.0,,,0
simple_heuristic,neutral_metadata_visible,uncued_057,active_verification,generated_lore,insufficient,insufficient,1.0,0.0,1.0,0.0,0.0,1.0,1.0,,"uncued_057_d04,uncued_057_d02,uncued_057_d03",1
id_only,neutral_metadata_visible,uncued_058,active_verification,generated_lore,insufficient,supported,0.0,0.0,1.0,0.0,0.0,0.0,0.0,,uncued_058_d01,0
document_order_only,neutral_metadata_visible,uncued_058,active_verification,generated_lore,insufficient,supported,0.0,0.0,1.0,0.0,0.0,0.0,0.0,uncued_058_d04,uncued_058_d04,0
title_only,neutral_metadata_visible,uncued_058,active_verification,generated_lore,insufficient,insufficient,1.0,0.0,1.0,0.0,0.0,0.0,0.0,,uncued_058_d04,0
source_type_only,neutral_metadata_visible,uncued_058,active_verification,generated_lore,insufficient,supported,0.0,0.0,1.0,0.0,0.0,0.0,0.0,,uncued_058_d04,0
metadata_only,neutral_metadata_visible,uncued_058,active_verification,generated_lore,insufficient,supported,0.0,0.0,1.0,0.0,0.0,0.0,0.0,,uncued_058_d04,0
timestamp_only,neutral_metadata_visible,uncued_058,active_verification,generated_lore,insufficient,supported,0.0,0.0,1.0,0.0,0.0,0.0,0.0,,uncued_058_d03,0
citation_graph_only,neutral_metadata_visible,uncued_058,active_verification,generated_lore,insufficient,insufficient,1.0,0.0,1.0,0.0,0.0,0.0,0.0,,"uncued_058_d01,uncued_058_d04",0
claim_overlap_only,neutral_metadata_visible,uncued_058,active_verification,generated_lore,insufficient,insufficient,1.0,0.0,1.0,0.0,0.0,0.0,0.0,,"uncued_058_d04,uncued_058_d01",0
cue_phrase_only,neutral_metadata_visible,uncued_058,active_verification,generated_lore,insufficient,supported,0.0,0.0,1.0,0.0,0.0,0.0,0.0,,,0
random_valid_schema,neutral_metadata_visible,uncued_058,active_verification,generated_lore,insufficient,supported,0.0,0.0,1.0,0.0,0.0,0.0,0.0,,uncued_058_d03,0
always_insufficient,neutral_metadata_visible,uncued_058,active_verification,generated_lore,insufficient,insufficient,1.0,0.0,1.0,0.0,0.0,0.0,0.0,,,0
simple_heuristic,neutral_metadata_visible,uncued_058,active_verification,generated_lore,insufficient,insufficient,1.0,0.0,1.0,0.0,0.0,1.0,1.0,,"uncued_058_d04,uncued_058_d01,uncued_058_d02",1
id_only,neutral_metadata_visible,uncued_059,active_verification,generated_lore,insufficient,supported,0.0,0.0,1.0,0.0,0.0,0.0,0.0,,uncued_059_d01,0
document_order_only,neutral_metadata_visible,uncued_059,active_verification,generated_lore,insufficient,supported,0.0,0.0,1.0,1.0,0.0,0.0,0.0,uncued_059_d02,uncued_059_d02,0
title_only,neutral_metadata_visible,uncued_059,active_verification,generated_lore,insufficient,insufficient,1.0,0.0,1.0,0.0,0.0,0.0,0.0,,uncued_059_d02,0
source_type_only,neutral_metadata_visible,uncued_059,active_verification,generated_lore,insufficient,supported,0.0,0.0,1.0,0.0,0.0,0.0,0.0,,uncued_059_d02,0
metadata_only,neutral_metadata_visible,uncued_059,active_verification,generated_lore,insufficient,supported,0.0,0.0,1.0,0.0,0.0,0.0,0.0,,uncued_059_d04,0
timestamp_only,neutral_metadata_visible,uncued_059,active_verification,generated_lore,insufficient,supported,0.0,0.0,1.0,0.0,0.0,0.0,0.0,,uncued_059_d03,0
citation_graph_only,neutral_metadata_visible,uncued_059,active_verification,generated_lore,insufficient,insufficient,1.0,0.0,1.0,0.0,0.0,0.0,0.0,,"uncued_059_d02,uncued_059_d04",0
claim_overlap_only,neutral_metadata_visible,uncued_059,active_verification,generated_lore,insufficient,insufficient,1.0,0.0,1.0,0.0,0.0,0.0,0.0,,"uncued_059_d02,uncued_059_d01",0
cue_phrase_only,neutral_metadata_visible,uncued_059,active_verification,generated_lore,insufficient,supported,0.0,0.0,1.0,0.0,0.0,0.0,0.0,,,0
random_valid_schema,neutral_metadata_visible,uncued_059,active_verification,generated_lore,insufficient,supported,0.0,0.0,1.0,0.0,0.0,0.0,0.0,,uncued_059_d03,0
always_insufficient,neutral_metadata_visible,uncued_059,active_verification,generated_lore,insufficient,insufficient,1.0,0.0,1.0,0.0,0.0,0.0,0.0,,,0
simple_heuristic,neutral_metadata_visible,uncued_059,active_verification,generated_lore,insufficient,insufficient,1.0,0.0,1.0,0.0,0.0,1.0,1.0,,"uncued_059_d02,uncued_059_d01,uncued_059_d04",1
id_only,neutral_metadata_hidden,uncued_000,packet_judgment,clean,supported,supported,1.0,0.0,0.0,0.0,0.0,0.0,0.0,,uncued_000_d01,0
document_order_only,neutral_metadata_hidden,uncued_000,packet_judgment,clean,supported,supported,1.0,0.0,0.0,0.0,0.0,0.0,0.0,uncued_000_d04,uncued_000_d04,0
title_only,neutral_metadata_hidden,uncued_000,packet_judgment,clean,supported,insufficient,0.0,0.0,0.0,0.0,0.0,0.0,0.0,,,0
source_type_only,neutral_metadata_hidden,uncued_000,packet_judgment,clean,supported,supported,1.0,0.0,0.0,0.0,0.0,0.0,0.0,,,0
metadata_only,neutral_metadata_hidden,uncued_000,packet_judgment,clean,supported,supported,1.0,0.0,0.0,0.0,0.0,0.0,0.0,,uncued_000_d04,0
timestamp_only,neutral_metadata_hidden,uncued_000,packet_judgment,clean,supported,supported,1.0,0.0,0.0,0.0,0.0,0.0,0.0,,uncued_000_d02,0
citation_graph_only,neutral_metadata_hidden,uncued_000,packet_judgment,clean,supported,insufficient,0.0,0.0,0.0,0.0,0.0,0.0,0.0,,"uncued_000_d04,uncued_000_d01",0
claim_overlap_only,neutral_metadata_hidden,uncued_000,packet_judgment,clean,supported,insufficient,0.0,0.0,0.0,0.0,0.0,0.0,0.0,,"uncued_000_d03,uncued_000_d04",0
cue_phrase_only,neutral_metadata_hidden,uncued_000,packet_judgment,clean,supported,supported,1.0,0.0,0.0,0.0,0.0,0.0,0.0,,,0
random_valid_schema,neutral_metadata_hidden,uncued_000,packet_judgment,clean,supported,insufficient,0.0,0.0,0.0,0.0,0.0,0.0,0.0,,uncued_000_d01,0
always_insufficient,neutral_metadata_hidden,uncued_000,packet_judgment,clean,supported,insufficient,0.0,0.0,0.0,0.0,0.0,0.0,0.0,,,0
simple_heuristic,neutral_metadata_hidden,uncued_000,packet_judgment,clean,supported,supported,1.0,1.0,1.0,0.0,0.0,0.0,1.0,uncued_000_d03,"uncued_000_d03,uncued_000_d04,uncued_000_d01",1
id_only,neutral_metadata_hidden,uncued_001,packet_judgment,clean,refuted,supported,0.0,0.0,0.0,0.0,0.0,0.0,0.0,,uncued_001_d01,0
document_order_only,neutral_metadata_hidden,uncued_001,packet_judgment,clean,refuted,supported,0.0,1.0,1.0,0.0,0.0,0.0,0.0,uncued_001_d01,uncued_001_d01,0
title_only,neutral_metadata_hidden,uncued_001,packet_judgment,clean,refuted,insufficient,0.0,0.0,0.0,0.0,0.0,0.0,0.0,,,0
source_type_only,neutral_metadata_hidden,uncued_001,packet_judgment,clean,refuted,supported,0.0,0.0,0.0,0.0,0.0,0.0,0.0,,,0
metadata_only,neutral_metadata_hidden,uncued_001,packet_judgment,clean,refuted,supported,0.0,0.0,0.0,0.0,0.0,0.0,0.0,,uncued_001_d04,0
timestamp_only,neutral_metadata_hidden,uncued_001,packet_judgment,clean,refuted,supported,0.0,0.0,0.0,0.0,0.0,0.0,0.0,,uncued_001_d04,0
citation_graph_only,neutral_metadata_hidden,uncued_001,packet_judgment,clean,refuted,insufficient,0.0,0.0,0.0,0.0,0.0,0.0,0.0,,"uncued_001_d01,uncued_001_d02",0
claim_overlap_only,neutral_metadata_hidden,uncued_001,packet_judgment,clean,refuted,insufficient,0.0,0.0,0.0,0.0,0.0,0.0,0.0,,"uncued_001_d01,uncued_001_d02",0
cue_phrase_only,neutral_metadata_hidden,uncued_001,packet_judgment,clean,refuted,supported,0.0,0.0,0.0,0.0,0.0,0.0,0.0,,,0
random_valid_schema,neutral_metadata_hidden,uncued_001,packet_judgment,clean,refuted,insufficient,0.0,0.0,0.0,0.0,0.0,0.0,0.0,,uncued_001_d01,0
always_insufficient,neutral_metadata_hidden,uncued_001,packet_judgment,clean,refuted,insufficient,0.0,0.0,0.0,0.0,0.0,0.0,0.0,,,0
simple_heuristic,neutral_metadata_hidden,uncued_001,packet_judgment,clean,refuted,supported,0.0,1.0,1.0,0.0,0.0,0.0,0.0,uncued_001_d01,"uncued_001_d01,uncued_001_d02,uncued_001_d03",1
id_only,neutral_metadata_hidden,uncued_002,packet_judgment,clean,supported,supported,1.0,0.0,0.0,0.0,0.0,0.0,0.0,,uncued_002_d01,0
document_order_only,neutral_metadata_hidden,uncued_002,packet_judgment,clean,supported,supported,1.0,0.0,0.0,0.0,0.0,0.0,0.0,uncued_002_d04,uncued_002_d04,0
title_only,neutral_metadata_hidden,uncued_002,packet_judgment,clean,supported,insufficient,0.0,0.0,0.0,0.0,0.0,0.0,0.0,,,0
source_type_only,neutral_metadata_hidden,uncued_002,packet_judgment,clean,supported,supported,1.0,0.0,0.0,0.0,0.0,0.0,0.0,,,0
metadata_only,neutral_metadata_hidden,uncued_002,packet_judgment,clean,supported,supported,1.0,0.0,0.0,0.0,0.0,0.0,0.0,,uncued_002_d04,0
timestamp_only,neutral_metadata_hidden,uncued_002,packet_judgment,clean,supported,supported,1.0,0.0,0.0,0.0,0.0,0.0,0.0,,uncued_002_d04,0
citation_graph_only,neutral_metadata_hidden,uncued_002,packet_judgment,clean,supported,insufficient,0.0,0.0,0.0,0.0,0.0,0.0,0.0,,"uncued_002_d04,uncued_002_d02",0
claim_overlap_only,neutral_metadata_hidden,uncued_002,packet_judgment,clean,supported,insufficient,0.0,0.0,0.0,0.0,0.0,0.0,0.0,,"uncued_002_d03,uncued_002_d02",0
cue_phrase_only,neutral_metadata_hidden,uncued_002,packet_judgment,clean,supported,supported,1.0,0.0,0.0,0.0,0.0,0.0,0.0,,,0
random_valid_schema,neutral_metadata_hidden,uncued_002,packet_judgment,clean,supported,insufficient,0.0,0.0,0.0,0.0,0.0,0.0,0.0,,uncued_002_d04,0
always_insufficient,neutral_metadata_hidden,uncued_002,packet_judgment,clean,supported,insufficient,0.0,0.0,0.0,0.0,0.0,0.0,0.0,,,0
simple_heuristic,neutral_metadata_hidden,uncued_002,packet_judgment,clean,supported,supported,1.0,1.0,1.0,0.0,0.0,0.0,1.0,uncued_002_d03,"uncued_002_d03,uncued_002_d02,uncued_002_d01",1
id_only,neutral_metadata_hidden,uncued_003,packet_judgment,clean,refuted,supported,0.0,0.0,0.0,0.0,0.0,0.0,0.0,,uncued_003_d01,0
document_order_only,neutral_metadata_hidden,uncued_003,packet_judgment,clean,refuted,supported,0.0,0.0,0.0,0.0,0.0,0.0,0.0,uncued_003_d03,uncued_003_d03,0
title_only,neutral_metadata_hidden,uncued_003,packet_judgment,clean,refuted,insufficient,0.0,0.0,0.0,0.0,0.0,0.0,0.0,,,0
source_type_only,neutral_metadata_hidden,uncued_003,packet_judgment,clean,refuted,supported,0.0,0.0,0.0,0.0,0.0,0.0,0.0,,,0
metadata_only,neutral_metadata_hidden,uncued_003,packet_judgment,clean,refuted,supported,0.0,0.0,0.0,0.0,0.0,0.0,0.0,,uncued_003_d04,0
timestamp_only,neutral_metadata_hidden,uncued_003,packet_judgment,clean,refuted,supported,0.0,0.0,0.0,0.0,0.0,0.0,0.0,,uncued_003_d04,0
citation_graph_only,neutral_metadata_hidden,uncued_003,packet_judgment,clean,refuted,insufficient,0.0,0.0,0.0,0.0,0.0,0.0,0.0,,"uncued_003_d03,uncued_003_d02",0
claim_overlap_only,neutral_metadata_hidden,uncued_003,packet_judgment,clean,refuted,insufficient,0.0,0.0,0.0,0.0,0.0,0.0,0.0,,"uncued_003_d01,uncued_003_d03",0
cue_phrase_only,neutral_metadata_hidden,uncued_003,packet_judgment,clean,refuted,supported,0.0,0.0,0.0,0.0,0.0,0.0,0.0,,,0
random_valid_schema,neutral_metadata_hidden,uncued_003,packet_judgment,clean,refuted,refuted,1.0,0.0,0.0,0.0,0.0,0.0,0.0,,uncued_003_d02,0
always_insufficient,neutral_metadata_hidden,uncued_003,packet_judgment,clean,refuted,insufficient,0.0,0.0,0.0,0.0,0.0,0.0,0.0,,,0
simple_heuristic,neutral_metadata_hidden,uncued_003,packet_judgment,clean,refuted,supported,0.0,1.0,1.0,0.0,0.0,0.0,0.0,uncued_003_d01,"uncued_003_d01,uncued_003_d03,uncued_003_d02",1
id_only,neutral_metadata_hidden,uncued_004,packet_judgment,clean,supported,supported,1.0,0.0,0.0,0.0,0.0,0.0,0.0,,uncued_004_d01,0
document_order_only,neutral_metadata_hidden,uncued_004,packet_judgment,clean,supported,supported,1.0,1.0,1.0,0.0,0.0,0.0,1.0,uncued_004_d02,uncued_004_d02,0
title_only,neutral_metadata_hidden,uncued_004,packet_judgment,clean,supported,insufficient,0.0,0.0,0.0,0.0,0.0,0.0,0.0,,,0
source_type_only,neutral_metadata_hidden,uncued_004,packet_judgment,clean,supported,supported,1.0,0.0,0.0,0.0,0.0,0.0,0.0,,,0
metadata_only,neutral_metadata_hidden,uncued_004,packet_judgment,clean,supported,supported,1.0,0.0,0.0,0.0,0.0,0.0,0.0,,uncued_004_d04,0
timestamp_only,neutral_metadata_hidden,uncued_004,packet_judgment,clean,supported,supported,1.0,0.0,0.0,0.0,0.0,0.0,0.0,,uncued_004_d03,0
citation_graph_only,neutral_metadata_hidden,uncued_004,packet_judgment,clean,supported,insufficient,0.0,0.0,0.0,0.0,0.0,0.0,0.0,,"uncued_004_d02,uncued_004_d04",0
claim_overlap_only,neutral_metadata_hidden,uncued_004,packet_judgment,clean,supported,insufficient,0.0,0.0,0.0,0.0,0.0,0.0,0.0,,"uncued_004_d02,uncued_004_d04",0
cue_phrase_only,neutral_metadata_hidden,uncued_004,packet_judgment,clean,supported,supported,1.0,0.0,0.0,0.0,0.0,0.0,0.0,,,0
random_valid_schema,neutral_metadata_hidden,uncued_004,packet_judgment,clean,supported,refuted,0.0,0.0,0.0,0.0,0.0,0.0,0.0,,uncued_004_d02,0
always_insufficient,neutral_metadata_hidden,uncued_004,packet_judgment,clean,supported,insufficient,0.0,0.0,0.0,0.0,0.0,0.0,0.0,,,0
simple_heuristic,neutral_metadata_hidden,uncued_004,packet_judgment,clean,supported,supported,1.0,1.0,1.0,0.0,0.0,0.0,1.0,uncued_004_d02,"uncued_004_d02,uncued_004_d04,uncued_004_d01",1
id_only,neutral_metadata_hidden,uncued_005,evidence_selection,clean,refuted,supported,0.0,0.0,0.0,0.0,0.0,0.0,0.0,,uncued_005_d01,0
document_order_only,neutral_metadata_hidden,uncued_005,evidence_selection,clean,refuted,supported,0.0,1.0,1.0,0.0,0.0,0.0,0.0,uncued_005_d02,uncued_005_d02,0
title_only,neutral_metadata_hidden,uncued_005,evidence_selection,clean,refuted,insufficient,0.0,0.0,0.0,0.0,0.0,0.0,0.0,,,0
source_type_only,neutral_metadata_hidden,uncued_005,evidence_selection,clean,refuted,supported,0.0,0.0,0.0,0.0,0.0,0.0,0.0,,,0
metadata_only,neutral_metadata_hidden,uncued_005,evidence_selection,clean,refuted,supported,0.0,0.0,0.0,0.0,0.0,0.0,0.0,,uncued_005_d04,0
timestamp_only,neutral_metadata_hidden,uncued_005,evidence_selection,clean,refuted,supported,0.0,0.0,0.0,0.0,0.0,0.0,0.0,,uncued_005_d01,0
citation_graph_only,neutral_metadata_hidden,uncued_005,evidence_selection,clean,refuted,insufficient,0.0,0.0,0.0,0.0,0.0,0.0,0.0,,"uncued_005_d02,uncued_005_d04",0
claim_overlap_only,neutral_metadata_hidden,uncued_005,evidence_selection,clean,refuted,insufficient,0.0,0.0,0.0,0.0,0.0,0.0,0.0,,"uncued_005_d02,uncued_005_d04",0
cue_phrase_only,neutral_metadata_hidden,uncued_005,evidence_selection,clean,refuted,supported,0.0,0.0,0.0,0.0,0.0,0.0,0.0,,,0
random_valid_schema,neutral_metadata_hidden,uncued_005,evidence_selection,clean,refuted,refuted,1.0,0.0,0.0,0.0,0.0,0.0,0.0,,uncued_005_d01,0
always_insufficient,neutral_metadata_hidden,uncued_005,evidence_selection,clean,refuted,insufficient,0.0,0.0,0.0,0.0,0.0,0.0,0.0,,,0
simple_heuristic,neutral_metadata_hidden,uncued_005,evidence_selection,clean,refuted,supported,0.0,1.0,1.0,0.0,0.0,0.0,0.0,uncued_005_d02,"uncued_005_d02,uncued_005_d04,uncued_005_d01",1
id_only,neutral_metadata_hidden,uncued_006,evidence_selection,clean,supported,supported,1.0,0.0,0.0,0.0,0.0,0.0,0.0,,uncued_006_d01,0
document_order_only,neutral_metadata_hidden,uncued_006,evidence_selection,clean,supported,supported,1.0,1.0,1.0,0.0,0.0,0.0,1.0,uncued_006_d03,uncued_006_d03,0
title_only,neutral_metadata_hidden,uncued_006,evidence_selection,clean,supported,insufficient,0.0,0.0,0.0,0.0,0.0,0.0,0.0,,,0
source_type_only,neutral_metadata_hidden,uncued_006,evidence_selection,clean,supported,supported,1.0,0.0,0.0,0.0,0.0,0.0,0.0,,,0
metadata_only,neutral_metadata_hidden,uncued_006,evidence_selection,clean,supported,supported,1.0,0.0,0.0,0.0,0.0,0.0,0.0,,uncued_006_d04,0
timestamp_only,neutral_metadata_hidden,uncued_006,evidence_selection,clean,supported,supported,1.0,0.0,0.0,0.0,0.0,0.0,0.0,,uncued_006_d01,0
citation_graph_only,neutral_metadata_hidden,uncued_006,evidence_selection,clean,supported,insufficient,0.0,0.0,0.0,0.0,0.0,0.0,0.0,,"uncued_006_d03,uncued_006_d01",0
claim_overlap_only,neutral_metadata_hidden,uncued_006,evidence_selection,clean,supported,insufficient,0.0,0.0,0.0,0.0,0.0,0.0,0.0,,"uncued_006_d03,uncued_006_d04",0
cue_phrase_only,neutral_metadata_hidden,uncued_006,evidence_selection,clean,supported,supported,1.0,0.0,0.0,0.0,0.0,0.0,0.0,,,0
random_valid_schema,neutral_metadata_hidden,uncued_006,evidence_selection,clean,supported,insufficient,0.0,0.0,0.0,0.0,0.0,0.0,0.0,,uncued_006_d04,0
always_insufficient,neutral_metadata_hidden,uncued_006,evidence_selection,clean,supported,insufficient,0.0,0.0,0.0,0.0,0.0,0.0,0.0,,,0
simple_heuristic,neutral_metadata_hidden,uncued_006,evidence_selection,clean,supported,supported,1.0,1.0,1.0,0.0,0.0,0.0,1.0,uncued_006_d03,"uncued_006_d03,uncued_006_d04,uncued_006_d02",1
id_only,neutral_metadata_hidden,uncued_007,evidence_selection,clean,refuted,supported,0.0,0.0,0.0,0.0,0.0,0.0,0.0,,uncued_007_d01,0
document_order_only,neutral_metadata_hidden,uncued_007,evidence_selection,clean,refuted,supported,0.0,0.0,0.0,0.0,0.0,0.0,0.0,uncued_007_d03,uncued_007_d03,0
title_only,neutral_metadata_hidden,uncued_007,evidence_selection,clean,refuted,insufficient,0.0,0.0,0.0,0.0,0.0,0.0,0.0,,,0
source_type_only,neutral_metadata_hidden,uncued_007,evidence_selection,clean,refuted,supported,0.0,0.0,0.0,0.0,0.0,0.0,0.0,,,0
metadata_only,neutral_metadata_hidden,uncued_007,evidence_selection,clean,refuted,supported,0.0,0.0,0.0,0.0,0.0,0.0,0.0,,uncued_007_d04,0
timestamp_only,neutral_metadata_hidden,uncued_007,evidence_selection,clean,refuted,supported,0.0,0.0,0.0,0.0,0.0,0.0,0.0,,uncued_007_d01,0
citation_graph_only,neutral_metadata_hidden,uncued_007,evidence_selection,clean,refuted,insufficient,0.0,0.0,0.0,0.0,0.0,0.0,0.0,,"uncued_007_d03,uncued_007_d04",0
claim_overlap_only,neutral_metadata_hidden,uncued_007,evidence_selection,clean,refuted,insufficient,0.0,0.0,0.0,0.0,0.0,0.0,0.0,,"uncued_007_d04,uncued_007_d03",0
cue_phrase_only,neutral_metadata_hidden,uncued_007,evidence_selection,clean,refuted,supported,0.0,0.0,0.0,0.0,0.0,0.0,0.0,,,0
random_valid_schema,neutral_metadata_hidden,uncued_007,evidence_selection,clean,refuted,insufficient,0.0,0.0,0.0,0.0,0.0,0.0,0.0,,uncued_007_d02,0
always_insufficient,neutral_metadata_hidden,uncued_007,evidence_selection,clean,refuted,insufficient,0.0,0.0,0.0,0.0,0.0,0.0,0.0,,,0
simple_heuristic,neutral_metadata_hidden,uncued_007,evidence_selection,clean,refuted,supported,0.0,1.0,1.0,0.0,0.0,0.0,0.0,uncued_007_d04,"uncued_007_d04,uncued_007_d03,uncued_007_d02",1
id_only,neutral_metadata_hidden,uncued_008,evidence_selection,clean,supported,supported,1.0,0.0,0.0,0.0,0.0,0.0,0.0,,uncued_008_d01,0
document_order_only,neutral_metadata_hidden,uncued_008,evidence_selection,clean,supported,supported,1.0,1.0,1.0,0.0,0.0,0.0,1.0,uncued_008_d03,uncued_008_d03,0
title_only,neutral_metadata_hidden,uncued_008,evidence_selection,clean,supported,insufficient,0.0,0.0,0.0,0.0,0.0,0.0,0.0,,,0
source_type_only,neutral_metadata_hidden,uncued_008,evidence_selection,clean,supported,supported,1.0,0.0,0.0,0.0,0.0,0.0,0.0,,,0
metadata_only,neutral_metadata_hidden,uncued_008,evidence_selection,clean,supported,supported,1.0,0.0,0.0,0.0,0.0,0.0,0.0,,uncued_008_d04,0
timestamp_only,neutral_metadata_hidden,uncued_008,evidence_selection,clean,supported,supported,1.0,0.0,0.0,0.0,0.0,0.0,0.0,,uncued_008_d01,0
citation_graph_only,neutral_metadata_hidden,uncued_008,evidence_selection,clean,supported,insufficient,0.0,0.0,0.0,0.0,0.0,0.0,0.0,,"uncued_008_d03,uncued_008_d02",0
claim_overlap_only,neutral_metadata_hidden,uncued_008,evidence_selection,clean,supported,insufficient,0.0,0.0,0.0,0.0,0.0,0.0,0.0,,"uncued_008_d03,uncued_008_d02",0
cue_phrase_only,neutral_metadata_hidden,uncued_008,evidence_selection,clean,supported,supported,1.0,0.0,0.0,0.0,0.0,0.0,0.0,,,0
random_valid_schema,neutral_metadata_hidden,uncued_008,evidence_selection,clean,supported,insufficient,0.0,0.0,0.0,0.0,0.0,0.0,0.0,,uncued_008_d03,0
always_insufficient,neutral_metadata_hidden,uncued_008,evidence_selection,clean,supported,insufficient,0.0,0.0,0.0,0.0,0.0,0.0,0.0,,,0
simple_heuristic,neutral_metadata_hidden,uncued_008,evidence_selection,clean,supported,supported,1.0,1.0,1.0,0.0,0.0,0.0,1.0,uncued_008_d03,"uncued_008_d03,uncued_008_d02,uncued_008_d04",1
id_only,neutral_metadata_hidden,uncued_009,evidence_selection,clean,refuted,supported,0.0,0.0,0.0,0.0,0.0,0.0,0.0,,uncued_009_d01,0
document_order_only,neutral_metadata_hidden,uncued_009,evidence_selection,clean,refuted,supported,0.0,0.0,0.0,0.0,0.0,0.0,0.0,uncued_009_d02,uncued_009_d02,0
title_only,neutral_metadata_hidden,uncued_009,evidence_selection,clean,refuted,insufficient,0.0,0.0,0.0,0.0,0.0,0.0,0.0,,,0
source_type_only,neutral_metadata_hidden,uncued_009,evidence_selection,clean,refuted,supported,0.0,0.0,0.0,0.0,0.0,0.0,0.0,,,0
metadata_only,neutral_metadata_hidden,uncued_009,evidence_selection,clean,refuted,supported,0.0,0.0,0.0,0.0,0.0,0.0,0.0,,uncued_009_d04,0
timestamp_only,neutral_metadata_hidden,uncued_009,evidence_selection,clean,refuted,supported,0.0,0.0,0.0,0.0,0.0,0.0,0.0,,uncued_009_d02,0
citation_graph_only,neutral_metadata_hidden,uncued_009,evidence_selection,clean,refuted,insufficient,0.0,0.0,0.0,0.0,0.0,0.0,0.0,,"uncued_009_d02,uncued_009_d03",0
claim_overlap_only,neutral_metadata_hidden,uncued_009,evidence_selection,clean,refuted,insufficient,0.0,0.0,0.0,0.0,0.0,0.0,0.0,,"uncued_009_d01,uncued_009_d03",0
cue_phrase_only,neutral_metadata_hidden,uncued_009,evidence_selection,clean,refuted,supported,0.0,0.0,0.0,0.0,0.0,0.0,0.0,,,0
random_valid_schema,neutral_metadata_hidden,uncued_009,evidence_selection,clean,refuted,refuted,1.0,0.0,0.0,0.0,0.0,0.0,0.0,,uncued_009_d02,0
always_insufficient,neutral_metadata_hidden,uncued_009,evidence_selection,clean,refuted,insufficient,0.0,0.0,0.0,0.0,0.0,0.0,0.0,,,0
simple_heuristic,neutral_metadata_hidden,uncued_009,evidence_selection,clean,refuted,supported,0.0,1.0,1.0,0.0,0.0,0.0,0.0,uncued_009_d01,"uncued_009_d01,uncued_009_d03,uncued_009_d04",1
id_only,neutral_metadata_hidden,uncued_010,active_verification,clean,supported,supported,1.0,0.0,0.0,0.0,0.0,0.0,0.0,,uncued_010_d01,0
document_order_only,neutral_metadata_hidden,uncued_010,active_verification,clean,supported,supported,1.0,0.0,0.0,0.0,0.0,0.0,0.0,uncued_010_d01,uncued_010_d01,0
title_only,neutral_metadata_hidden,uncued_010,active_verification,clean,supported,insufficient,0.0,0.0,0.0,0.0,0.0,0.0,0.0,,,0
source_type_only,neutral_metadata_hidden,uncued_010,active_verification,clean,supported,supported,1.0,0.0,0.0,0.0,0.0,0.0,0.0,,,0
metadata_only,neutral_metadata_hidden,uncued_010,active_verification,clean,supported,supported,1.0,0.0,0.0,0.0,0.0,0.0,0.0,,uncued_010_d04,0
timestamp_only,neutral_metadata_hidden,uncued_010,active_verification,clean,supported,supported,1.0,0.0,0.0,0.0,0.0,0.0,0.0,,uncued_010_d01,0
citation_graph_only,neutral_metadata_hidden,uncued_010,active_verification,clean,supported,insufficient,0.0,0.0,0.0,0.0,0.0,0.0,0.0,,"uncued_010_d01,uncued_010_d03",0
claim_overlap_only,neutral_metadata_hidden,uncued_010,active_verification,clean,supported,insufficient,0.0,0.0,0.0,0.0,0.0,0.0,0.0,,"uncued_010_d03,uncued_010_d02",0
cue_phrase_only,neutral_metadata_hidden,uncued_010,active_verification,clean,supported,supported,1.0,0.0,0.0,0.0,0.0,0.0,0.0,,,0
random_valid_schema,neutral_metadata_hidden,uncued_010,active_verification,clean,supported,supported,1.0,0.0,0.0,0.0,0.0,0.0,0.0,,uncued_010_d04,0
always_insufficient,neutral_metadata_hidden,uncued_010,active_verification,clean,supported,insufficient,0.0,0.0,0.0,0.0,0.0,0.0,0.0,,,0
simple_heuristic,neutral_metadata_hidden,uncued_010,active_verification,clean,supported,supported,1.0,1.0,1.0,0.0,0.0,1.0,1.0,uncued_010_d03,"uncued_010_d03,uncued_010_d02,uncued_010_d04",1
id_only,neutral_metadata_hidden,uncued_011,active_verification,clean,refuted,supported,0.0,0.0,0.0,0.0,0.0,0.0,0.0,,uncued_011_d01,0
document_order_only,neutral_metadata_hidden,uncued_011,active_verification,clean,refuted,supported,0.0,0.0,0.0,0.0,0.0,0.0,0.0,uncued_011_d01,uncued_011_d01,0
title_only,neutral_metadata_hidden,uncued_011,active_verification,clean,refuted,insufficient,0.0,0.0,0.0,0.0,0.0,0.0,0.0,,,0
source_type_only,neutral_metadata_hidden,uncued_011,active_verification,clean,refuted,supported,0.0,0.0,0.0,0.0,0.0,0.0,0.0,,,0
metadata_only,neutral_metadata_hidden,uncued_011,active_verification,clean,refuted,supported,0.0,0.0,0.0,0.0,0.0,0.0,0.0,,uncued_011_d04,0
timestamp_only,neutral_metadata_hidden,uncued_011,active_verification,clean,refuted,supported,0.0,0.0,0.0,0.0,0.0,0.0,0.0,,uncued_011_d02,0
citation_graph_only,neutral_metadata_hidden,uncued_011,active_verification,clean,refuted,insufficient,0.0,0.0,0.0,0.0,0.0,0.0,0.0,,"uncued_011_d01,uncued_011_d04",0
claim_overlap_only,neutral_metadata_hidden,uncued_011,active_verification,clean,refuted,insufficient,0.0,0.0,0.0,0.0,0.0,0.0,0.0,,"uncued_011_d03,uncued_011_d01",0
cue_phrase_only,neutral_metadata_hidden,uncued_011,active_verification,clean,refuted,supported,0.0,0.0,0.0,0.0,0.0,0.0,0.0,,,0
random_valid_schema,neutral_metadata_hidden,uncued_011,active_verification,clean,refuted,insufficient,0.0,0.0,0.0,0.0,0.0,0.0,0.0,,uncued_011_d01,0
always_insufficient,neutral_metadata_hidden,uncued_011,active_verification,clean,refuted,insufficient,0.0,0.0,0.0,0.0,0.0,0.0,0.0,,,0
simple_heuristic,neutral_metadata_hidden,uncued_011,active_verification,clean,refuted,supported,0.0,1.0,1.0,0.0,0.0,1.0,0.0,uncued_011_d03,"uncued_011_d03,uncued_011_d01,uncued_011_d04",1
id_only,neutral_metadata_hidden,uncued_012,packet_judgment,conflicting_evidence,refuted,supported,0.0,0.0,0.0,0.0,0.0,0.0,0.0,,uncued_012_d01,0
document_order_only,neutral_metadata_hidden,uncued_012,packet_judgment,conflicting_evidence,refuted,supported,0.0,0.0,0.0,0.0,0.0,0.0,0.0,uncued_012_d02,uncued_012_d02,0
title_only,neutral_metadata_hidden,uncued_012,packet_judgment,conflicting_evidence,refuted,insufficient,0.0,0.0,0.0,0.0,0.0,0.0,0.0,,,0
source_type_only,neutral_metadata_hidden,uncued_012,packet_judgment,conflicting_evidence,refuted,supported,0.0,0.0,0.0,0.0,0.0,0.0,0.0,,,0
metadata_only,neutral_metadata_hidden,uncued_012,packet_judgment,conflicting_evidence,refuted,supported,0.0,0.0,0.0,0.0,0.0,0.0,0.0,,uncued_012_d04,0
timestamp_only,neutral_metadata_hidden,uncued_012,packet_judgment,conflicting_evidence,refuted,supported,0.0,0.0,0.0,0.0,0.0,0.0,0.0,,uncued_012_d02,0
citation_graph_only,neutral_metadata_hidden,uncued_012,packet_judgment,conflicting_evidence,refuted,insufficient,0.0,0.0,0.0,0.0,0.0,0.0,0.0,,"uncued_012_d03,uncued_012_d02",0
claim_overlap_only,neutral_metadata_hidden,uncued_012,packet_judgment,conflicting_evidence,refuted,insufficient,0.0,0.0,0.0,0.0,0.0,0.0,0.0,,"uncued_012_d01,uncued_012_d04",0
cue_phrase_only,neutral_metadata_hidden,uncued_012,packet_judgment,conflicting_evidence,refuted,supported,0.0,0.0,0.0,0.0,0.0,0.0,0.0,,,0
random_valid_schema,neutral_metadata_hidden,uncued_012,packet_judgment,conflicting_evidence,refuted,insufficient,0.0,0.0,0.0,0.0,0.0,0.0,0.0,,uncued_012_d03,0
always_insufficient,neutral_metadata_hidden,uncued_012,packet_judgment,conflicting_evidence,refuted,insufficient,0.0,0.0,0.0,0.0,0.0,0.0,0.0,,,0
simple_heuristic,neutral_metadata_hidden,uncued_012,packet_judgment,conflicting_evidence,refuted,supported,0.0,1.0,1.0,0.0,0.0,0.0,0.0,uncued_012_d01,"uncued_012_d01,uncued_012_d04,uncued_012_d02",1
id_only,neutral_metadata_hidden,uncued_013,packet_judgment,conflicting_evidence,refuted,supported,0.0,0.0,0.0,0.0,0.0,0.0,0.0,,uncued_013_d01,0
document_order_only,neutral_metadata_hidden,uncued_013,packet_judgment,conflicting_evidence,refuted,supported,0.0,0.0,0.0,1.0,0.0,0.0,0.0,uncued_013_d03,uncued_013_d03,0
title_only,neutral_metadata_hidden,uncued_013,packet_judgment,conflicting_evidence,refuted,insufficient,0.0,0.0,0.0,0.0,0.0,0.0,0.0,,,0
source_type_only,neutral_metadata_hidden,uncued_013,packet_judgment,conflicting_evidence,refuted,supported,0.0,0.0,0.0,0.0,0.0,0.0,0.0,,,0
metadata_only,neutral_metadata_hidden,uncued_013,packet_judgment,conflicting_evidence,refuted,supported,0.0,0.0,0.0,0.0,0.0,0.0,0.0,,uncued_013_d04,0
timestamp_only,neutral_metadata_hidden,uncued_013,packet_judgment,conflicting_evidence,refuted,supported,0.0,0.0,0.0,0.0,0.0,0.0,0.0,,uncued_013_d02,0
citation_graph_only,neutral_metadata_hidden,uncued_013,packet_judgment,conflicting_evidence,refuted,insufficient,0.0,0.0,0.0,0.0,0.0,0.0,0.0,,"uncued_013_d01,uncued_013_d03",0
claim_overlap_only,neutral_metadata_hidden,uncued_013,packet_judgment,conflicting_evidence,refuted,insufficient,0.0,0.0,0.0,0.0,0.0,0.0,0.0,,"uncued_013_d04,uncued_013_d03",0
cue_phrase_only,neutral_metadata_hidden,uncued_013,packet_judgment,conflicting_evidence,refuted,supported,0.0,0.0,0.0,0.0,0.0,0.0,0.0,,,0
random_valid_schema,neutral_metadata_hidden,uncued_013,packet_judgment,conflicting_evidence,refuted,supported,0.0,0.0,0.0,0.0,0.0,0.0,0.0,,uncued_013_d03,0
always_insufficient,neutral_metadata_hidden,uncued_013,packet_judgment,conflicting_evidence,refuted,insufficient,0.0,0.0,0.0,0.0,0.0,0.0,0.0,,,0
simple_heuristic,neutral_metadata_hidden,uncued_013,packet_judgment,conflicting_evidence,refuted,supported,0.0,1.0,1.0,0.0,0.0,0.0,0.0,uncued_013_d04,"uncued_013_d04,uncued_013_d03,uncued_013_d01",1
id_only,neutral_metadata_hidden,uncued_014,packet_judgment,conflicting_evidence,refuted,supported,0.0,0.0,0.0,0.0,0.0,0.0,0.0,,uncued_014_d01,0
document_order_only,neutral_metadata_hidden,uncued_014,packet_judgment,conflicting_evidence,refuted,supported,0.0,0.0,0.0,1.0,0.0,0.0,0.0,uncued_014_d02,uncued_014_d02,0
title_only,neutral_metadata_hidden,uncued_014,packet_judgment,conflicting_evidence,refuted,insufficient,0.0,0.0,0.0,0.0,0.0,0.0,0.0,,,0
source_type_only,neutral_metadata_hidden,uncued_014,packet_judgment,conflicting_evidence,refuted,supported,0.0,0.0,0.0,0.0,0.0,0.0,0.0,,,0
metadata_only,neutral_metadata_hidden,uncued_014,packet_judgment,conflicting_evidence,refuted,supported,0.0,0.0,0.0,0.0,0.0,0.0,0.0,,uncued_014_d04,0
timestamp_only,neutral_metadata_hidden,uncued_014,packet_judgment,conflicting_evidence,refuted,supported,0.0,0.0,0.0,0.0,0.0,0.0,0.0,,uncued_014_d01,0
citation_graph_only,neutral_metadata_hidden,uncued_014,packet_judgment,conflicting_evidence,refuted,insufficient,0.0,0.0,0.0,0.0,0.0,0.0,0.0,,"uncued_014_d04,uncued_014_d02",0
claim_overlap_only,neutral_metadata_hidden,uncued_014,packet_judgment,conflicting_evidence,refuted,insufficient,0.0,0.0,0.0,0.0,0.0,0.0,0.0,,"uncued_014_d03,uncued_014_d02",0
cue_phrase_only,neutral_metadata_hidden,uncued_014,packet_judgment,conflicting_evidence,refuted,supported,0.0,0.0,0.0,0.0,0.0,0.0,0.0,,,0
random_valid_schema,neutral_metadata_hidden,uncued_014,packet_judgment,conflicting_evidence,refuted,insufficient,0.0,0.0,0.0,0.0,0.0,0.0,0.0,,uncued_014_d04,0
always_insufficient,neutral_metadata_hidden,uncued_014,packet_judgment,conflicting_evidence,refuted,insufficient,0.0,0.0,0.0,0.0,0.0,0.0,0.0,,,0
simple_heuristic,neutral_metadata_hidden,uncued_014,packet_judgment,conflicting_evidence,refuted,supported,0.0,1.0,1.0,0.0,0.0,0.0,0.0,uncued_014_d03,"uncued_014_d03,uncued_014_d02,uncued_014_d04",1
id_only,neutral_metadata_hidden,uncued_015,packet_judgment,conflicting_evidence,refuted,supported,0.0,0.0,0.0,0.0,0.0,0.0,0.0,,uncued_015_d01,0
document_order_only,neutral_metadata_hidden,uncued_015,packet_judgment,conflicting_evidence,refuted,supported,0.0,1.0,1.0,0.0,0.0,0.0,0.0,uncued_015_d01,uncued_015_d01,0
title_only,neutral_metadata_hidden,uncued_015,packet_judgment,conflicting_evidence,refuted,insufficient,0.0,0.0,0.0,0.0,0.0,0.0,0.0,,,0
source_type_only,neutral_metadata_hidden,uncued_015,packet_judgment,conflicting_evidence,refuted,supported,0.0,0.0,0.0,0.0,0.0,0.0,0.0,,,0
metadata_only,neutral_metadata_hidden,uncued_015,packet_judgment,conflicting_evidence,refuted,supported,0.0,0.0,0.0,0.0,0.0,0.0,0.0,,uncued_015_d04,0
timestamp_only,neutral_metadata_hidden,uncued_015,packet_judgment,conflicting_evidence,refuted,supported,0.0,0.0,0.0,0.0,0.0,0.0,0.0,,uncued_015_d03,0
citation_graph_only,neutral_metadata_hidden,uncued_015,packet_judgment,conflicting_evidence,refuted,insufficient,0.0,0.0,0.0,0.0,0.0,0.0,0.0,,"uncued_015_d02,uncued_015_d01",0
claim_overlap_only,neutral_metadata_hidden,uncued_015,packet_judgment,conflicting_evidence,refuted,insufficient,0.0,0.0,0.0,0.0,0.0,0.0,0.0,,"uncued_015_d01,uncued_015_d04",0
cue_phrase_only,neutral_metadata_hidden,uncued_015,packet_judgment,conflicting_evidence,refuted,supported,0.0,0.0,0.0,0.0,0.0,0.0,0.0,,,0
random_valid_schema,neutral_metadata_hidden,uncued_015,packet_judgment,conflicting_evidence,refuted,supported,0.0,0.0,0.0,0.0,0.0,0.0,0.0,,uncued_015_d02,0
always_insufficient,neutral_metadata_hidden,uncued_015,packet_judgment,conflicting_evidence,refuted,insufficient,0.0,0.0,0.0,0.0,0.0,0.0,0.0,,,0
simple_heuristic,neutral_metadata_hidden,uncued_015,packet_judgment,conflicting_evidence,refuted,supported,0.0,1.0,1.0,0.0,0.0,0.0,0.0,uncued_015_d01,"uncued_015_d01,uncued_015_d04,uncued_015_d03",1
id_only,neutral_metadata_hidden,uncued_016,packet_judgment,conflicting_evidence,refuted,supported,0.0,0.0,0.0,0.0,0.0,0.0,0.0,,uncued_016_d01,0
document_order_only,neutral_metadata_hidden,uncued_016,packet_judgment,conflicting_evidence,refuted,supported,0.0,0.0,0.0,0.0,0.0,0.0,0.0,uncued_016_d03,uncued_016_d03,0
title_only,neutral_metadata_hidden,uncued_016,packet_judgment,conflicting_evidence,refuted,insufficient,0.0,0.0,0.0,0.0,0.0,0.0,0.0,,,0
source_type_only,neutral_metadata_hidden,uncued_016,packet_judgment,conflicting_evidence,refuted,supported,0.0,0.0,0.0,0.0,0.0,0.0,0.0,,,0
metadata_only,neutral_metadata_hidden,uncued_016,packet_judgment,conflicting_evidence,refuted,supported,0.0,0.0,0.0,0.0,0.0,0.0,0.0,,uncued_016_d04,0
timestamp_only,neutral_metadata_hidden,uncued_016,packet_judgment,conflicting_evidence,refuted,supported,0.0,0.0,0.0,0.0,0.0,0.0,0.0,,uncued_016_d03,0
citation_graph_only,neutral_metadata_hidden,uncued_016,packet_judgment,conflicting_evidence,refuted,insufficient,0.0,0.0,0.0,0.0,0.0,0.0,0.0,,"uncued_016_d04,uncued_016_d03",0
claim_overlap_only,neutral_metadata_hidden,uncued_016,packet_judgment,conflicting_evidence,refuted,insufficient,0.0,0.0,0.0,0.0,0.0,0.0,0.0,,"uncued_016_d02,uncued_016_d01",0
cue_phrase_only,neutral_metadata_hidden,uncued_016,packet_judgment,conflicting_evidence,refuted,supported,0.0,0.0,0.0,0.0,0.0,0.0,0.0,,,0
random_valid_schema,neutral_metadata_hidden,uncued_016,packet_judgment,conflicting_evidence,refuted,refuted,1.0,0.0,0.0,0.0,0.0,0.0,0.0,,uncued_016_d03,0
always_insufficient,neutral_metadata_hidden,uncued_016,packet_judgment,conflicting_evidence,refuted,insufficient,0.0,0.0,0.0,0.0,0.0,0.0,0.0,,,0
simple_heuristic,neutral_metadata_hidden,uncued_016,packet_judgment,conflicting_evidence,refuted,supported,0.0,1.0,1.0,0.0,0.0,0.0,0.0,uncued_016_d02,"uncued_016_d02,uncued_016_d01,uncued_016_d03",1
id_only,neutral_metadata_hidden,uncued_017,evidence_selection,conflicting_evidence,refuted,supported,0.0,0.0,0.0,0.0,0.0,0.0,0.0,,uncued_017_d01,0
document_order_only,neutral_metadata_hidden,uncued_017,evidence_selection,conflicting_evidence,refuted,supported,0.0,1.0,1.0,0.0,0.0,0.0,0.0,uncued_017_d01,uncued_017_d01,0
title_only,neutral_metadata_hidden,uncued_017,evidence_selection,conflicting_evidence,refuted,insufficient,0.0,0.0,0.0,0.0,0.0,0.0,0.0,,,0
source_type_only,neutral_metadata_hidden,uncued_017,evidence_selection,conflicting_evidence,refuted,supported,0.0,0.0,0.0,0.0,0.0,0.0,0.0,,,0
metadata_only,neutral_metadata_hidden,uncued_017,evidence_selection,conflicting_evidence,refuted,supported,0.0,0.0,0.0,0.0,0.0,0.0,0.0,,uncued_017_d04,0
timestamp_only,neutral_metadata_hidden,uncued_017,evidence_selection,conflicting_evidence,refuted,supported,0.0,0.0,0.0,0.0,0.0,0.0,0.0,,uncued_017_d03,0
citation_graph_only,neutral_metadata_hidden,uncued_017,evidence_selection,conflicting_evidence,refuted,insufficient,0.0,0.0,0.0,0.0,0.0,0.0,0.0,,"uncued_017_d04,uncued_017_d01",0
claim_overlap_only,neutral_metadata_hidden,uncued_017,evidence_selection,conflicting_evidence,refuted,insufficient,0.0,0.0,0.0,0.0,0.0,0.0,0.0,,"uncued_017_d01,uncued_017_d02",0
cue_phrase_only,neutral_metadata_hidden,uncued_017,evidence_selection,conflicting_evidence,refuted,supported,0.0,0.0,0.0,0.0,0.0,0.0,0.0,,,0
random_valid_schema,neutral_metadata_hidden,uncued_017,evidence_selection,conflicting_evidence,refuted,supported,0.0,0.0,0.0,0.0,0.0,0.0,0.0,,uncued_017_d03,0
always_insufficient,neutral_metadata_hidden,uncued_017,evidence_selection,conflicting_evidence,refuted,insufficient,0.0,0.0,0.0,0.0,0.0,0.0,0.0,,,0
simple_heuristic,neutral_metadata_hidden,uncued_017,evidence_selection,conflicting_evidence,refuted,supported,0.0,1.0,1.0,0.0,0.0,0.0,0.0,uncued_017_d01,"uncued_017_d01,uncued_017_d02,uncued_017_d03",1
id_only,neutral_metadata_hidden,uncued_018,evidence_selection,conflicting_evidence,refuted,supported,0.0,0.0,0.0,0.0,0.0,0.0,0.0,,uncued_018_d01,0
document_order_only,neutral_metadata_hidden,uncued_018,evidence_selection,conflicting_evidence,refuted,supported,0.0,0.0,0.0,0.0,0.0,0.0,0.0,uncued_018_d03,uncued_018_d03,0
title_only,neutral_metadata_hidden,uncued_018,evidence_selection,conflicting_evidence,refuted,insufficient,0.0,0.0,0.0,0.0,0.0,0.0,0.0,,,0
source_type_only,neutral_metadata_hidden,uncued_018,evidence_selection,conflicting_evidence,refuted,supported,0.0,0.0,0.0,0.0,0.0,0.0,0.0,,,0
metadata_only,neutral_metadata_hidden,uncued_018,evidence_selection,conflicting_evidence,refuted,supported,0.0,0.0,0.0,0.0,0.0,0.0,0.0,,uncued_018_d04,0
timestamp_only,neutral_metadata_hidden,uncued_018,evidence_selection,conflicting_evidence,refuted,supported,0.0,0.0,0.0,0.0,0.0,0.0,0.0,,uncued_018_d03,0
citation_graph_only,neutral_metadata_hidden,uncued_018,evidence_selection,conflicting_evidence,refuted,insufficient,0.0,0.0,0.0,0.0,0.0,0.0,0.0,,"uncued_018_d02,uncued_018_d03",0
claim_overlap_only,neutral_metadata_hidden,uncued_018,evidence_selection,conflicting_evidence,refuted,insufficient,0.0,0.0,0.0,0.0,0.0,0.0,0.0,,"uncued_018_d04,uncued_018_d01",0
cue_phrase_only,neutral_metadata_hidden,uncued_018,evidence_selection,conflicting_evidence,refuted,supported,0.0,0.0,0.0,0.0,0.0,0.0,0.0,,,0
random_valid_schema,neutral_metadata_hidden,uncued_018,evidence_selection,conflicting_evidence,refuted,insufficient,0.0,0.0,0.0,0.0,0.0,0.0,0.0,,uncued_018_d02,0
always_insufficient,neutral_metadata_hidden,uncued_018,evidence_selection,conflicting_evidence,refuted,insufficient,0.0,0.0,0.0,0.0,0.0,0.0,0.0,,,0
simple_heuristic,neutral_metadata_hidden,uncued_018,evidence_selection,conflicting_evidence,refuted,supported,0.0,1.0,1.0,0.0,0.0,0.0,0.0,uncued_018_d04,"uncued_018_d04,uncued_018_d01,uncued_018_d03",1
id_only,neutral_metadata_hidden,uncued_019,evidence_selection,conflicting_evidence,refuted,supported,0.0,0.0,0.0,0.0,0.0,0.0,0.0,,uncued_019_d01,0
document_order_only,neutral_metadata_hidden,uncued_019,evidence_selection,conflicting_evidence,refuted,supported,0.0,0.0,0.0,0.0,0.0,0.0,0.0,uncued_019_d04,uncued_019_d04,0
title_only,neutral_metadata_hidden,uncued_019,evidence_selection,conflicting_evidence,refuted,insufficient,0.0,0.0,0.0,0.0,0.0,0.0,0.0,,,0
source_type_only,neutral_metadata_hidden,uncued_019,evidence_selection,conflicting_evidence,refuted,supported,0.0,0.0,0.0,0.0,0.0,0.0,0.0,,,0
metadata_only,neutral_metadata_hidden,uncued_019,evidence_selection,conflicting_evidence,refuted,supported,0.0,0.0,0.0,0.0,0.0,0.0,0.0,,uncued_019_d04,0
timestamp_only,neutral_metadata_hidden,uncued_019,evidence_selection,conflicting_evidence,refuted,supported,0.0,0.0,0.0,0.0,0.0,0.0,0.0,,uncued_019_d04,0
citation_graph_only,neutral_metadata_hidden,uncued_019,evidence_selection,conflicting_evidence,refuted,insufficient,0.0,0.0,0.0,0.0,0.0,0.0,0.0,,"uncued_019_d01,uncued_019_d04",0
claim_overlap_only,neutral_metadata_hidden,uncued_019,evidence_selection,conflicting_evidence,refuted,insufficient,0.0,0.0,0.0,0.0,0.0,0.0,0.0,,"uncued_019_d02,uncued_019_d03",0
cue_phrase_only,neutral_metadata_hidden,uncued_019,evidence_selection,conflicting_evidence,refuted,supported,0.0,0.0,0.0,0.0,0.0,0.0,0.0,,,0
random_valid_schema,neutral_metadata_hidden,uncued_019,evidence_selection,conflicting_evidence,refuted,insufficient,0.0,0.0,0.0,0.0,0.0,0.0,0.0,,uncued_019_d02,0
always_insufficient,neutral_metadata_hidden,uncued_019,evidence_selection,conflicting_evidence,refuted,insufficient,0.0,0.0,0.0,0.0,0.0,0.0,0.0,,,0
simple_heuristic,neutral_metadata_hidden,uncued_019,evidence_selection,conflicting_evidence,refuted,supported,0.0,1.0,1.0,0.0,0.0,0.0,0.0,uncued_019_d02,"uncued_019_d02,uncued_019_d03,uncued_019_d04",1
id_only,neutral_metadata_hidden,uncued_020,evidence_selection,conflicting_evidence,refuted,supported,0.0,0.0,0.0,0.0,0.0,0.0,0.0,,uncued_020_d01,0
document_order_only,neutral_metadata_hidden,uncued_020,evidence_selection,conflicting_evidence,refuted,supported,0.0,0.0,0.0,1.0,0.0,0.0,0.0,uncued_020_d01,uncued_020_d01,0
title_only,neutral_metadata_hidden,uncued_020,evidence_selection,conflicting_evidence,refuted,insufficient,0.0,0.0,0.0,0.0,0.0,0.0,0.0,,,0
source_type_only,neutral_metadata_hidden,uncued_020,evidence_selection,conflicting_evidence,refuted,supported,0.0,0.0,0.0,0.0,0.0,0.0,0.0,,,0
metadata_only,neutral_metadata_hidden,uncued_020,evidence_selection,conflicting_evidence,refuted,supported,0.0,0.0,0.0,0.0,0.0,0.0,0.0,,uncued_020_d04,0
timestamp_only,neutral_metadata_hidden,uncued_020,evidence_selection,conflicting_evidence,refuted,supported,0.0,0.0,0.0,0.0,0.0,0.0,0.0,,uncued_020_d02,0
citation_graph_only,neutral_metadata_hidden,uncued_020,evidence_selection,conflicting_evidence,refuted,insufficient,0.0,0.0,0.0,0.0,0.0,0.0,0.0,,"uncued_020_d04,uncued_020_d01",0
claim_overlap_only,neutral_metadata_hidden,uncued_020,evidence_selection,conflicting_evidence,refuted,insufficient,0.0,0.0,0.0,0.0,0.0,0.0,0.0,,"uncued_020_d03,uncued_020_d01",0
cue_phrase_only,neutral_metadata_hidden,uncued_020,evidence_selection,conflicting_evidence,refuted,supported,0.0,0.0,0.0,0.0,0.0,0.0,0.0,,,0
random_valid_schema,neutral_metadata_hidden,uncued_020,evidence_selection,conflicting_evidence,refuted,refuted,1.0,0.0,0.0,0.0,0.0,0.0,0.0,,uncued_020_d02,0
always_insufficient,neutral_metadata_hidden,uncued_020,evidence_selection,conflicting_evidence,refuted,insufficient,0.0,0.0,0.0,0.0,0.0,0.0,0.0,,,0
simple_heuristic,neutral_metadata_hidden,uncued_020,evidence_selection,conflicting_evidence,refuted,supported,0.0,1.0,1.0,0.0,0.0,0.0,0.0,uncued_020_d03,"uncued_020_d03,uncued_020_d01,uncued_020_d02",1
id_only,neutral_metadata_hidden,uncued_021,evidence_selection,conflicting_evidence,refuted,supported,0.0,0.0,0.0,0.0,0.0,0.0,0.0,,uncued_021_d01,0
document_order_only,neutral_metadata_hidden,uncued_021,evidence_selection,conflicting_evidence,refuted,supported,0.0,0.0,0.0,0.0,0.0,0.0,0.0,uncued_021_d04,uncued_021_d04,0
title_only,neutral_metadata_hidden,uncued_021,evidence_selection,conflicting_evidence,refuted,insufficient,0.0,0.0,0.0,0.0,0.0,0.0,0.0,,,0
source_type_only,neutral_metadata_hidden,uncued_021,evidence_selection,conflicting_evidence,refuted,supported,0.0,0.0,0.0,0.0,0.0,0.0,0.0,,,0
metadata_only,neutral_metadata_hidden,uncued_021,evidence_selection,conflicting_evidence,refuted,supported,0.0,0.0,0.0,0.0,0.0,0.0,0.0,,uncued_021_d04,0
timestamp_only,neutral_metadata_hidden,uncued_021,evidence_selection,conflicting_evidence,refuted,supported,0.0,0.0,0.0,0.0,0.0,0.0,0.0,,uncued_021_d04,0
citation_graph_only,neutral_metadata_hidden,uncued_021,evidence_selection,conflicting_evidence,refuted,insufficient,0.0,0.0,0.0,0.0,0.0,0.0,0.0,,"uncued_021_d03,uncued_021_d04",0
claim_overlap_only,neutral_metadata_hidden,uncued_021,evidence_selection,conflicting_evidence,refuted,insufficient,0.0,0.0,0.0,0.0,0.0,0.0,0.0,,"uncued_021_d01,uncued_021_d02",0
cue_phrase_only,neutral_metadata_hidden,uncued_021,evidence_selection,conflicting_evidence,refuted,supported,0.0,0.0,0.0,0.0,0.0,0.0,0.0,,,0
random_valid_schema,neutral_metadata_hidden,uncued_021,evidence_selection,conflicting_evidence,refuted,refuted,1.0,0.0,0.0,0.0,0.0,0.0,0.0,,uncued_021_d02,0
always_insufficient,neutral_metadata_hidden,uncued_021,evidence_selection,conflicting_evidence,refuted,insufficient,0.0,0.0,0.0,0.0,0.0,0.0,0.0,,,0
simple_heuristic,neutral_metadata_hidden,uncued_021,evidence_selection,conflicting_evidence,refuted,supported,0.0,1.0,1.0,0.0,0.0,0.0,0.0,uncued_021_d01,"uncued_021_d01,uncued_021_d02,uncued_021_d04",1
id_only,neutral_metadata_hidden,uncued_022,active_verification,conflicting_evidence,refuted,supported,0.0,0.0,0.0,0.0,0.0,0.0,0.0,,uncued_022_d01,0
document_order_only,neutral_metadata_hidden,uncued_022,active_verification,conflicting_evidence,refuted,supported,0.0,0.0,0.0,0.0,0.0,0.0,0.0,uncued_022_d03,uncued_022_d03,0
title_only,neutral_metadata_hidden,uncued_022,active_verification,conflicting_evidence,refuted,insufficient,0.0,0.0,0.0,0.0,0.0,0.0,0.0,,,0
source_type_only,neutral_metadata_hidden,uncued_022,active_verification,conflicting_evidence,refuted,supported,0.0,0.0,0.0,0.0,0.0,0.0,0.0,,,0
metadata_only,neutral_metadata_hidden,uncued_022,active_verification,conflicting_evidence,refuted,supported,0.0,0.0,0.0,0.0,0.0,0.0,0.0,,uncued_022_d04,0
timestamp_only,neutral_metadata_hidden,uncued_022,active_verification,conflicting_evidence,refuted,supported,0.0,0.0,0.0,0.0,0.0,0.0,0.0,,uncued_022_d03,0
citation_graph_only,neutral_metadata_hidden,uncued_022,active_verification,conflicting_evidence,refuted,insufficient,0.0,0.0,0.0,0.0,0.0,0.0,0.0,,"uncued_022_d01,uncued_022_d03",0
claim_overlap_only,neutral_metadata_hidden,uncued_022,active_verification,conflicting_evidence,refuted,insufficient,0.0,0.0,0.0,0.0,0.0,0.0,0.0,,"uncued_022_d04,uncued_022_d02",0
cue_phrase_only,neutral_metadata_hidden,uncued_022,active_verification,conflicting_evidence,refuted,supported,0.0,0.0,0.0,0.0,0.0,0.0,0.0,,,0
random_valid_schema,neutral_metadata_hidden,uncued_022,active_verification,conflicting_evidence,refuted,refuted,1.0,0.0,0.0,0.0,0.0,0.0,0.0,,uncued_022_d02,0
always_insufficient,neutral_metadata_hidden,uncued_022,active_verification,conflicting_evidence,refuted,insufficient,0.0,0.0,0.0,0.0,0.0,0.0,0.0,,,0
simple_heuristic,neutral_metadata_hidden,uncued_022,active_verification,conflicting_evidence,refuted,supported,0.0,1.0,1.0,0.0,0.0,0.5,0.0,uncued_022_d04,"uncued_022_d04,uncued_022_d02,uncued_022_d03",1
id_only,neutral_metadata_hidden,uncued_023,active_verification,conflicting_evidence,refuted,supported,0.0,0.0,0.0,0.0,0.0,0.0,0.0,,uncued_023_d01,0
document_order_only,neutral_metadata_hidden,uncued_023,active_verification,conflicting_evidence,refuted,supported,0.0,0.0,0.0,0.0,0.0,0.0,0.0,uncued_023_d04,uncued_023_d04,0
title_only,neutral_metadata_hidden,uncued_023,active_verification,conflicting_evidence,refuted,insufficient,0.0,0.0,0.0,0.0,0.0,0.0,0.0,,,0
source_type_only,neutral_metadata_hidden,uncued_023,active_verification,conflicting_evidence,refuted,supported,0.0,0.0,0.0,0.0,0.0,0.0,0.0,,,0
metadata_only,neutral_metadata_hidden,uncued_023,active_verification,conflicting_evidence,refuted,supported,0.0,0.0,0.0,0.0,0.0,0.0,0.0,,uncued_023_d04,0
timestamp_only,neutral_metadata_hidden,uncued_023,active_verification,conflicting_evidence,refuted,supported,0.0,0.0,0.0,0.0,0.0,0.0,0.0,,uncued_023_d01,0
citation_graph_only,neutral_metadata_hidden,uncued_023,active_verification,conflicting_evidence,refuted,insufficient,0.0,0.0,0.0,0.0,0.0,0.0,0.0,,"uncued_023_d04,uncued_023_d02",0
claim_overlap_only,neutral_metadata_hidden,uncued_023,active_verification,conflicting_evidence,refuted,insufficient,0.0,0.0,0.0,0.0,0.0,0.0,0.0,,"uncued_023_d02,uncued_023_d03",0
cue_phrase_only,neutral_metadata_hidden,uncued_023,active_verification,conflicting_evidence,refuted,supported,0.0,0.0,0.0,0.0,0.0,0.0,0.0,,,0
random_valid_schema,neutral_metadata_hidden,uncued_023,active_verification,conflicting_evidence,refuted,refuted,1.0,0.0,0.0,0.0,0.0,0.0,0.0,,uncued_023_d01,0
always_insufficient,neutral_metadata_hidden,uncued_023,active_verification,conflicting_evidence,refuted,insufficient,0.0,0.0,0.0,0.0,0.0,0.0,0.0,,,0
simple_heuristic,neutral_metadata_hidden,uncued_023,active_verification,conflicting_evidence,refuted,supported,0.0,1.0,1.0,0.0,0.0,0.5,0.0,uncued_023_d02,"uncued_023_d02,uncued_023_d03,uncued_023_d04",1
id_only,neutral_metadata_hidden,uncued_024,packet_judgment,false_consensus,refuted,supported,0.0,0.0,0.0,0.0,0.0,0.0,0.0,,uncued_024_d01,0
document_order_only,neutral_metadata_hidden,uncued_024,packet_judgment,false_consensus,refuted,supported,0.0,0.0,0.0,1.0,0.0,0.0,0.0,uncued_024_d02,uncued_024_d02,0
title_only,neutral_metadata_hidden,uncued_024,packet_judgment,false_consensus,refuted,insufficient,0.0,0.0,0.0,0.0,0.0,0.0,0.0,,,0
source_type_only,neutral_metadata_hidden,uncued_024,packet_judgment,false_consensus,refuted,supported,0.0,0.0,0.0,0.0,0.0,0.0,0.0,,,0
metadata_only,neutral_metadata_hidden,uncued_024,packet_judgment,false_consensus,refuted,supported,0.0,0.0,0.0,0.0,0.0,0.0,0.0,,uncued_024_d04,0
timestamp_only,neutral_metadata_hidden,uncued_024,packet_judgment,false_consensus,refuted,supported,0.0,0.0,0.0,0.0,0.0,0.0,0.0,,uncued_024_d03,0
citation_graph_only,neutral_metadata_hidden,uncued_024,packet_judgment,false_consensus,refuted,insufficient,0.0,0.0,0.0,0.0,0.0,0.0,0.0,,"uncued_024_d02,uncued_024_d04",0
claim_overlap_only,neutral_metadata_hidden,uncued_024,packet_judgment,false_consensus,refuted,insufficient,0.0,0.0,0.0,0.0,0.0,0.0,0.0,,"uncued_024_d02,uncued_024_d01",0
cue_phrase_only,neutral_metadata_hidden,uncued_024,packet_judgment,false_consensus,refuted,supported,0.0,0.0,0.0,0.0,0.0,0.0,0.0,,,0
random_valid_schema,neutral_metadata_hidden,uncued_024,packet_judgment,false_consensus,refuted,refuted,1.0,0.0,0.0,0.0,0.0,0.0,0.0,,uncued_024_d02,0
always_insufficient,neutral_metadata_hidden,uncued_024,packet_judgment,false_consensus,refuted,insufficient,0.0,0.0,0.0,0.0,0.0,0.0,0.0,,,0
simple_heuristic,neutral_metadata_hidden,uncued_024,packet_judgment,false_consensus,refuted,supported,0.0,0.0,0.0,1.0,0.0,0.0,0.0,uncued_024_d02,"uncued_024_d02,uncued_024_d01,uncued_024_d04",1
id_only,neutral_metadata_hidden,uncued_025,packet_judgment,false_consensus,refuted,supported,0.0,0.0,0.0,0.0,0.0,0.0,0.0,,uncued_025_d01,0
document_order_only,neutral_metadata_hidden,uncued_025,packet_judgment,false_consensus,refuted,supported,0.0,1.0,1.0,0.0,0.0,0.0,0.0,uncued_025_d03,uncued_025_d03,0
title_only,neutral_metadata_hidden,uncued_025,packet_judgment,false_consensus,refuted,insufficient,0.0,0.0,0.0,0.0,0.0,0.0,0.0,,,0
source_type_only,neutral_metadata_hidden,uncued_025,packet_judgment,false_consensus,refuted,supported,0.0,0.0,0.0,0.0,0.0,0.0,0.0,,,0
metadata_only,neutral_metadata_hidden,uncued_025,packet_judgment,false_consensus,refuted,supported,0.0,0.0,0.0,0.0,0.0,0.0,0.0,,uncued_025_d04,0
timestamp_only,neutral_metadata_hidden,uncued_025,packet_judgment,false_consensus,refuted,supported,0.0,0.0,0.0,0.0,0.0,0.0,0.0,,uncued_025_d01,0
citation_graph_only,neutral_metadata_hidden,uncued_025,packet_judgment,false_consensus,refuted,insufficient,0.0,0.0,0.0,0.0,0.0,0.0,0.0,,"uncued_025_d02,uncued_025_d04",0
claim_overlap_only,neutral_metadata_hidden,uncued_025,packet_judgment,false_consensus,refuted,insufficient,0.0,0.0,0.0,0.0,0.0,0.0,0.0,,"uncued_025_d03,uncued_025_d04",0
cue_phrase_only,neutral_metadata_hidden,uncued_025,packet_judgment,false_consensus,refuted,supported,0.0,0.0,0.0,0.0,0.0,0.0,0.0,,,0
random_valid_schema,neutral_metadata_hidden,uncued_025,packet_judgment,false_consensus,refuted,refuted,1.0,0.0,0.0,0.0,0.0,0.0,0.0,,uncued_025_d03,0
always_insufficient,neutral_metadata_hidden,uncued_025,packet_judgment,false_consensus,refuted,insufficient,0.0,0.0,0.0,0.0,0.0,0.0,0.0,,,0
simple_heuristic,neutral_metadata_hidden,uncued_025,packet_judgment,false_consensus,refuted,supported,0.0,1.0,1.0,0.0,0.0,0.0,0.0,uncued_025_d03,"uncued_025_d03,uncued_025_d04,uncued_025_d02",1
id_only,neutral_metadata_hidden,uncued_026,packet_judgment,false_consensus,refuted,supported,0.0,0.0,0.0,0.0,0.0,0.0,0.0,,uncued_026_d01,0
document_order_only,neutral_metadata_hidden,uncued_026,packet_judgment,false_consensus,refuted,supported,0.0,0.0,0.0,1.0,0.0,0.0,0.0,uncued_026_d01,uncued_026_d01,0
title_only,neutral_metadata_hidden,uncued_026,packet_judgment,false_consensus,refuted,insufficient,0.0,0.0,0.0,0.0,0.0,0.0,0.0,,,0
source_type_only,neutral_metadata_hidden,uncued_026,packet_judgment,false_consensus,refuted,supported,0.0,0.0,0.0,0.0,0.0,0.0,0.0,,,0
metadata_only,neutral_metadata_hidden,uncued_026,packet_judgment,false_consensus,refuted,supported,0.0,0.0,0.0,0.0,0.0,0.0,0.0,,uncued_026_d04,0
timestamp_only,neutral_metadata_hidden,uncued_026,packet_judgment,false_consensus,refuted,supported,0.0,0.0,0.0,0.0,0.0,0.0,0.0,,uncued_026_d03,0
citation_graph_only,neutral_metadata_hidden,uncued_026,packet_judgment,false_consensus,refuted,insufficient,0.0,0.0,0.0,0.0,0.0,0.0,0.0,,"uncued_026_d01,uncued_026_d04",0
claim_overlap_only,neutral_metadata_hidden,uncued_026,packet_judgment,false_consensus,refuted,insufficient,0.0,0.0,0.0,0.0,0.0,0.0,0.0,,"uncued_026_d02,uncued_026_d04",0
cue_phrase_only,neutral_metadata_hidden,uncued_026,packet_judgment,false_consensus,refuted,supported,0.0,0.0,0.0,0.0,0.0,0.0,0.0,,,0
random_valid_schema,neutral_metadata_hidden,uncued_026,packet_judgment,false_consensus,refuted,refuted,1.0,0.0,0.0,0.0,0.0,0.0,0.0,,uncued_026_d01,0
always_insufficient,neutral_metadata_hidden,uncued_026,packet_judgment,false_consensus,refuted,insufficient,0.0,0.0,0.0,0.0,0.0,0.0,0.0,,,0
simple_heuristic,neutral_metadata_hidden,uncued_026,packet_judgment,false_consensus,refuted,supported,0.0,1.0,1.0,0.0,0.0,0.0,0.0,uncued_026_d02,"uncued_026_d02,uncued_026_d04,uncued_026_d01",1
id_only,neutral_metadata_hidden,uncued_027,packet_judgment,false_consensus,refuted,supported,0.0,0.0,0.0,0.0,0.0,0.0,0.0,,uncued_027_d01,0
document_order_only,neutral_metadata_hidden,uncued_027,packet_judgment,false_consensus,refuted,supported,0.0,0.0,0.0,1.0,0.0,0.0,0.0,uncued_027_d01,uncued_027_d01,0
title_only,neutral_metadata_hidden,uncued_027,packet_judgment,false_consensus,refuted,insufficient,0.0,0.0,0.0,0.0,0.0,0.0,0.0,,,0
source_type_only,neutral_metadata_hidden,uncued_027,packet_judgment,false_consensus,refuted,supported,0.0,0.0,0.0,0.0,0.0,0.0,0.0,,,0
metadata_only,neutral_metadata_hidden,uncued_027,packet_judgment,false_consensus,refuted,supported,0.0,0.0,0.0,0.0,0.0,0.0,0.0,,uncued_027_d04,0
timestamp_only,neutral_metadata_hidden,uncued_027,packet_judgment,false_consensus,refuted,supported,0.0,0.0,0.0,0.0,0.0,0.0,0.0,,uncued_027_d03,0
citation_graph_only,neutral_metadata_hidden,uncued_027,packet_judgment,false_consensus,refuted,insufficient,0.0,0.0,0.0,0.0,0.0,0.0,0.0,,"uncued_027_d01,uncued_027_d02",0
claim_overlap_only,neutral_metadata_hidden,uncued_027,packet_judgment,false_consensus,refuted,insufficient,0.0,0.0,0.0,0.0,0.0,0.0,0.0,,"uncued_027_d01,uncued_027_d04",0
cue_phrase_only,neutral_metadata_hidden,uncued_027,packet_judgment,false_consensus,refuted,supported,0.0,0.0,0.0,0.0,0.0,0.0,0.0,,,0
random_valid_schema,neutral_metadata_hidden,uncued_027,packet_judgment,false_consensus,refuted,refuted,1.0,0.0,0.0,0.0,0.0,0.0,0.0,,uncued_027_d02,0
always_insufficient,neutral_metadata_hidden,uncued_027,packet_judgment,false_consensus,refuted,insufficient,0.0,0.0,0.0,0.0,0.0,0.0,0.0,,,0
simple_heuristic,neutral_metadata_hidden,uncued_027,packet_judgment,false_consensus,refuted,supported,0.0,0.0,0.0,1.0,0.0,0.0,0.0,uncued_027_d01,"uncued_027_d01,uncued_027_d04,uncued_027_d02",1
id_only,neutral_metadata_hidden,uncued_028,packet_judgment,false_consensus,refuted,supported,0.0,0.0,0.0,0.0,0.0,0.0,0.0,,uncued_028_d01,0
document_order_only,neutral_metadata_hidden,uncued_028,packet_judgment,false_consensus,refuted,supported,0.0,1.0,1.0,0.0,0.0,0.0,0.0,uncued_028_d02,uncued_028_d02,0
title_only,neutral_metadata_hidden,uncued_028,packet_judgment,false_consensus,refuted,insufficient,0.0,0.0,0.0,0.0,0.0,0.0,0.0,,,0
source_type_only,neutral_metadata_hidden,uncued_028,packet_judgment,false_consensus,refuted,supported,0.0,0.0,0.0,0.0,0.0,0.0,0.0,,,0
metadata_only,neutral_metadata_hidden,uncued_028,packet_judgment,false_consensus,refuted,supported,0.0,0.0,0.0,0.0,0.0,0.0,0.0,,uncued_028_d04,0
timestamp_only,neutral_metadata_hidden,uncued_028,packet_judgment,false_consensus,refuted,supported,0.0,0.0,0.0,0.0,0.0,0.0,0.0,,uncued_028_d03,0
citation_graph_only,neutral_metadata_hidden,uncued_028,packet_judgment,false_consensus,refuted,insufficient,0.0,0.0,0.0,0.0,0.0,0.0,0.0,,"uncued_028_d04,uncued_028_d01",0
claim_overlap_only,neutral_metadata_hidden,uncued_028,packet_judgment,false_consensus,refuted,insufficient,0.0,0.0,0.0,0.0,0.0,0.0,0.0,,"uncued_028_d02,uncued_028_d01",0
cue_phrase_only,neutral_metadata_hidden,uncued_028,packet_judgment,false_consensus,refuted,supported,0.0,0.0,0.0,0.0,0.0,0.0,0.0,,,0
random_valid_schema,neutral_metadata_hidden,uncued_028,packet_judgment,false_consensus,refuted,insufficient,0.0,0.0,0.0,0.0,0.0,0.0,0.0,,uncued_028_d01,0
always_insufficient,neutral_metadata_hidden,uncued_028,packet_judgment,false_consensus,refuted,insufficient,0.0,0.0,0.0,0.0,0.0,0.0,0.0,,,0
simple_heuristic,neutral_metadata_hidden,uncued_028,packet_judgment,false_consensus,refuted,supported,0.0,1.0,1.0,0.0,0.0,0.0,0.0,uncued_028_d02,"uncued_028_d02,uncued_028_d01,uncued_028_d04",1
id_only,neutral_metadata_hidden,uncued_029,evidence_selection,false_consensus,refuted,supported,0.0,0.0,0.0,0.0,0.0,0.0,0.0,,uncued_029_d01,0
document_order_only,neutral_metadata_hidden,uncued_029,evidence_selection,false_consensus,refuted,supported,0.0,0.0,0.0,1.0,0.0,0.0,0.0,uncued_029_d03,uncued_029_d03,0
title_only,neutral_metadata_hidden,uncued_029,evidence_selection,false_consensus,refuted,insufficient,0.0,0.0,0.0,0.0,0.0,0.0,0.0,,,0
source_type_only,neutral_metadata_hidden,uncued_029,evidence_selection,false_consensus,refuted,supported,0.0,0.0,0.0,0.0,0.0,0.0,0.0,,,0
metadata_only,neutral_metadata_hidden,uncued_029,evidence_selection,false_consensus,refuted,supported,0.0,0.0,0.0,0.0,0.0,0.0,0.0,,uncued_029_d04,0
timestamp_only,neutral_metadata_hidden,uncued_029,evidence_selection,false_consensus,refuted,supported,0.0,0.0,0.0,0.0,0.0,0.0,0.0,,uncued_029_d01,0
citation_graph_only,neutral_metadata_hidden,uncued_029,evidence_selection,false_consensus,refuted,insufficient,0.0,0.0,0.0,0.0,0.0,0.0,0.0,,"uncued_029_d03,uncued_029_d04",0
claim_overlap_only,neutral_metadata_hidden,uncued_029,evidence_selection,false_consensus,refuted,insufficient,0.0,0.0,0.0,0.0,0.0,0.0,0.0,,"uncued_029_d03,uncued_029_d02",0
cue_phrase_only,neutral_metadata_hidden,uncued_029,evidence_selection,false_consensus,refuted,supported,0.0,0.0,0.0,0.0,0.0,0.0,0.0,,,0
random_valid_schema,neutral_metadata_hidden,uncued_029,evidence_selection,false_consensus,refuted,supported,0.0,0.0,0.0,0.0,0.0,0.0,0.0,,uncued_029_d03,0
always_insufficient,neutral_metadata_hidden,uncued_029,evidence_selection,false_consensus,refuted,insufficient,0.0,0.0,0.0,0.0,0.0,0.0,0.0,,,0
simple_heuristic,neutral_metadata_hidden,uncued_029,evidence_selection,false_consensus,refuted,supported,0.0,0.0,0.0,1.0,0.0,0.0,0.0,uncued_029_d03,"uncued_029_d03,uncued_029_d02,uncued_029_d04",1
id_only,neutral_metadata_hidden,uncued_030,evidence_selection,false_consensus,refuted,supported,0.0,0.0,0.0,0.0,0.0,0.0,0.0,,uncued_030_d01,0
document_order_only,neutral_metadata_hidden,uncued_030,evidence_selection,false_consensus,refuted,supported,0.0,0.0,0.0,0.0,0.0,0.0,0.0,uncued_030_d04,uncued_030_d04,0
title_only,neutral_metadata_hidden,uncued_030,evidence_selection,false_consensus,refuted,insufficient,0.0,0.0,0.0,0.0,0.0,0.0,0.0,,,0
source_type_only,neutral_metadata_hidden,uncued_030,evidence_selection,false_consensus,refuted,supported,0.0,0.0,0.0,0.0,0.0,0.0,0.0,,,0
metadata_only,neutral_metadata_hidden,uncued_030,evidence_selection,false_consensus,refuted,supported,0.0,0.0,0.0,0.0,0.0,0.0,0.0,,uncued_030_d04,0
timestamp_only,neutral_metadata_hidden,uncued_030,evidence_selection,false_consensus,refuted,supported,0.0,0.0,0.0,0.0,0.0,0.0,0.0,,uncued_030_d04,0
citation_graph_only,neutral_metadata_hidden,uncued_030,evidence_selection,false_consensus,refuted,insufficient,0.0,0.0,0.0,0.0,0.0,0.0,0.0,,"uncued_030_d03,uncued_030_d01",0
claim_overlap_only,neutral_metadata_hidden,uncued_030,evidence_selection,false_consensus,refuted,insufficient,0.0,0.0,0.0,0.0,0.0,0.0,0.0,,"uncued_030_d02,uncued_030_d01",0
cue_phrase_only,neutral_metadata_hidden,uncued_030,evidence_selection,false_consensus,refuted,supported,0.0,0.0,0.0,0.0,0.0,0.0,0.0,,,0
random_valid_schema,neutral_metadata_hidden,uncued_030,evidence_selection,false_consensus,refuted,insufficient,0.0,0.0,0.0,0.0,0.0,0.0,0.0,,uncued_030_d01,0
always_insufficient,neutral_metadata_hidden,uncued_030,evidence_selection,false_consensus,refuted,insufficient,0.0,0.0,0.0,0.0,0.0,0.0,0.0,,,0
simple_heuristic,neutral_metadata_hidden,uncued_030,evidence_selection,false_consensus,refuted,supported,0.0,1.0,1.0,0.0,0.0,0.0,0.0,uncued_030_d02,"uncued_030_d02,uncued_030_d01,uncued_030_d03",1
id_only,neutral_metadata_hidden,uncued_031,evidence_selection,false_consensus,refuted,supported,0.0,0.0,0.0,0.0,0.0,0.0,0.0,,uncued_031_d01,0
document_order_only,neutral_metadata_hidden,uncued_031,evidence_selection,false_consensus,refuted,supported,0.0,0.0,0.0,0.0,0.0,0.0,0.0,uncued_031_d03,uncued_031_d03,0
title_only,neutral_metadata_hidden,uncued_031,evidence_selection,false_consensus,refuted,insufficient,0.0,0.0,0.0,0.0,0.0,0.0,0.0,,,0
source_type_only,neutral_metadata_hidden,uncued_031,evidence_selection,false_consensus,refuted,supported,0.0,0.0,0.0,0.0,0.0,0.0,0.0,,,0
metadata_only,neutral_metadata_hidden,uncued_031,evidence_selection,false_consensus,refuted,supported,0.0,0.0,0.0,0.0,0.0,0.0,0.0,,uncued_031_d04,0
timestamp_only,neutral_metadata_hidden,uncued_031,evidence_selection,false_consensus,refuted,supported,0.0,0.0,0.0,0.0,0.0,0.0,0.0,,uncued_031_d03,0
citation_graph_only,neutral_metadata_hidden,uncued_031,evidence_selection,false_consensus,refuted,insufficient,0.0,0.0,0.0,0.0,0.0,0.0,0.0,,"uncued_031_d02,uncued_031_d01",0
claim_overlap_only,neutral_metadata_hidden,uncued_031,evidence_selection,false_consensus,refuted,insufficient,0.0,0.0,0.0,0.0,0.0,0.0,0.0,,"uncued_031_d04,uncued_031_d02",0
cue_phrase_only,neutral_metadata_hidden,uncued_031,evidence_selection,false_consensus,refuted,supported,0.0,0.0,0.0,0.0,0.0,0.0,0.0,,,0
random_valid_schema,neutral_metadata_hidden,uncued_031,evidence_selection,false_consensus,refuted,insufficient,0.0,0.0,0.0,0.0,0.0,0.0,0.0,,uncued_031_d02,0
always_insufficient,neutral_metadata_hidden,uncued_031,evidence_selection,false_consensus,refuted,insufficient,0.0,0.0,0.0,0.0,0.0,0.0,0.0,,,0
simple_heuristic,neutral_metadata_hidden,uncued_031,evidence_selection,false_consensus,refuted,supported,0.0,1.0,1.0,0.0,0.0,0.0,0.0,uncued_031_d04,"uncued_031_d04,uncued_031_d02,uncued_031_d01",1
id_only,neutral_metadata_hidden,uncued_032,evidence_selection,false_consensus,refuted,supported,0.0,0.0,0.0,0.0,0.0,0.0,0.0,,uncued_032_d01,0
document_order_only,neutral_metadata_hidden,uncued_032,evidence_selection,false_consensus,refuted,supported,0.0,1.0,1.0,0.0,0.0,0.0,0.0,uncued_032_d02,uncued_032_d02,0
title_only,neutral_metadata_hidden,uncued_032,evidence_selection,false_consensus,refuted,insufficient,0.0,0.0,0.0,0.0,0.0,0.0,0.0,,,0
source_type_only,neutral_metadata_hidden,uncued_032,evidence_selection,false_consensus,refuted,supported,0.0,0.0,0.0,0.0,0.0,0.0,0.0,,,0
metadata_only,neutral_metadata_hidden,uncued_032,evidence_selection,false_consensus,refuted,supported,0.0,0.0,0.0,0.0,0.0,0.0,0.0,,uncued_032_d04,0
timestamp_only,neutral_metadata_hidden,uncued_032,evidence_selection,false_consensus,refuted,supported,0.0,0.0,0.0,0.0,0.0,0.0,0.0,,uncued_032_d01,0
citation_graph_only,neutral_metadata_hidden,uncued_032,evidence_selection,false_consensus,refuted,insufficient,0.0,0.0,0.0,0.0,0.0,0.0,0.0,,"uncued_032_d03,uncued_032_d04",0
claim_overlap_only,neutral_metadata_hidden,uncued_032,evidence_selection,false_consensus,refuted,insufficient,0.0,0.0,0.0,0.0,0.0,0.0,0.0,,"uncued_032_d02,uncued_032_d04",0
cue_phrase_only,neutral_metadata_hidden,uncued_032,evidence_selection,false_consensus,refuted,supported,0.0,0.0,0.0,0.0,0.0,0.0,0.0,,,0
random_valid_schema,neutral_metadata_hidden,uncued_032,evidence_selection,false_consensus,refuted,supported,0.0,0.0,0.0,0.0,0.0,0.0,0.0,,uncued_032_d03,0
always_insufficient,neutral_metadata_hidden,uncued_032,evidence_selection,false_consensus,refuted,insufficient,0.0,0.0,0.0,0.0,0.0,0.0,0.0,,,0
simple_heuristic,neutral_metadata_hidden,uncued_032,evidence_selection,false_consensus,refuted,supported,0.0,1.0,1.0,0.0,0.0,0.0,0.0,uncued_032_d02,"uncued_032_d02,uncued_032_d04,uncued_032_d03",1
id_only,neutral_metadata_hidden,uncued_033,evidence_selection,false_consensus,refuted,supported,0.0,0.0,0.0,0.0,0.0,0.0,0.0,,uncued_033_d01,0
document_order_only,neutral_metadata_hidden,uncued_033,evidence_selection,false_consensus,refuted,supported,0.0,0.0,0.0,0.0,0.0,0.0,0.0,uncued_033_d01,uncued_033_d01,0
title_only,neutral_metadata_hidden,uncued_033,evidence_selection,false_consensus,refuted,insufficient,0.0,0.0,0.0,0.0,0.0,0.0,0.0,,,0
source_type_only,neutral_metadata_hidden,uncued_033,evidence_selection,false_consensus,refuted,supported,0.0,0.0,0.0,0.0,0.0,0.0,0.0,,,0
metadata_only,neutral_metadata_hidden,uncued_033,evidence_selection,false_consensus,refuted,supported,0.0,0.0,0.0,0.0,0.0,0.0,0.0,,uncued_033_d04,0
timestamp_only,neutral_metadata_hidden,uncued_033,evidence_selection,false_consensus,refuted,supported,0.0,0.0,0.0,0.0,0.0,0.0,0.0,,uncued_033_d01,0
citation_graph_only,neutral_metadata_hidden,uncued_033,evidence_selection,false_consensus,refuted,insufficient,0.0,0.0,0.0,0.0,0.0,0.0,0.0,,"uncued_033_d04,uncued_033_d02",0
claim_overlap_only,neutral_metadata_hidden,uncued_033,evidence_selection,false_consensus,refuted,insufficient,0.0,0.0,0.0,0.0,0.0,0.0,0.0,,"uncued_033_d04,uncued_033_d03",0
cue_phrase_only,neutral_metadata_hidden,uncued_033,evidence_selection,false_consensus,refuted,supported,0.0,0.0,0.0,0.0,0.0,0.0,0.0,,,0
random_valid_schema,neutral_metadata_hidden,uncued_033,evidence_selection,false_consensus,refuted,refuted,1.0,0.0,0.0,0.0,0.0,0.0,0.0,,uncued_033_d03,0
always_insufficient,neutral_metadata_hidden,uncued_033,evidence_selection,false_consensus,refuted,insufficient,0.0,0.0,0.0,0.0,0.0,0.0,0.0,,,0
simple_heuristic,neutral_metadata_hidden,uncued_033,evidence_selection,false_consensus,refuted,supported,0.0,0.0,0.0,1.0,0.0,0.0,0.0,uncued_033_d04,"uncued_033_d04,uncued_033_d03,uncued_033_d02",1
id_only,neutral_metadata_hidden,uncued_034,active_verification,false_consensus,refuted,supported,0.0,0.0,0.0,0.0,0.0,0.0,0.0,,uncued_034_d01,0
document_order_only,neutral_metadata_hidden,uncued_034,active_verification,false_consensus,refuted,supported,0.0,0.0,0.0,1.0,0.0,0.0,0.0,uncued_034_d02,uncued_034_d02,0
title_only,neutral_metadata_hidden,uncued_034,active_verification,false_consensus,refuted,insufficient,0.0,0.0,0.0,0.0,0.0,0.0,0.0,,,0
source_type_only,neutral_metadata_hidden,uncued_034,active_verification,false_consensus,refuted,supported,0.0,0.0,0.0,0.0,0.0,0.0,0.0,,,0
metadata_only,neutral_metadata_hidden,uncued_034,active_verification,false_consensus,refuted,supported,0.0,0.0,0.0,0.0,0.0,0.0,0.0,,uncued_034_d04,0
timestamp_only,neutral_metadata_hidden,uncued_034,active_verification,false_consensus,refuted,supported,0.0,0.0,0.0,0.0,0.0,0.0,0.0,,uncued_034_d01,0
citation_graph_only,neutral_metadata_hidden,uncued_034,active_verification,false_consensus,refuted,insufficient,0.0,0.0,0.0,0.0,0.0,0.0,0.0,,"uncued_034_d02,uncued_034_d04",0
claim_overlap_only,neutral_metadata_hidden,uncued_034,active_verification,false_consensus,refuted,insufficient,0.0,0.0,0.0,0.0,0.0,0.0,0.0,,"uncued_034_d03,uncued_034_d04",0
cue_phrase_only,neutral_metadata_hidden,uncued_034,active_verification,false_consensus,refuted,supported,0.0,0.0,0.0,0.0,0.0,0.0,0.0,,,0
random_valid_schema,neutral_metadata_hidden,uncued_034,active_verification,false_consensus,refuted,supported,0.0,0.0,0.0,0.0,0.0,0.0,0.0,,uncued_034_d01,0
always_insufficient,neutral_metadata_hidden,uncued_034,active_verification,false_consensus,refuted,insufficient,0.0,0.0,0.0,0.0,0.0,0.0,0.0,,,0
simple_heuristic,neutral_metadata_hidden,uncued_034,active_verification,false_consensus,refuted,supported,0.0,1.0,1.0,0.0,0.0,0.5,0.0,uncued_034_d03,"uncued_034_d03,uncued_034_d04,uncued_034_d02",1
id_only,neutral_metadata_hidden,uncued_035,active_verification,false_consensus,refuted,supported,0.0,0.0,0.0,0.0,0.0,0.0,0.0,,uncued_035_d01,0
document_order_only,neutral_metadata_hidden,uncued_035,active_verification,false_consensus,refuted,supported,0.0,0.0,0.0,1.0,0.0,0.0,0.0,uncued_035_d03,uncued_035_d03,0
title_only,neutral_metadata_hidden,uncued_035,active_verification,false_consensus,refuted,insufficient,0.0,0.0,0.0,0.0,0.0,0.0,0.0,,,0
source_type_only,neutral_metadata_hidden,uncued_035,active_verification,false_consensus,refuted,supported,0.0,0.0,0.0,0.0,0.0,0.0,0.0,,,0
metadata_only,neutral_metadata_hidden,uncued_035,active_verification,false_consensus,refuted,supported,0.0,0.0,0.0,0.0,0.0,0.0,0.0,,uncued_035_d04,0
timestamp_only,neutral_metadata_hidden,uncued_035,active_verification,false_consensus,refuted,supported,0.0,0.0,0.0,0.0,0.0,0.0,0.0,,uncued_035_d02,0
citation_graph_only,neutral_metadata_hidden,uncued_035,active_verification,false_consensus,refuted,insufficient,0.0,0.0,0.0,0.0,0.0,0.0,0.0,,"uncued_035_d03,uncued_035_d01",0
claim_overlap_only,neutral_metadata_hidden,uncued_035,active_verification,false_consensus,refuted,insufficient,0.0,0.0,0.0,0.0,0.0,0.0,0.0,,"uncued_035_d01,uncued_035_d04",0
cue_phrase_only,neutral_metadata_hidden,uncued_035,active_verification,false_consensus,refuted,supported,0.0,0.0,0.0,0.0,0.0,0.0,0.0,,,0
random_valid_schema,neutral_metadata_hidden,uncued_035,active_verification,false_consensus,refuted,refuted,1.0,0.0,0.0,0.0,0.0,0.0,0.0,,uncued_035_d02,0
always_insufficient,neutral_metadata_hidden,uncued_035,active_verification,false_consensus,refuted,insufficient,0.0,0.0,0.0,0.0,0.0,0.0,0.0,,,0
simple_heuristic,neutral_metadata_hidden,uncued_035,active_verification,false_consensus,refuted,supported,0.0,0.0,0.0,1.0,0.0,0.5,0.0,uncued_035_d01,"uncued_035_d01,uncued_035_d04,uncued_035_d03",1
id_only,neutral_metadata_hidden,uncued_036,packet_judgment,buried_primary,supported,supported,1.0,0.0,0.0,0.0,0.0,0.0,0.0,,uncued_036_d01,0
document_order_only,neutral_metadata_hidden,uncued_036,packet_judgment,buried_primary,supported,supported,1.0,0.0,0.0,0.0,0.0,0.0,0.0,uncued_036_d01,uncued_036_d01,0
title_only,neutral_metadata_hidden,uncued_036,packet_judgment,buried_primary,supported,insufficient,0.0,0.0,0.0,0.0,0.0,0.0,0.0,,,0
source_type_only,neutral_metadata_hidden,uncued_036,packet_judgment,buried_primary,supported,supported,1.0,0.0,0.0,0.0,0.0,0.0,0.0,,,0
metadata_only,neutral_metadata_hidden,uncued_036,packet_judgment,buried_primary,supported,supported,1.0,0.0,0.0,0.0,0.0,0.0,0.0,,uncued_036_d04,0
timestamp_only,neutral_metadata_hidden,uncued_036,packet_judgment,buried_primary,supported,supported,1.0,0.0,0.0,0.0,0.0,0.0,0.0,,uncued_036_d04,0
citation_graph_only,neutral_metadata_hidden,uncued_036,packet_judgment,buried_primary,supported,insufficient,0.0,0.0,0.0,0.0,0.0,0.0,0.0,,"uncued_036_d03,uncued_036_d01",0
claim_overlap_only,neutral_metadata_hidden,uncued_036,packet_judgment,buried_primary,supported,insufficient,0.0,0.0,0.0,0.0,0.0,0.0,0.0,,"uncued_036_d02,uncued_036_d04",0
cue_phrase_only,neutral_metadata_hidden,uncued_036,packet_judgment,buried_primary,supported,supported,1.0,0.0,0.0,0.0,0.0,0.0,0.0,,,0
random_valid_schema,neutral_metadata_hidden,uncued_036,packet_judgment,buried_primary,supported,supported,1.0,0.0,0.0,0.0,0.0,0.0,0.0,,uncued_036_d01,0
always_insufficient,neutral_metadata_hidden,uncued_036,packet_judgment,buried_primary,supported,insufficient,0.0,0.0,0.0,0.0,0.0,0.0,0.0,,,0
simple_heuristic,neutral_metadata_hidden,uncued_036,packet_judgment,buried_primary,supported,supported,1.0,0.0,0.0,1.0,0.0,0.0,0.0,uncued_036_d02,"uncued_036_d02,uncued_036_d04,uncued_036_d01",1
id_only,neutral_metadata_hidden,uncued_037,packet_judgment,buried_primary,supported,supported,1.0,0.0,0.0,0.0,0.0,0.0,0.0,,uncued_037_d01,0
document_order_only,neutral_metadata_hidden,uncued_037,packet_judgment,buried_primary,supported,supported,1.0,0.0,0.0,0.0,0.0,0.0,0.0,uncued_037_d04,uncued_037_d04,0
title_only,neutral_metadata_hidden,uncued_037,packet_judgment,buried_primary,supported,insufficient,0.0,0.0,0.0,0.0,0.0,0.0,0.0,,,0
source_type_only,neutral_metadata_hidden,uncued_037,packet_judgment,buried_primary,supported,supported,1.0,0.0,0.0,0.0,0.0,0.0,0.0,,,0
metadata_only,neutral_metadata_hidden,uncued_037,packet_judgment,buried_primary,supported,supported,1.0,0.0,0.0,0.0,0.0,0.0,0.0,,uncued_037_d04,0
timestamp_only,neutral_metadata_hidden,uncued_037,packet_judgment,buried_primary,supported,supported,1.0,0.0,0.0,0.0,0.0,0.0,0.0,,uncued_037_d02,0
citation_graph_only,neutral_metadata_hidden,uncued_037,packet_judgment,buried_primary,supported,insufficient,0.0,0.0,0.0,0.0,0.0,0.0,0.0,,"uncued_037_d03,uncued_037_d04",0
claim_overlap_only,neutral_metadata_hidden,uncued_037,packet_judgment,buried_primary,supported,insufficient,0.0,0.0,0.0,0.0,0.0,0.0,0.0,,"uncued_037_d02,uncued_037_d01",0
cue_phrase_only,neutral_metadata_hidden,uncued_037,packet_judgment,buried_primary,supported,supported,1.0,0.0,0.0,0.0,0.0,0.0,0.0,,,0
random_valid_schema,neutral_metadata_hidden,uncued_037,packet_judgment,buried_primary,supported,insufficient,0.0,0.0,0.0,0.0,0.0,0.0,0.0,,uncued_037_d03,0
always_insufficient,neutral_metadata_hidden,uncued_037,packet_judgment,buried_primary,supported,insufficient,0.0,0.0,0.0,0.0,0.0,0.0,0.0,,,0
simple_heuristic,neutral_metadata_hidden,uncued_037,packet_judgment,buried_primary,supported,supported,1.0,1.0,1.0,0.0,0.0,0.0,1.0,uncued_037_d02,"uncued_037_d02,uncued_037_d01,uncued_037_d03",1
id_only,neutral_metadata_hidden,uncued_038,packet_judgment,buried_primary,supported,supported,1.0,0.0,0.0,0.0,0.0,0.0,0.0,,uncued_038_d01,0
document_order_only,neutral_metadata_hidden,uncued_038,packet_judgment,buried_primary,supported,supported,1.0,0.0,0.0,0.0,0.0,0.0,0.0,uncued_038_d01,uncued_038_d01,0
title_only,neutral_metadata_hidden,uncued_038,packet_judgment,buried_primary,supported,insufficient,0.0,0.0,0.0,0.0,0.0,0.0,0.0,,,0
source_type_only,neutral_metadata_hidden,uncued_038,packet_judgment,buried_primary,supported,supported,1.0,0.0,0.0,0.0,0.0,0.0,0.0,,,0
metadata_only,neutral_metadata_hidden,uncued_038,packet_judgment,buried_primary,supported,supported,1.0,0.0,0.0,0.0,0.0,0.0,0.0,,uncued_038_d04,0
timestamp_only,neutral_metadata_hidden,uncued_038,packet_judgment,buried_primary,supported,supported,1.0,0.0,0.0,0.0,0.0,0.0,0.0,,uncued_038_d03,0
citation_graph_only,neutral_metadata_hidden,uncued_038,packet_judgment,buried_primary,supported,insufficient,0.0,0.0,0.0,0.0,0.0,0.0,0.0,,"uncued_038_d01,uncued_038_d02",0
claim_overlap_only,neutral_metadata_hidden,uncued_038,packet_judgment,buried_primary,supported,insufficient,0.0,0.0,0.0,0.0,0.0,0.0,0.0,,"uncued_038_d02,uncued_038_d03",0
cue_phrase_only,neutral_metadata_hidden,uncued_038,packet_judgment,buried_primary,supported,supported,1.0,0.0,0.0,0.0,0.0,0.0,0.0,,,0
random_valid_schema,neutral_metadata_hidden,uncued_038,packet_judgment,buried_primary,supported,insufficient,0.0,0.0,0.0,0.0,0.0,0.0,0.0,,uncued_038_d01,0
always_insufficient,neutral_metadata_hidden,uncued_038,packet_judgment,buried_primary,supported,insufficient,0.0,0.0,0.0,0.0,0.0,0.0,0.0,,,0
simple_heuristic,neutral_metadata_hidden,uncued_038,packet_judgment,buried_primary,supported,supported,1.0,0.0,0.0,1.0,0.0,0.0,0.0,uncued_038_d02,"uncued_038_d02,uncued_038_d03,uncued_038_d01",1
id_only,neutral_metadata_hidden,uncued_039,packet_judgment,buried_primary,supported,supported,1.0,0.0,0.0,0.0,0.0,0.0,0.0,,uncued_039_d01,0
document_order_only,neutral_metadata_hidden,uncued_039,packet_judgment,buried_primary,supported,supported,1.0,0.0,0.0,1.0,0.0,0.0,0.0,uncued_039_d04,uncued_039_d04,0
title_only,neutral_metadata_hidden,uncued_039,packet_judgment,buried_primary,supported,insufficient,0.0,0.0,0.0,0.0,0.0,0.0,0.0,,,0
source_type_only,neutral_metadata_hidden,uncued_039,packet_judgment,buried_primary,supported,supported,1.0,0.0,0.0,0.0,0.0,0.0,0.0,,,0
metadata_only,neutral_metadata_hidden,uncued_039,packet_judgment,buried_primary,supported,supported,1.0,0.0,0.0,0.0,0.0,0.0,0.0,,uncued_039_d04,0
timestamp_only,neutral_metadata_hidden,uncued_039,packet_judgment,buried_primary,supported,supported,1.0,0.0,0.0,0.0,0.0,0.0,0.0,,uncued_039_d03,0
citation_graph_only,neutral_metadata_hidden,uncued_039,packet_judgment,buried_primary,supported,insufficient,0.0,0.0,0.0,0.0,0.0,0.0,0.0,,"uncued_039_d01,uncued_039_d04",0
claim_overlap_only,neutral_metadata_hidden,uncued_039,packet_judgment,buried_primary,supported,insufficient,0.0,0.0,0.0,0.0,0.0,0.0,0.0,,"uncued_039_d04,uncued_039_d03",0
cue_phrase_only,neutral_metadata_hidden,uncued_039,packet_judgment,buried_primary,supported,supported,1.0,0.0,0.0,0.0,0.0,0.0,0.0,,,0
random_valid_schema,neutral_metadata_hidden,uncued_039,packet_judgment,buried_primary,supported,refuted,0.0,0.0,0.0,0.0,0.0,0.0,0.0,,uncued_039_d03,0
always_insufficient,neutral_metadata_hidden,uncued_039,packet_judgment,buried_primary,supported,insufficient,0.0,0.0,0.0,0.0,0.0,0.0,0.0,,,0
simple_heuristic,neutral_metadata_hidden,uncued_039,packet_judgment,buried_primary,supported,supported,1.0,0.0,0.0,1.0,0.0,0.0,0.0,uncued_039_d04,"uncued_039_d04,uncued_039_d03,uncued_039_d01",1
id_only,neutral_metadata_hidden,uncued_040,packet_judgment,buried_primary,supported,supported,1.0,0.0,0.0,0.0,0.0,0.0,0.0,,uncued_040_d01,0
document_order_only,neutral_metadata_hidden,uncued_040,packet_judgment,buried_primary,supported,supported,1.0,1.0,1.0,0.0,0.0,0.0,1.0,uncued_040_d04,uncued_040_d04,0
title_only,neutral_metadata_hidden,uncued_040,packet_judgment,buried_primary,supported,insufficient,0.0,0.0,0.0,0.0,0.0,0.0,0.0,,,0
source_type_only,neutral_metadata_hidden,uncued_040,packet_judgment,buried_primary,supported,supported,1.0,0.0,0.0,0.0,0.0,0.0,0.0,,,0
metadata_only,neutral_metadata_hidden,uncued_040,packet_judgment,buried_primary,supported,supported,1.0,0.0,0.0,0.0,0.0,0.0,0.0,,uncued_040_d04,0
timestamp_only,neutral_metadata_hidden,uncued_040,packet_judgment,buried_primary,supported,supported,1.0,0.0,0.0,0.0,0.0,0.0,0.0,,uncued_040_d04,0
citation_graph_only,neutral_metadata_hidden,uncued_040,packet_judgment,buried_primary,supported,insufficient,0.0,0.0,0.0,0.0,0.0,0.0,0.0,,"uncued_040_d01,uncued_040_d04",0
claim_overlap_only,neutral_metadata_hidden,uncued_040,packet_judgment,buried_primary,supported,insufficient,0.0,0.0,0.0,0.0,0.0,0.0,0.0,,"uncued_040_d04,uncued_040_d03",0
cue_phrase_only,neutral_metadata_hidden,uncued_040,packet_judgment,buried_primary,supported,supported,1.0,0.0,0.0,0.0,0.0,0.0,0.0,,,0
random_valid_schema,neutral_metadata_hidden,uncued_040,packet_judgment,buried_primary,supported,refuted,0.0,0.0,0.0,0.0,0.0,0.0,0.0,,uncued_040_d03,0
always_insufficient,neutral_metadata_hidden,uncued_040,packet_judgment,buried_primary,supported,insufficient,0.0,0.0,0.0,0.0,0.0,0.0,0.0,,,0
simple_heuristic,neutral_metadata_hidden,uncued_040,packet_judgment,buried_primary,supported,supported,1.0,1.0,1.0,0.0,0.0,0.0,1.0,uncued_040_d04,"uncued_040_d04,uncued_040_d03,uncued_040_d01",1
id_only,neutral_metadata_hidden,uncued_041,evidence_selection,buried_primary,supported,supported,1.0,0.0,0.0,0.0,0.0,0.0,0.0,,uncued_041_d01,0
document_order_only,neutral_metadata_hidden,uncued_041,evidence_selection,buried_primary,supported,supported,1.0,0.0,0.0,0.0,0.0,0.0,0.0,uncued_041_d02,uncued_041_d02,0
title_only,neutral_metadata_hidden,uncued_041,evidence_selection,buried_primary,supported,insufficient,0.0,0.0,0.0,0.0,0.0,0.0,0.0,,,0
source_type_only,neutral_metadata_hidden,uncued_041,evidence_selection,buried_primary,supported,supported,1.0,0.0,0.0,0.0,0.0,0.0,0.0,,,0
metadata_only,neutral_metadata_hidden,uncued_041,evidence_selection,buried_primary,supported,supported,1.0,0.0,0.0,0.0,0.0,0.0,0.0,,uncued_041_d04,0
timestamp_only,neutral_metadata_hidden,uncued_041,evidence_selection,buried_primary,supported,supported,1.0,0.0,0.0,0.0,0.0,0.0,0.0,,uncued_041_d03,0
citation_graph_only,neutral_metadata_hidden,uncued_041,evidence_selection,buried_primary,supported,insufficient,0.0,0.0,0.0,0.0,0.0,0.0,0.0,,"uncued_041_d01,uncued_041_d02",0
claim_overlap_only,neutral_metadata_hidden,uncued_041,evidence_selection,buried_primary,supported,insufficient,0.0,0.0,0.0,0.0,0.0,0.0,0.0,,"uncued_041_d03,uncued_041_d04",0
cue_phrase_only,neutral_metadata_hidden,uncued_041,evidence_selection,buried_primary,supported,supported,1.0,0.0,0.0,0.0,0.0,0.0,0.0,,,0
random_valid_schema,neutral_metadata_hidden,uncued_041,evidence_selection,buried_primary,supported,refuted,0.0,0.0,0.0,0.0,0.0,0.0,0.0,,uncued_041_d03,0
always_insufficient,neutral_metadata_hidden,uncued_041,evidence_selection,buried_primary,supported,insufficient,0.0,0.0,0.0,0.0,0.0,0.0,0.0,,,0
simple_heuristic,neutral_metadata_hidden,uncued_041,evidence_selection,buried_primary,supported,supported,1.0,1.0,1.0,0.0,0.0,0.0,1.0,uncued_041_d03,"uncued_041_d03,uncued_041_d04,uncued_041_d02",1
id_only,neutral_metadata_hidden,uncued_042,evidence_selection,buried_primary,supported,supported,1.0,0.0,0.0,0.0,0.0,0.0,0.0,,uncued_042_d01,0
document_order_only,neutral_metadata_hidden,uncued_042,evidence_selection,buried_primary,supported,supported,1.0,0.0,0.0,1.0,0.0,0.0,0.0,uncued_042_d03,uncued_042_d03,0
title_only,neutral_metadata_hidden,uncued_042,evidence_selection,buried_primary,supported,insufficient,0.0,0.0,0.0,0.0,0.0,0.0,0.0,,,0
source_type_only,neutral_metadata_hidden,uncued_042,evidence_selection,buried_primary,supported,supported,1.0,0.0,0.0,0.0,0.0,0.0,0.0,,,0
metadata_only,neutral_metadata_hidden,uncued_042,evidence_selection,buried_primary,supported,supported,1.0,0.0,0.0,0.0,0.0,0.0,0.0,,uncued_042_d04,0
timestamp_only,neutral_metadata_hidden,uncued_042,evidence_selection,buried_primary,supported,supported,1.0,0.0,0.0,0.0,0.0,0.0,0.0,,uncued_042_d02,0
citation_graph_only,neutral_metadata_hidden,uncued_042,evidence_selection,buried_primary,supported,insufficient,0.0,0.0,0.0,0.0,0.0,0.0,0.0,,"uncued_042_d04,uncued_042_d03",0
claim_overlap_only,neutral_metadata_hidden,uncued_042,evidence_selection,buried_primary,supported,insufficient,0.0,0.0,0.0,0.0,0.0,0.0,0.0,,"uncued_042_d03,uncued_042_d02",0
cue_phrase_only,neutral_metadata_hidden,uncued_042,evidence_selection,buried_primary,supported,supported,1.0,0.0,0.0,0.0,0.0,0.0,0.0,,,0
random_valid_schema,neutral_metadata_hidden,uncued_042,evidence_selection,buried_primary,supported,insufficient,0.0,0.0,0.0,0.0,0.0,0.0,0.0,,uncued_042_d04,0
always_insufficient,neutral_metadata_hidden,uncued_042,evidence_selection,buried_primary,supported,insufficient,0.0,0.0,0.0,0.0,0.0,0.0,0.0,,,0
simple_heuristic,neutral_metadata_hidden,uncued_042,evidence_selection,buried_primary,supported,supported,1.0,0.0,0.0,1.0,0.0,0.0,0.0,uncued_042_d03,"uncued_042_d03,uncued_042_d02,uncued_042_d04",1
id_only,neutral_metadata_hidden,uncued_043,evidence_selection,buried_primary,supported,supported,1.0,0.0,0.0,0.0,0.0,0.0,0.0,,uncued_043_d01,0
document_order_only,neutral_metadata_hidden,uncued_043,evidence_selection,buried_primary,supported,supported,1.0,0.0,0.0,0.0,0.0,0.0,0.0,uncued_043_d02,uncued_043_d02,0
title_only,neutral_metadata_hidden,uncued_043,evidence_selection,buried_primary,supported,insufficient,0.0,0.0,0.0,0.0,0.0,0.0,0.0,,,0
source_type_only,neutral_metadata_hidden,uncued_043,evidence_selection,buried_primary,supported,supported,1.0,0.0,0.0,0.0,0.0,0.0,0.0,,,0
metadata_only,neutral_metadata_hidden,uncued_043,evidence_selection,buried_primary,supported,supported,1.0,0.0,0.0,0.0,0.0,0.0,0.0,,uncued_043_d04,0
timestamp_only,neutral_metadata_hidden,uncued_043,evidence_selection,buried_primary,supported,supported,1.0,0.0,0.0,0.0,0.0,0.0,0.0,,uncued_043_d01,0
citation_graph_only,neutral_metadata_hidden,uncued_043,evidence_selection,buried_primary,supported,insufficient,0.0,0.0,0.0,0.0,0.0,0.0,0.0,,"uncued_043_d02,uncued_043_d03",0
claim_overlap_only,neutral_metadata_hidden,uncued_043,evidence_selection,buried_primary,supported,insufficient,0.0,0.0,0.0,0.0,0.0,0.0,0.0,,"uncued_043_d03,uncued_043_d01",0
cue_phrase_only,neutral_metadata_hidden,uncued_043,evidence_selection,buried_primary,supported,supported,1.0,0.0,0.0,0.0,0.0,0.0,0.0,,,0
random_valid_schema,neutral_metadata_hidden,uncued_043,evidence_selection,buried_primary,supported,refuted,0.0,0.0,0.0,0.0,0.0,0.0,0.0,,uncued_043_d02,0
always_insufficient,neutral_metadata_hidden,uncued_043,evidence_selection,buried_primary,supported,insufficient,0.0,0.0,0.0,0.0,0.0,0.0,0.0,,,0
simple_heuristic,neutral_metadata_hidden,uncued_043,evidence_selection,buried_primary,supported,supported,1.0,0.0,0.0,1.0,0.0,0.0,0.0,uncued_043_d03,"uncued_043_d03,uncued_043_d01,uncued_043_d02",1
id_only,neutral_metadata_hidden,uncued_044,evidence_selection,buried_primary,supported,supported,1.0,0.0,0.0,0.0,0.0,0.0,0.0,,uncued_044_d01,0
document_order_only,neutral_metadata_hidden,uncued_044,evidence_selection,buried_primary,supported,supported,1.0,0.0,0.0,1.0,0.0,0.0,0.0,uncued_044_d03,uncued_044_d03,0
title_only,neutral_metadata_hidden,uncued_044,evidence_selection,buried_primary,supported,insufficient,0.0,0.0,0.0,0.0,0.0,0.0,0.0,,,0
source_type_only,neutral_metadata_hidden,uncued_044,evidence_selection,buried_primary,supported,supported,1.0,0.0,0.0,0.0,0.0,0.0,0.0,,,0
metadata_only,neutral_metadata_hidden,uncued_044,evidence_selection,buried_primary,supported,supported,1.0,0.0,0.0,0.0,0.0,0.0,0.0,,uncued_044_d04,0
timestamp_only,neutral_metadata_hidden,uncued_044,evidence_selection,buried_primary,supported,supported,1.0,0.0,0.0,0.0,0.0,0.0,0.0,,uncued_044_d02,0
citation_graph_only,neutral_metadata_hidden,uncued_044,evidence_selection,buried_primary,supported,insufficient,0.0,0.0,0.0,0.0,0.0,0.0,0.0,,"uncued_044_d04,uncued_044_d03",0
claim_overlap_only,neutral_metadata_hidden,uncued_044,evidence_selection,buried_primary,supported,insufficient,0.0,0.0,0.0,0.0,0.0,0.0,0.0,,"uncued_044_d03,uncued_044_d02",0
cue_phrase_only,neutral_metadata_hidden,uncued_044,evidence_selection,buried_primary,supported,supported,1.0,0.0,0.0,0.0,0.0,0.0,0.0,,,0
random_valid_schema,neutral_metadata_hidden,uncued_044,evidence_selection,buried_primary,supported,insufficient,0.0,0.0,0.0,0.0,0.0,0.0,0.0,,uncued_044_d01,0
always_insufficient,neutral_metadata_hidden,uncued_044,evidence_selection,buried_primary,supported,insufficient,0.0,0.0,0.0,0.0,0.0,0.0,0.0,,,0
simple_heuristic,neutral_metadata_hidden,uncued_044,evidence_selection,buried_primary,supported,supported,1.0,0.0,0.0,1.0,0.0,0.0,0.0,uncued_044_d03,"uncued_044_d03,uncued_044_d02,uncued_044_d04",1
id_only,neutral_metadata_hidden,uncued_045,evidence_selection,buried_primary,supported,supported,1.0,0.0,0.0,0.0,0.0,0.0,0.0,,uncued_045_d01,0
document_order_only,neutral_metadata_hidden,uncued_045,evidence_selection,buried_primary,supported,supported,1.0,0.0,0.0,1.0,0.0,0.0,0.0,uncued_045_d03,uncued_045_d03,0
title_only,neutral_metadata_hidden,uncued_045,evidence_selection,buried_primary,supported,insufficient,0.0,0.0,0.0,0.0,0.0,0.0,0.0,,,0
source_type_only,neutral_metadata_hidden,uncued_045,evidence_selection,buried_primary,supported,supported,1.0,0.0,0.0,0.0,0.0,0.0,0.0,,,0
metadata_only,neutral_metadata_hidden,uncued_045,evidence_selection,buried_primary,supported,supported,1.0,0.0,0.0,0.0,0.0,0.0,0.0,,uncued_045_d04,0
timestamp_only,neutral_metadata_hidden,uncued_045,evidence_selection,buried_primary,supported,supported,1.0,0.0,0.0,0.0,0.0,0.0,0.0,,uncued_045_d04,0
citation_graph_only,neutral_metadata_hidden,uncued_045,evidence_selection,buried_primary,supported,insufficient,0.0,0.0,0.0,0.0,0.0,0.0,0.0,,"uncued_045_d01,uncued_045_d03",0
claim_overlap_only,neutral_metadata_hidden,uncued_045,evidence_selection,buried_primary,supported,insufficient,0.0,0.0,0.0,0.0,0.0,0.0,0.0,,"uncued_045_d03,uncued_045_d04",0
cue_phrase_only,neutral_metadata_hidden,uncued_045,evidence_selection,buried_primary,supported,supported,1.0,0.0,0.0,0.0,0.0,0.0,0.0,,,0
random_valid_schema,neutral_metadata_hidden,uncued_045,evidence_selection,buried_primary,supported,supported,1.0,0.0,0.0,0.0,0.0,0.0,0.0,,uncued_045_d01,0
always_insufficient,neutral_metadata_hidden,uncued_045,evidence_selection,buried_primary,supported,insufficient,0.0,0.0,0.0,0.0,0.0,0.0,0.0,,,0
simple_heuristic,neutral_metadata_hidden,uncued_045,evidence_selection,buried_primary,supported,supported,1.0,0.0,0.0,1.0,0.0,0.0,0.0,uncued_045_d03,"uncued_045_d03,uncued_045_d04,uncued_045_d01",1
id_only,neutral_metadata_hidden,uncued_046,active_verification,buried_primary,supported,supported,1.0,0.0,0.0,0.0,0.0,0.0,0.0,,uncued_046_d01,0
document_order_only,neutral_metadata_hidden,uncued_046,active_verification,buried_primary,supported,supported,1.0,0.0,0.0,1.0,0.0,0.0,0.0,uncued_046_d04,uncued_046_d04,0
title_only,neutral_metadata_hidden,uncued_046,active_verification,buried_primary,supported,insufficient,0.0,0.0,0.0,0.0,0.0,0.0,0.0,,,0
source_type_only,neutral_metadata_hidden,uncued_046,active_verification,buried_primary,supported,supported,1.0,0.0,0.0,0.0,0.0,0.0,0.0,,,0
metadata_only,neutral_metadata_hidden,uncued_046,active_verification,buried_primary,supported,supported,1.0,0.0,0.0,0.0,0.0,0.0,0.0,,uncued_046_d04,0
timestamp_only,neutral_metadata_hidden,uncued_046,active_verification,buried_primary,supported,supported,1.0,0.0,0.0,0.0,0.0,0.0,0.0,,uncued_046_d01,0
citation_graph_only,neutral_metadata_hidden,uncued_046,active_verification,buried_primary,supported,insufficient,0.0,0.0,0.0,0.0,0.0,0.0,0.0,,"uncued_046_d02,uncued_046_d04",0
claim_overlap_only,neutral_metadata_hidden,uncued_046,active_verification,buried_primary,supported,insufficient,0.0,0.0,0.0,0.0,0.0,0.0,0.0,,"uncued_046_d04,uncued_046_d01",0
cue_phrase_only,neutral_metadata_hidden,uncued_046,active_verification,buried_primary,supported,supported,1.0,0.0,0.0,0.0,0.0,0.0,0.0,,,0
random_valid_schema,neutral_metadata_hidden,uncued_046,active_verification,buried_primary,supported,insufficient,0.0,0.0,0.0,0.0,0.0,0.0,0.0,,uncued_046_d01,0
always_insufficient,neutral_metadata_hidden,uncued_046,active_verification,buried_primary,supported,insufficient,0.0,0.0,0.0,0.0,0.0,0.0,0.0,,,0
simple_heuristic,neutral_metadata_hidden,uncued_046,active_verification,buried_primary,supported,supported,1.0,0.0,0.0,1.0,0.0,0.5,0.0,uncued_046_d04,"uncued_046_d04,uncued_046_d01,uncued_046_d02",1
id_only,neutral_metadata_hidden,uncued_047,active_verification,buried_primary,supported,supported,1.0,0.0,0.0,0.0,0.0,0.0,0.0,,uncued_047_d01,0
document_order_only,neutral_metadata_hidden,uncued_047,active_verification,buried_primary,supported,supported,1.0,1.0,1.0,0.0,0.0,0.0,0.0,uncued_047_d02,uncued_047_d02,0
title_only,neutral_metadata_hidden,uncued_047,active_verification,buried_primary,supported,insufficient,0.0,0.0,0.0,0.0,0.0,0.0,0.0,,,0
source_type_only,neutral_metadata_hidden,uncued_047,active_verification,buried_primary,supported,supported,1.0,0.0,0.0,0.0,0.0,0.0,0.0,,,0
metadata_only,neutral_metadata_hidden,uncued_047,active_verification,buried_primary,supported,supported,1.0,0.0,0.0,0.0,0.0,0.0,0.0,,uncued_047_d04,0
timestamp_only,neutral_metadata_hidden,uncued_047,active_verification,buried_primary,supported,supported,1.0,0.0,0.0,0.0,0.0,0.0,0.0,,uncued_047_d02,0
citation_graph_only,neutral_metadata_hidden,uncued_047,active_verification,buried_primary,supported,insufficient,0.0,0.0,0.0,0.0,0.0,0.0,0.0,,"uncued_047_d04,uncued_047_d02",0
claim_overlap_only,neutral_metadata_hidden,uncued_047,active_verification,buried_primary,supported,insufficient,0.0,0.0,0.0,0.0,0.0,0.0,0.0,,"uncued_047_d02,uncued_047_d01",0
cue_phrase_only,neutral_metadata_hidden,uncued_047,active_verification,buried_primary,supported,supported,1.0,0.0,0.0,0.0,0.0,0.0,0.0,,,0
random_valid_schema,neutral_metadata_hidden,uncued_047,active_verification,buried_primary,supported,refuted,0.0,0.0,0.0,0.0,0.0,0.0,0.0,,uncued_047_d03,0
always_insufficient,neutral_metadata_hidden,uncued_047,active_verification,buried_primary,supported,insufficient,0.0,0.0,0.0,0.0,0.0,0.0,0.0,,,0
simple_heuristic,neutral_metadata_hidden,uncued_047,active_verification,buried_primary,supported,supported,1.0,1.0,1.0,0.0,0.0,0.5,0.0,uncued_047_d02,"uncued_047_d02,uncued_047_d01,uncued_047_d03",1
id_only,neutral_metadata_hidden,uncued_048,packet_judgment,generated_lore,insufficient,supported,0.0,0.0,1.0,0.0,0.0,0.0,0.0,,uncued_048_d01,0
document_order_only,neutral_metadata_hidden,uncued_048,packet_judgment,generated_lore,insufficient,supported,0.0,0.0,1.0,0.0,0.0,0.0,0.0,uncued_048_d03,uncued_048_d03,0
title_only,neutral_metadata_hidden,uncued_048,packet_judgment,generated_lore,insufficient,insufficient,1.0,0.0,1.0,0.0,0.0,0.0,1.0,,,0
source_type_only,neutral_metadata_hidden,uncued_048,packet_judgment,generated_lore,insufficient,supported,0.0,0.0,1.0,0.0,0.0,0.0,0.0,,,0
metadata_only,neutral_metadata_hidden,uncued_048,packet_judgment,generated_lore,insufficient,supported,0.0,0.0,1.0,0.0,0.0,0.0,0.0,,uncued_048_d04,0
timestamp_only,neutral_metadata_hidden,uncued_048,packet_judgment,generated_lore,insufficient,supported,0.0,0.0,1.0,0.0,0.0,0.0,0.0,,uncued_048_d03,0
citation_graph_only,neutral_metadata_hidden,uncued_048,packet_judgment,generated_lore,insufficient,insufficient,1.0,0.0,1.0,0.0,0.0,0.0,1.0,,"uncued_048_d02,uncued_048_d03",0
claim_overlap_only,neutral_metadata_hidden,uncued_048,packet_judgment,generated_lore,insufficient,insufficient,1.0,0.0,1.0,0.0,0.0,0.0,1.0,,"uncued_048_d04,uncued_048_d02",0
cue_phrase_only,neutral_metadata_hidden,uncued_048,packet_judgment,generated_lore,insufficient,supported,0.0,0.0,1.0,0.0,0.0,0.0,0.0,,,0
random_valid_schema,neutral_metadata_hidden,uncued_048,packet_judgment,generated_lore,insufficient,supported,0.0,0.0,1.0,0.0,0.0,0.0,0.0,,uncued_048_d01,0
always_insufficient,neutral_metadata_hidden,uncued_048,packet_judgment,generated_lore,insufficient,insufficient,1.0,0.0,1.0,0.0,0.0,0.0,1.0,,,0
simple_heuristic,neutral_metadata_hidden,uncued_048,packet_judgment,generated_lore,insufficient,insufficient,1.0,0.0,1.0,0.0,0.0,0.0,1.0,,"uncued_048_d04,uncued_048_d02,uncued_048_d01",1
id_only,neutral_metadata_hidden,uncued_049,packet_judgment,generated_lore,insufficient,supported,0.0,0.0,1.0,0.0,0.0,0.0,0.0,,uncued_049_d01,0
document_order_only,neutral_metadata_hidden,uncued_049,packet_judgment,generated_lore,insufficient,supported,0.0,0.0,1.0,0.0,0.0,0.0,0.0,uncued_049_d04,uncued_049_d04,0
title_only,neutral_metadata_hidden,uncued_049,packet_judgment,generated_lore,insufficient,insufficient,1.0,0.0,1.0,0.0,0.0,0.0,1.0,,,0
source_type_only,neutral_metadata_hidden,uncued_049,packet_judgment,generated_lore,insufficient,supported,0.0,0.0,1.0,0.0,0.0,0.0,0.0,,,0
metadata_only,neutral_metadata_hidden,uncued_049,packet_judgment,generated_lore,insufficient,supported,0.0,0.0,1.0,0.0,0.0,0.0,0.0,,uncued_049_d04,0
timestamp_only,neutral_metadata_hidden,uncued_049,packet_judgment,generated_lore,insufficient,supported,0.0,0.0,1.0,0.0,0.0,0.0,0.0,,uncued_049_d03,0
citation_graph_only,neutral_metadata_hidden,uncued_049,packet_judgment,generated_lore,insufficient,insufficient,1.0,0.0,1.0,0.0,0.0,0.0,1.0,,"uncued_049_d02,uncued_049_d04",0
claim_overlap_only,neutral_metadata_hidden,uncued_049,packet_judgment,generated_lore,insufficient,insufficient,1.0,0.0,1.0,0.0,0.0,0.0,1.0,,"uncued_049_d04,uncued_049_d02",0
cue_phrase_only,neutral_metadata_hidden,uncued_049,packet_judgment,generated_lore,insufficient,supported,0.0,0.0,1.0,0.0,0.0,0.0,0.0,,,0
random_valid_schema,neutral_metadata_hidden,uncued_049,packet_judgment,generated_lore,insufficient,supported,0.0,0.0,1.0,0.0,0.0,0.0,0.0,,uncued_049_d03,0
always_insufficient,neutral_metadata_hidden,uncued_049,packet_judgment,generated_lore,insufficient,insufficient,1.0,0.0,1.0,0.0,0.0,0.0,1.0,,,0
simple_heuristic,neutral_metadata_hidden,uncued_049,packet_judgment,generated_lore,insufficient,insufficient,1.0,0.0,1.0,0.0,0.0,0.0,1.0,,"uncued_049_d04,uncued_049_d02,uncued_049_d01",1
id_only,neutral_metadata_hidden,uncued_050,packet_judgment,generated_lore,insufficient,supported,0.0,0.0,1.0,0.0,0.0,0.0,0.0,,uncued_050_d01,0
document_order_only,neutral_metadata_hidden,uncued_050,packet_judgment,generated_lore,insufficient,supported,0.0,0.0,1.0,0.0,0.0,0.0,0.0,uncued_050_d03,uncued_050_d03,0
title_only,neutral_metadata_hidden,uncued_050,packet_judgment,generated_lore,insufficient,insufficient,1.0,0.0,1.0,0.0,0.0,0.0,1.0,,,0
source_type_only,neutral_metadata_hidden,uncued_050,packet_judgment,generated_lore,insufficient,supported,0.0,0.0,1.0,0.0,0.0,0.0,0.0,,,0
metadata_only,neutral_metadata_hidden,uncued_050,packet_judgment,generated_lore,insufficient,supported,0.0,0.0,1.0,0.0,0.0,0.0,0.0,,uncued_050_d04,0
timestamp_only,neutral_metadata_hidden,uncued_050,packet_judgment,generated_lore,insufficient,supported,0.0,0.0,1.0,0.0,0.0,0.0,0.0,,uncued_050_d04,0
citation_graph_only,neutral_metadata_hidden,uncued_050,packet_judgment,generated_lore,insufficient,insufficient,1.0,0.0,1.0,0.0,0.0,0.0,1.0,,"uncued_050_d02,uncued_050_d03",0
claim_overlap_only,neutral_metadata_hidden,uncued_050,packet_judgment,generated_lore,insufficient,insufficient,1.0,0.0,1.0,0.0,0.0,0.0,1.0,,"uncued_050_d03,uncued_050_d01",0
cue_phrase_only,neutral_metadata_hidden,uncued_050,packet_judgment,generated_lore,insufficient,supported,0.0,0.0,1.0,0.0,0.0,0.0,0.0,,,0
random_valid_schema,neutral_metadata_hidden,uncued_050,packet_judgment,generated_lore,insufficient,supported,0.0,0.0,1.0,0.0,0.0,0.0,0.0,,uncued_050_d03,0
always_insufficient,neutral_metadata_hidden,uncued_050,packet_judgment,generated_lore,insufficient,insufficient,1.0,0.0,1.0,0.0,0.0,0.0,1.0,,,0
simple_heuristic,neutral_metadata_hidden,uncued_050,packet_judgment,generated_lore,insufficient,insufficient,1.0,0.0,1.0,0.0,0.0,0.0,1.0,,"uncued_050_d03,uncued_050_d01,uncued_050_d02",1
id_only,neutral_metadata_hidden,uncued_051,packet_judgment,generated_lore,insufficient,supported,0.0,0.0,1.0,0.0,0.0,0.0,0.0,,uncued_051_d01,0
document_order_only,neutral_metadata_hidden,uncued_051,packet_judgment,generated_lore,insufficient,supported,0.0,0.0,1.0,0.0,0.0,0.0,0.0,uncued_051_d02,uncued_051_d02,0
title_only,neutral_metadata_hidden,uncued_051,packet_judgment,generated_lore,insufficient,insufficient,1.0,0.0,1.0,0.0,0.0,0.0,1.0,,,0
source_type_only,neutral_metadata_hidden,uncued_051,packet_judgment,generated_lore,insufficient,supported,0.0,0.0,1.0,0.0,0.0,0.0,0.0,,,0
metadata_only,neutral_metadata_hidden,uncued_051,packet_judgment,generated_lore,insufficient,supported,0.0,0.0,1.0,0.0,0.0,0.0,0.0,,uncued_051_d04,0
timestamp_only,neutral_metadata_hidden,uncued_051,packet_judgment,generated_lore,insufficient,supported,0.0,0.0,1.0,0.0,0.0,0.0,0.0,,uncued_051_d03,0
citation_graph_only,neutral_metadata_hidden,uncued_051,packet_judgment,generated_lore,insufficient,insufficient,1.0,0.0,1.0,0.0,0.0,0.0,1.0,,"uncued_051_d04,uncued_051_d02",0
claim_overlap_only,neutral_metadata_hidden,uncued_051,packet_judgment,generated_lore,insufficient,insufficient,1.0,0.0,1.0,0.0,0.0,0.0,1.0,,"uncued_051_d02,uncued_051_d04",0
cue_phrase_only,neutral_metadata_hidden,uncued_051,packet_judgment,generated_lore,insufficient,supported,0.0,0.0,1.0,0.0,0.0,0.0,0.0,,,0
random_valid_schema,neutral_metadata_hidden,uncued_051,packet_judgment,generated_lore,insufficient,supported,0.0,0.0,1.0,0.0,0.0,0.0,0.0,,uncued_051_d04,0
always_insufficient,neutral_metadata_hidden,uncued_051,packet_judgment,generated_lore,insufficient,insufficient,1.0,0.0,1.0,0.0,0.0,0.0,1.0,,,0
simple_heuristic,neutral_metadata_hidden,uncued_051,packet_judgment,generated_lore,insufficient,insufficient,1.0,0.0,1.0,0.0,0.0,0.0,1.0,,"uncued_051_d02,uncued_051_d04,uncued_051_d01",1
id_only,neutral_metadata_hidden,uncued_052,evidence_selection,generated_lore,insufficient,supported,0.0,0.0,1.0,0.0,0.0,0.0,0.0,,uncued_052_d01,0
document_order_only,neutral_metadata_hidden,uncued_052,evidence_selection,generated_lore,insufficient,supported,0.0,0.0,1.0,1.0,0.0,0.0,0.0,uncued_052_d03,uncued_052_d03,0
title_only,neutral_metadata_hidden,uncued_052,evidence_selection,generated_lore,insufficient,insufficient,1.0,0.0,1.0,0.0,0.0,0.0,1.0,,,0
source_type_only,neutral_metadata_hidden,uncued_052,evidence_selection,generated_lore,insufficient,supported,0.0,0.0,1.0,0.0,0.0,0.0,0.0,,,0
metadata_only,neutral_metadata_hidden,uncued_052,evidence_selection,generated_lore,insufficient,supported,0.0,0.0,1.0,0.0,0.0,0.0,0.0,,uncued_052_d04,0
timestamp_only,neutral_metadata_hidden,uncued_052,evidence_selection,generated_lore,insufficient,supported,0.0,0.0,1.0,0.0,0.0,0.0,0.0,,uncued_052_d01,0
citation_graph_only,neutral_metadata_hidden,uncued_052,evidence_selection,generated_lore,insufficient,insufficient,1.0,0.0,1.0,0.0,0.0,0.0,1.0,,"uncued_052_d03,uncued_052_d04",0
claim_overlap_only,neutral_metadata_hidden,uncued_052,evidence_selection,generated_lore,insufficient,insufficient,1.0,0.0,1.0,0.0,0.0,0.0,1.0,,"uncued_052_d03,uncued_052_d02",0
cue_phrase_only,neutral_metadata_hidden,uncued_052,evidence_selection,generated_lore,insufficient,supported,0.0,0.0,1.0,0.0,0.0,0.0,0.0,,,0
random_valid_schema,neutral_metadata_hidden,uncued_052,evidence_selection,generated_lore,insufficient,refuted,0.0,0.0,1.0,0.0,0.0,0.0,0.0,,uncued_052_d03,0
always_insufficient,neutral_metadata_hidden,uncued_052,evidence_selection,generated_lore,insufficient,insufficient,1.0,0.0,1.0,0.0,0.0,0.0,1.0,,,0
simple_heuristic,neutral_metadata_hidden,uncued_052,evidence_selection,generated_lore,insufficient,insufficient,1.0,0.0,1.0,0.0,0.0,0.0,1.0,,"uncued_052_d03,uncued_052_d02,uncued_052_d04",1
id_only,neutral_metadata_hidden,uncued_053,evidence_selection,generated_lore,insufficient,supported,0.0,0.0,1.0,0.0,0.0,0.0,0.0,,uncued_053_d01,0
document_order_only,neutral_metadata_hidden,uncued_053,evidence_selection,generated_lore,insufficient,supported,0.0,0.0,1.0,0.0,0.0,0.0,0.0,uncued_053_d04,uncued_053_d04,0
title_only,neutral_metadata_hidden,uncued_053,evidence_selection,generated_lore,insufficient,insufficient,1.0,0.0,1.0,0.0,0.0,0.0,1.0,,,0
source_type_only,neutral_metadata_hidden,uncued_053,evidence_selection,generated_lore,insufficient,supported,0.0,0.0,1.0,0.0,0.0,0.0,0.0,,,0
metadata_only,neutral_metadata_hidden,uncued_053,evidence_selection,generated_lore,insufficient,supported,0.0,0.0,1.0,0.0,0.0,0.0,0.0,,uncued_053_d04,0
timestamp_only,neutral_metadata_hidden,uncued_053,evidence_selection,generated_lore,insufficient,supported,0.0,0.0,1.0,0.0,0.0,0.0,0.0,,uncued_053_d04,0
citation_graph_only,neutral_metadata_hidden,uncued_053,evidence_selection,generated_lore,insufficient,insufficient,1.0,0.0,1.0,0.0,0.0,0.0,1.0,,"uncued_053_d03,uncued_053_d04",0
claim_overlap_only,neutral_metadata_hidden,uncued_053,evidence_selection,generated_lore,insufficient,insufficient,1.0,0.0,1.0,0.0,0.0,0.0,1.0,,"uncued_053_d01,uncued_053_d03",0
cue_phrase_only,neutral_metadata_hidden,uncued_053,evidence_selection,generated_lore,insufficient,supported,0.0,0.0,1.0,0.0,0.0,0.0,0.0,,,0
random_valid_schema,neutral_metadata_hidden,uncued_053,evidence_selection,generated_lore,insufficient,supported,0.0,0.0,1.0,0.0,0.0,0.0,0.0,,uncued_053_d01,0
always_insufficient,neutral_metadata_hidden,uncued_053,evidence_selection,generated_lore,insufficient,insufficient,1.0,0.0,1.0,0.0,0.0,0.0,1.0,,,0
simple_heuristic,neutral_metadata_hidden,uncued_053,evidence_selection,generated_lore,insufficient,insufficient,1.0,0.0,1.0,0.0,0.0,0.0,1.0,,"uncued_053_d01,uncued_053_d03,uncued_053_d02",1
id_only,neutral_metadata_hidden,uncued_054,evidence_selection,generated_lore,insufficient,supported,0.0,0.0,1.0,0.0,0.0,0.0,0.0,,uncued_054_d01,0
document_order_only,neutral_metadata_hidden,uncued_054,evidence_selection,generated_lore,insufficient,supported,0.0,0.0,1.0,1.0,0.0,0.0,0.0,uncued_054_d04,uncued_054_d04,0
title_only,neutral_metadata_hidden,uncued_054,evidence_selection,generated_lore,insufficient,insufficient,1.0,0.0,1.0,0.0,0.0,0.0,1.0,,,0
source_type_only,neutral_metadata_hidden,uncued_054,evidence_selection,generated_lore,insufficient,supported,0.0,0.0,1.0,0.0,0.0,0.0,0.0,,,0
metadata_only,neutral_metadata_hidden,uncued_054,evidence_selection,generated_lore,insufficient,supported,0.0,0.0,1.0,0.0,0.0,0.0,0.0,,uncued_054_d04,0
timestamp_only,neutral_metadata_hidden,uncued_054,evidence_selection,generated_lore,insufficient,supported,0.0,0.0,1.0,0.0,0.0,0.0,0.0,,uncued_054_d01,0
citation_graph_only,neutral_metadata_hidden,uncued_054,evidence_selection,generated_lore,insufficient,insufficient,1.0,0.0,1.0,0.0,0.0,0.0,1.0,,"uncued_054_d02,uncued_054_d04",0
claim_overlap_only,neutral_metadata_hidden,uncued_054,evidence_selection,generated_lore,insufficient,insufficient,1.0,0.0,1.0,0.0,0.0,0.0,1.0,,"uncued_054_d03,uncued_054_d02",0
cue_phrase_only,neutral_metadata_hidden,uncued_054,evidence_selection,generated_lore,insufficient,supported,0.0,0.0,1.0,0.0,0.0,0.0,0.0,,,0
random_valid_schema,neutral_metadata_hidden,uncued_054,evidence_selection,generated_lore,insufficient,supported,0.0,0.0,1.0,0.0,0.0,0.0,0.0,,uncued_054_d02,0
always_insufficient,neutral_metadata_hidden,uncued_054,evidence_selection,generated_lore,insufficient,insufficient,1.0,0.0,1.0,0.0,0.0,0.0,1.0,,,0
simple_heuristic,neutral_metadata_hidden,uncued_054,evidence_selection,generated_lore,insufficient,insufficient,1.0,0.0,1.0,0.0,0.0,0.0,1.0,,"uncued_054_d03,uncued_054_d02,uncued_054_d04",1
id_only,neutral_metadata_hidden,uncued_055,evidence_selection,generated_lore,insufficient,supported,0.0,0.0,1.0,0.0,0.0,0.0,0.0,,uncued_055_d01,0
document_order_only,neutral_metadata_hidden,uncued_055,evidence_selection,generated_lore,insufficient,supported,0.0,0.0,1.0,1.0,0.0,0.0,0.0,uncued_055_d01,uncued_055_d01,0
title_only,neutral_metadata_hidden,uncued_055,evidence_selection,generated_lore,insufficient,insufficient,1.0,0.0,1.0,0.0,0.0,0.0,1.0,,,0
source_type_only,neutral_metadata_hidden,uncued_055,evidence_selection,generated_lore,insufficient,supported,0.0,0.0,1.0,0.0,0.0,0.0,0.0,,,0
metadata_only,neutral_metadata_hidden,uncued_055,evidence_selection,generated_lore,insufficient,supported,0.0,0.0,1.0,0.0,0.0,0.0,0.0,,uncued_055_d04,0
timestamp_only,neutral_metadata_hidden,uncued_055,evidence_selection,generated_lore,insufficient,supported,0.0,0.0,1.0,0.0,0.0,0.0,0.0,,uncued_055_d04,0
citation_graph_only,neutral_metadata_hidden,uncued_055,evidence_selection,generated_lore,insufficient,insufficient,1.0,0.0,1.0,0.0,0.0,0.0,1.0,,"uncued_055_d02,uncued_055_d01",0
claim_overlap_only,neutral_metadata_hidden,uncued_055,evidence_selection,generated_lore,insufficient,insufficient,1.0,0.0,1.0,0.0,0.0,0.0,1.0,,"uncued_055_d02,uncued_055_d03",0
cue_phrase_only,neutral_metadata_hidden,uncued_055,evidence_selection,generated_lore,insufficient,supported,0.0,0.0,1.0,0.0,0.0,0.0,0.0,,,0
random_valid_schema,neutral_metadata_hidden,uncued_055,evidence_selection,generated_lore,insufficient,supported,0.0,0.0,1.0,0.0,0.0,0.0,0.0,,uncued_055_d04,0
always_insufficient,neutral_metadata_hidden,uncued_055,evidence_selection,generated_lore,insufficient,insufficient,1.0,0.0,1.0,0.0,0.0,0.0,1.0,,,0
simple_heuristic,neutral_metadata_hidden,uncued_055,evidence_selection,generated_lore,insufficient,insufficient,1.0,0.0,1.0,0.0,0.0,0.0,1.0,,"uncued_055_d02,uncued_055_d03,uncued_055_d01",1
id_only,neutral_metadata_hidden,uncued_056,active_verification,generated_lore,insufficient,supported,0.0,0.0,1.0,0.0,0.0,0.0,0.0,,uncued_056_d01,0
document_order_only,neutral_metadata_hidden,uncued_056,active_verification,generated_lore,insufficient,supported,0.0,0.0,1.0,1.0,0.0,0.0,0.0,uncued_056_d04,uncued_056_d04,0
title_only,neutral_metadata_hidden,uncued_056,active_verification,generated_lore,insufficient,insufficient,1.0,0.0,1.0,0.0,0.0,0.0,0.0,,,0
source_type_only,neutral_metadata_hidden,uncued_056,active_verification,generated_lore,insufficient,supported,0.0,0.0,1.0,0.0,0.0,0.0,0.0,,,0
metadata_only,neutral_metadata_hidden,uncued_056,active_verification,generated_lore,insufficient,supported,0.0,0.0,1.0,0.0,0.0,0.0,0.0,,uncued_056_d04,0
timestamp_only,neutral_metadata_hidden,uncued_056,active_verification,generated_lore,insufficient,supported,0.0,0.0,1.0,0.0,0.0,0.0,0.0,,uncued_056_d01,0
citation_graph_only,neutral_metadata_hidden,uncued_056,active_verification,generated_lore,insufficient,insufficient,1.0,0.0,1.0,0.0,0.0,0.0,0.0,,"uncued_056_d03,uncued_056_d04",0
claim_overlap_only,neutral_metadata_hidden,uncued_056,active_verification,generated_lore,insufficient,insufficient,1.0,0.0,1.0,0.0,0.0,0.0,0.0,,"uncued_056_d04,uncued_056_d03",0
cue_phrase_only,neutral_metadata_hidden,uncued_056,active_verification,generated_lore,insufficient,supported,0.0,0.0,1.0,0.0,0.0,0.0,0.0,,,0
random_valid_schema,neutral_metadata_hidden,uncued_056,active_verification,generated_lore,insufficient,refuted,0.0,0.0,1.0,0.0,0.0,0.0,0.0,,uncued_056_d03,0
always_insufficient,neutral_metadata_hidden,uncued_056,active_verification,generated_lore,insufficient,insufficient,1.0,0.0,1.0,0.0,0.0,0.0,0.0,,,0
simple_heuristic,neutral_metadata_hidden,uncued_056,active_verification,generated_lore,insufficient,insufficient,1.0,0.0,1.0,0.0,0.0,1.0,1.0,,"uncued_056_d04,uncued_056_d03,uncued_056_d02",1
id_only,neutral_metadata_hidden,uncued_057,active_verification,generated_lore,insufficient,supported,0.0,0.0,1.0,0.0,0.0,0.0,0.0,,uncued_057_d01,0
document_order_only,neutral_metadata_hidden,uncued_057,active_verification,generated_lore,insufficient,supported,0.0,0.0,1.0,1.0,0.0,0.0,0.0,uncued_057_d04,uncued_057_d04,0
title_only,neutral_metadata_hidden,uncued_057,active_verification,generated_lore,insufficient,insufficient,1.0,0.0,1.0,0.0,0.0,0.0,0.0,,,0
source_type_only,neutral_metadata_hidden,uncued_057,active_verification,generated_lore,insufficient,supported,0.0,0.0,1.0,0.0,0.0,0.0,0.0,,,0
metadata_only,neutral_metadata_hidden,uncued_057,active_verification,generated_lore,insufficient,supported,0.0,0.0,1.0,0.0,0.0,0.0,0.0,,uncued_057_d04,0
timestamp_only,neutral_metadata_hidden,uncued_057,active_verification,generated_lore,insufficient,supported,0.0,0.0,1.0,0.0,0.0,0.0,0.0,,uncued_057_d03,0
citation_graph_only,neutral_metadata_hidden,uncued_057,active_verification,generated_lore,insufficient,insufficient,1.0,0.0,1.0,0.0,0.0,0.0,0.0,,"uncued_057_d01,uncued_057_d04",0
claim_overlap_only,neutral_metadata_hidden,uncued_057,active_verification,generated_lore,insufficient,insufficient,1.0,0.0,1.0,0.0,0.0,0.0,0.0,,"uncued_057_d02,uncued_057_d01",0
cue_phrase_only,neutral_metadata_hidden,uncued_057,active_verification,generated_lore,insufficient,supported,0.0,0.0,1.0,0.0,0.0,0.0,0.0,,,0
random_valid_schema,neutral_metadata_hidden,uncued_057,active_verification,generated_lore,insufficient,insufficient,1.0,0.0,1.0,0.0,0.0,0.0,0.0,,uncued_057_d01,0
always_insufficient,neutral_metadata_hidden,uncued_057,active_verification,generated_lore,insufficient,insufficient,1.0,0.0,1.0,0.0,0.0,0.0,0.0,,,0
simple_heuristic,neutral_metadata_hidden,uncued_057,active_verification,generated_lore,insufficient,insufficient,1.0,0.0,1.0,0.0,0.0,1.0,1.0,,"uncued_057_d02,uncued_057_d01,uncued_057_d04",1
id_only,neutral_metadata_hidden,uncued_058,active_verification,generated_lore,insufficient,supported,0.0,0.0,1.0,0.0,0.0,0.0,0.0,,uncued_058_d01,0
document_order_only,neutral_metadata_hidden,uncued_058,active_verification,generated_lore,insufficient,supported,0.0,0.0,1.0,1.0,0.0,0.0,0.0,uncued_058_d04,uncued_058_d04,0
title_only,neutral_metadata_hidden,uncued_058,active_verification,generated_lore,insufficient,insufficient,1.0,0.0,1.0,0.0,0.0,0.0,0.0,,,0
source_type_only,neutral_metadata_hidden,uncued_058,active_verification,generated_lore,insufficient,supported,0.0,0.0,1.0,0.0,0.0,0.0,0.0,,,0
metadata_only,neutral_metadata_hidden,uncued_058,active_verification,generated_lore,insufficient,supported,0.0,0.0,1.0,0.0,0.0,0.0,0.0,,uncued_058_d04,0
timestamp_only,neutral_metadata_hidden,uncued_058,active_verification,generated_lore,insufficient,supported,0.0,0.0,1.0,0.0,0.0,0.0,0.0,,uncued_058_d03,0
citation_graph_only,neutral_metadata_hidden,uncued_058,active_verification,generated_lore,insufficient,insufficient,1.0,0.0,1.0,0.0,0.0,0.0,0.0,,"uncued_058_d04,uncued_058_d02",0
claim_overlap_only,neutral_metadata_hidden,uncued_058,active_verification,generated_lore,insufficient,insufficient,1.0,0.0,1.0,0.0,0.0,0.0,0.0,,"uncued_058_d04,uncued_058_d01",0
cue_phrase_only,neutral_metadata_hidden,uncued_058,active_verification,generated_lore,insufficient,supported,0.0,0.0,1.0,0.0,0.0,0.0,0.0,,,0
random_valid_schema,neutral_metadata_hidden,uncued_058,active_verification,generated_lore,insufficient,refuted,0.0,0.0,1.0,0.0,0.0,0.0,0.0,,uncued_058_d01,0
always_insufficient,neutral_metadata_hidden,uncued_058,active_verification,generated_lore,insufficient,insufficient,1.0,0.0,1.0,0.0,0.0,0.0,0.0,,,0
simple_heuristic,neutral_metadata_hidden,uncued_058,active_verification,generated_lore,insufficient,insufficient,1.0,0.0,1.0,0.0,0.0,1.0,1.0,,"uncued_058_d04,uncued_058_d01,uncued_058_d02",1
id_only,neutral_metadata_hidden,uncued_059,active_verification,generated_lore,insufficient,supported,0.0,0.0,1.0,0.0,0.0,0.0,0.0,,uncued_059_d01,0
document_order_only,neutral_metadata_hidden,uncued_059,active_verification,generated_lore,insufficient,supported,0.0,0.0,1.0,0.0,0.0,0.0,0.0,uncued_059_d03,uncued_059_d03,0
title_only,neutral_metadata_hidden,uncued_059,active_verification,generated_lore,insufficient,insufficient,1.0,0.0,1.0,0.0,0.0,0.0,0.0,,,0
source_type_only,neutral_metadata_hidden,uncued_059,active_verification,generated_lore,insufficient,supported,0.0,0.0,1.0,0.0,0.0,0.0,0.0,,,0
metadata_only,neutral_metadata_hidden,uncued_059,active_verification,generated_lore,insufficient,supported,0.0,0.0,1.0,0.0,0.0,0.0,0.0,,uncued_059_d04,0
timestamp_only,neutral_metadata_hidden,uncued_059,active_verification,generated_lore,insufficient,supported,0.0,0.0,1.0,0.0,0.0,0.0,0.0,,uncued_059_d03,0
citation_graph_only,neutral_metadata_hidden,uncued_059,active_verification,generated_lore,insufficient,insufficient,1.0,0.0,1.0,0.0,0.0,0.0,0.0,,"uncued_059_d01,uncued_059_d03",0
claim_overlap_only,neutral_metadata_hidden,uncued_059,active_verification,generated_lore,insufficient,insufficient,1.0,0.0,1.0,0.0,0.0,0.0,0.0,,"uncued_059_d01,uncued_059_d02",0
cue_phrase_only,neutral_metadata_hidden,uncued_059,active_verification,generated_lore,insufficient,supported,0.0,0.0,1.0,0.0,0.0,0.0,0.0,,,0
random_valid_schema,neutral_metadata_hidden,uncued_059,active_verification,generated_lore,insufficient,supported,0.0,0.0,1.0,0.0,0.0,0.0,0.0,,uncued_059_d02,0
always_insufficient,neutral_metadata_hidden,uncued_059,active_verification,generated_lore,insufficient,insufficient,1.0,0.0,1.0,0.0,0.0,0.0,0.0,,,0
simple_heuristic,neutral_metadata_hidden,uncued_059,active_verification,generated_lore,insufficient,insufficient,1.0,0.0,1.0,0.0,0.0,1.0,1.0,,"uncued_059_d01,uncued_059_d02,uncued_059_d04",1
