task_id,view,doc_id,title,source_type,timestamp,body_excerpt,reviewer_can_guess_role_from_surface,reviewer_role_guess,reviewer_can_guess_answer_without_relation,severe_leakage,leakage_reason,notes,review_mode
uncued_010,neutral_metadata_visible,uncued_010_d04,Service Ledger Extract,timeline note,2025-02-16,"A routing note lists Harbor Annex as the site for the Nova pump refurbishments workstream. The note does not provide a closing count. The note uses the same site code, workstream name, and monthly close date as the surrounding packet so that relation checks de",no,unknown,no,no,,"No role-label or direct-answer cue was visible in the reviewed title, metadata, or excerpt.",local_pre_model_surface_review
uncued_010,neutral_metadata_visible,uncued_010_d03,Operations Timeline Note,operations memo,2025-02-15,"A shift memo mentions that Nova pump refurbishments work was concentrated in the final week of July 2025. It tracks handoff timing but not the final tally. The note uses the same site code, workstream name, and monthly close date as the surrounding packet so t",no,unknown,no,no,,"No role-label or direct-answer cue was visible in the reviewed title, metadata, or excerpt.",local_pre_model_surface_review
uncued_010,neutral_metadata_visible,uncued_010_d02,Program Registry Entry,registry entry,2025-02-14,"A planning note for Nova pump refurbishments describes the inspection route at Harbor Annex during July 2025. It gives staffing context and does not include a final monthly count. The note uses the same site code, workstream name, and monthly close date as the",no,unknown,no,no,,"No role-label or direct-answer cue was visible in the reviewed title, metadata, or excerpt.",local_pre_model_surface_review
uncued_010,neutral_metadata_visible,uncued_010_d01,Field Summary Memo,field note,2025-02-13,"The monthly ledger for Harbor Annex lists 118 completed refurbishments for Nova pump refurbishments in July 2025. The entry is dated after the close of the month and uses the same work order code as the question. The note uses the same site code, workstream na",no,unknown,no,no,,"No role-label or direct-answer cue was visible in the reviewed title, metadata, or excerpt.",local_pre_model_surface_review
uncued_010,neutral_metadata_hidden,uncued_010_d01,Document 1,document,2025-02-16,"A routing note lists Harbor Annex as the site for the Nova pump refurbishments workstream. The note does not provide a closing count. The note uses the same site code, workstream name, and monthly close date as the surrounding packet so that relation checks de",no,unknown,no,no,,"No role-label or direct-answer cue was visible in the reviewed title, metadata, or excerpt.",local_pre_model_surface_review
uncued_010,neutral_metadata_hidden,uncued_010_d03,Document 2,document,2025-02-13,"The monthly ledger for Harbor Annex lists 118 completed refurbishments for Nova pump refurbishments in July 2025. The entry is dated after the close of the month and uses the same work order code as the question. The note uses the same site code, workstream na",no,unknown,no,no,,"No role-label or direct-answer cue was visible in the reviewed title, metadata, or excerpt.",local_pre_model_surface_review
uncued_010,neutral_metadata_hidden,uncued_010_d02,Document 3,document,2025-02-14,"A planning note for Nova pump refurbishments describes the inspection route at Harbor Annex during July 2025. It gives staffing context and does not include a final monthly count. The note uses the same site code, workstream name, and monthly close date as the",no,unknown,no,no,,"No role-label or direct-answer cue was visible in the reviewed title, metadata, or excerpt.",local_pre_model_surface_review
uncued_010,neutral_metadata_hidden,uncued_010_d04,Document 4,document,2025-02-15,"A shift memo mentions that Nova pump refurbishments work was concentrated in the final week of July 2025. It tracks handoff timing but not the final tally. The note uses the same site code, workstream name, and monthly close date as the surrounding packet so t",no,unknown,no,no,,"No role-label or direct-answer cue was visible in the reviewed title, metadata, or excerpt.",local_pre_model_surface_review
uncued_011,neutral_metadata_visible,uncued_011_d03,Service Ledger Extract,field note,2025-03-13,"The monthly ledger for Ridgeway bench lists 76 approved checks for Kestrel firmware checks in August 2025. No line in the packet lists 101 for this workstream. The note uses the same site code, workstream name, and monthly close date as the surrounding packet ",no,unknown,no,no,,"No role-label or direct-answer cue was visible in the reviewed title, metadata, or excerpt.",local_pre_model_surface_review
uncued_011,neutral_metadata_visible,uncued_011_d04,Operations Timeline Note,operations memo,2025-03-15,"A routing note gives the work order code for Kestrel firmware checks. It omits the final count. The note uses the same site code, workstream name, and monthly close date as the surrounding packet so that relation checks depend on the stated values rather than ",no,unknown,no,no,,"No role-label or direct-answer cue was visible in the reviewed title, metadata, or excerpt.",local_pre_model_surface_review
uncued_011,neutral_metadata_visible,uncued_011_d01,Program Registry Entry,registry entry,2025-03-14,"A staffing note for Kestrel firmware checks names the same site and month. It does not report the closing count. The note uses the same site code, workstream name, and monthly close date as the surrounding packet so that relation checks depend on the stated va",no,unknown,no,no,,"No role-label or direct-answer cue was visible in the reviewed title, metadata, or excerpt.",local_pre_model_surface_review
uncued_011,neutral_metadata_visible,uncued_011_d02,Field Summary Memo,timeline note,2025-03-16,"A brief memo says the closeout was filed after the last weekend of August 2025. It does not state a number. The note uses the same site code, workstream name, and monthly close date as the surrounding packet so that relation checks depend on the stated values ",no,unknown,no,no,,"No role-label or direct-answer cue was visible in the reviewed title, metadata, or excerpt.",local_pre_model_surface_review
uncued_011,neutral_metadata_hidden,uncued_011_d01,Document 1,document,2025-03-15,"A routing note gives the work order code for Kestrel firmware checks. It omits the final count. The note uses the same site code, workstream name, and monthly close date as the surrounding packet so that relation checks depend on the stated values rather than ",no,unknown,no,no,,"No role-label or direct-answer cue was visible in the reviewed title, metadata, or excerpt.",local_pre_model_surface_review
uncued_011,neutral_metadata_hidden,uncued_011_d04,Document 2,document,2025-03-14,"A staffing note for Kestrel firmware checks names the same site and month. It does not report the closing count. The note uses the same site code, workstream name, and monthly close date as the surrounding packet so that relation checks depend on the stated va",no,unknown,no,no,,"No role-label or direct-answer cue was visible in the reviewed title, metadata, or excerpt.",local_pre_model_surface_review
uncued_011,neutral_metadata_hidden,uncued_011_d03,Document 3,document,2025-03-13,"The monthly ledger for Ridgeway bench lists 76 approved checks for Kestrel firmware checks in August 2025. No line in the packet lists 101 for this workstream. The note uses the same site code, workstream name, and monthly close date as the surrounding packet ",no,unknown,no,no,,"No role-label or direct-answer cue was visible in the reviewed title, metadata, or excerpt.",local_pre_model_surface_review
uncued_011,neutral_metadata_hidden,uncued_011_d02,Document 4,document,2025-03-16,"A brief memo says the closeout was filed after the last weekend of August 2025. It does not state a number. The note uses the same site code, workstream name, and monthly close date as the surrounding packet so that relation checks depend on the stated values ",no,unknown,no,no,,"No role-label or direct-answer cue was visible in the reviewed title, metadata, or excerpt.",local_pre_model_surface_review
uncued_022,neutral_metadata_visible,uncued_022_d01,Service Ledger Extract,timeline note,2025-05-16,"A scheduling memo says the Nova pump refurbishments closeout was delayed by one day. It contains no total. The note uses the same site code, workstream name, and monthly close date as the surrounding packet so that relation checks depend on the stated values r",no,unknown,no,no,,"No role-label or direct-answer cue was visible in the reviewed title, metadata, or excerpt.",local_pre_model_surface_review
uncued_022,neutral_metadata_visible,uncued_022_d02,Operations Timeline Note,operations memo,2025-05-15,"A routing note for Harbor Annex records when the Nova pump refurbishments packet was assembled. It gives chronology but not the final count. The note uses the same site code, workstream name, and monthly close date as the surrounding packet so that relation ch",no,unknown,no,no,,"No role-label or direct-answer cue was visible in the reviewed title, metadata, or excerpt.",local_pre_model_surface_review
uncued_022,neutral_metadata_visible,uncued_022_d03,Program Registry Entry,registry entry,2025-05-14,"A short operations digest says the Nova pump refurbishments count reached 139 in July 2025. The digest cites no visible row beyond the packet references. The note uses the same site code, workstream name, and monthly close date as the surrounding packet so tha",no,unknown,no,no,,"No role-label or direct-answer cue was visible in the reviewed title, metadata, or excerpt.",local_pre_model_surface_review
uncued_022,neutral_metadata_visible,uncued_022_d04,Field Summary Memo,field note,2025-05-13,"The month-close ledger for Harbor Annex lists 118 completed refurbishments for Nova pump refurbishments in July 2025. The row uses the same workstream name as the claim but a different count from 139. The note uses the same site code, workstream name, and mont",no,unknown,no,no,,"No role-label or direct-answer cue was visible in the reviewed title, metadata, or excerpt.",local_pre_model_surface_review
uncued_022,neutral_metadata_hidden,uncued_022_d03,Document 1,document,2025-05-16,"A scheduling memo says the Nova pump refurbishments closeout was delayed by one day. It contains no total. The note uses the same site code, workstream name, and monthly close date as the surrounding packet so that relation checks depend on the stated values r",no,unknown,no,no,,"No role-label or direct-answer cue was visible in the reviewed title, metadata, or excerpt.",local_pre_model_surface_review
uncued_022,neutral_metadata_hidden,uncued_022_d02,Document 2,document,2025-05-14,"A short operations digest says the Nova pump refurbishments count reached 139 in July 2025. The digest cites no visible row beyond the packet references. The note uses the same site code, workstream name, and monthly close date as the surrounding packet so tha",no,unknown,no,no,,"No role-label or direct-answer cue was visible in the reviewed title, metadata, or excerpt.",local_pre_model_surface_review
uncued_022,neutral_metadata_hidden,uncued_022_d01,Document 3,document,2025-05-15,"A routing note for Harbor Annex records when the Nova pump refurbishments packet was assembled. It gives chronology but not the final count. The note uses the same site code, workstream name, and monthly close date as the surrounding packet so that relation ch",no,unknown,no,no,,"No role-label or direct-answer cue was visible in the reviewed title, metadata, or excerpt.",local_pre_model_surface_review
uncued_022,neutral_metadata_hidden,uncued_022_d04,Document 4,document,2025-05-13,"The month-close ledger for Harbor Annex lists 118 completed refurbishments for Nova pump refurbishments in July 2025. The row uses the same workstream name as the claim but a different count from 139. The note uses the same site code, workstream name, and mont",no,unknown,no,no,,"No role-label or direct-answer cue was visible in the reviewed title, metadata, or excerpt.",local_pre_model_surface_review
uncued_023,neutral_metadata_visible,uncued_023_d03,Service Ledger Extract,timeline note,2025-06-16,"A scheduling memo says the Kestrel firmware checks closeout was delayed by one day. It contains no total. The note uses the same site code, workstream name, and monthly close date as the surrounding packet so that relation checks depend on the stated values ra",no,unknown,no,no,,"No role-label or direct-answer cue was visible in the reviewed title, metadata, or excerpt.",local_pre_model_surface_review
uncued_023,neutral_metadata_visible,uncued_023_d02,Operations Timeline Note,field note,2025-06-13,"The month-close ledger for Ridgeway bench lists 76 approved checks for Kestrel firmware checks in August 2025. The row uses the same workstream name as the claim but a different count from 101. The note uses the same site code, workstream name, and monthly clo",no,unknown,no,no,,"No role-label or direct-answer cue was visible in the reviewed title, metadata, or excerpt.",local_pre_model_surface_review
uncued_023,neutral_metadata_visible,uncued_023_d04,Program Registry Entry,operations memo,2025-06-15,"A routing note for Ridgeway bench records when the Kestrel firmware checks packet was assembled. It gives chronology but not the final count. The note uses the same site code, workstream name, and monthly close date as the surrounding packet so that relation c",no,unknown,no,no,,"No role-label or direct-answer cue was visible in the reviewed title, metadata, or excerpt.",local_pre_model_surface_review
uncued_023,neutral_metadata_visible,uncued_023_d01,Field Summary Memo,registry entry,2025-06-14,"A short operations digest says the Kestrel firmware checks count reached 101 in August 2025. The digest cites no visible row beyond the packet references. The note uses the same site code, workstream name, and monthly close date as the surrounding packet so th",no,unknown,no,no,,"No role-label or direct-answer cue was visible in the reviewed title, metadata, or excerpt.",local_pre_model_surface_review
uncued_023,neutral_metadata_hidden,uncued_023_d04,Document 1,document,2025-06-15,"A routing note for Ridgeway bench records when the Kestrel firmware checks packet was assembled. It gives chronology but not the final count. The note uses the same site code, workstream name, and monthly close date as the surrounding packet so that relation c",no,unknown,no,no,,"No role-label or direct-answer cue was visible in the reviewed title, metadata, or excerpt.",local_pre_model_surface_review
uncued_023,neutral_metadata_hidden,uncued_023_d02,Document 2,document,2025-06-13,"The month-close ledger for Ridgeway bench lists 76 approved checks for Kestrel firmware checks in August 2025. The row uses the same workstream name as the claim but a different count from 101. The note uses the same site code, workstream name, and monthly clo",no,unknown,no,no,,"No role-label or direct-answer cue was visible in the reviewed title, metadata, or excerpt.",local_pre_model_surface_review
uncued_023,neutral_metadata_hidden,uncued_023_d03,Document 3,document,2025-06-14,"A short operations digest says the Kestrel firmware checks count reached 101 in August 2025. The digest cites no visible row beyond the packet references. The note uses the same site code, workstream name, and monthly close date as the surrounding packet so th",no,unknown,no,no,,"No role-label or direct-answer cue was visible in the reviewed title, metadata, or excerpt.",local_pre_model_surface_review
uncued_023,neutral_metadata_hidden,uncued_023_d01,Document 4,document,2025-06-16,"A scheduling memo says the Kestrel firmware checks closeout was delayed by one day. It contains no total. The note uses the same site code, workstream name, and monthly close date as the surrounding packet so that relation checks depend on the stated values ra",no,unknown,no,no,,"No role-label or direct-answer cue was visible in the reviewed title, metadata, or excerpt.",local_pre_model_surface_review
uncued_034,neutral_metadata_visible,uncued_034_d02,Service Ledger Extract,registry entry,2025-08-14,"A weekly digest repeats that Nova pump refurbishments reached 139 completed refurbishments in July 2025. The digest points to the same earlier bulletin used by another note in the packet. The note uses the same site code, workstream name, and monthly close dat",no,unknown,no,no,,"No role-label or direct-answer cue was visible in the reviewed title, metadata, or excerpt.",local_pre_model_surface_review
uncued_034,neutral_metadata_visible,uncued_034_d01,Operations Timeline Note,timeline note,2025-08-16,"A site memo for Harbor Annex lists the workstream and month. It does not contain a final count. The note uses the same site code, workstream name, and monthly close date as the surrounding packet so that relation checks depend on the stated values rather than ",no,unknown,no,no,,"No role-label or direct-answer cue was visible in the reviewed title, metadata, or excerpt.",local_pre_model_surface_review
uncued_034,neutral_metadata_visible,uncued_034_d03,Program Registry Entry,field note,2025-08-13,"The closing ledger for Harbor Annex gives 118 completed refurbishments for Nova pump refurbishments in July 2025. The ledger row is the only visible row with a final count different from 139. The note uses the same site code, workstream name, and monthly close",no,unknown,no,no,,"No role-label or direct-answer cue was visible in the reviewed title, metadata, or excerpt.",local_pre_model_surface_review
uncued_034,neutral_metadata_visible,uncued_034_d04,Field Summary Memo,operations memo,2025-08-15,"A partner summary also gives 139 for Nova pump refurbishments in July 2025. Its visible citation points back to the weekly digest rather than to a separate count sheet. The note uses the same site code, workstream name, and monthly close date as the surroundin",no,unknown,no,no,,"No role-label or direct-answer cue was visible in the reviewed title, metadata, or excerpt.",local_pre_model_surface_review
uncued_034,neutral_metadata_hidden,uncued_034_d02,Document 1,document,2025-08-15,"A partner summary also gives 139 for Nova pump refurbishments in July 2025. Its visible citation points back to the weekly digest rather than to a separate count sheet. The note uses the same site code, workstream name, and monthly close date as the surroundin",no,unknown,no,no,,"No role-label or direct-answer cue was visible in the reviewed title, metadata, or excerpt.",local_pre_model_surface_review
uncued_034,neutral_metadata_hidden,uncued_034_d01,Document 2,document,2025-08-16,"A site memo for Harbor Annex lists the workstream and month. It does not contain a final count. The note uses the same site code, workstream name, and monthly close date as the surrounding packet so that relation checks depend on the stated values rather than ",no,unknown,no,no,,"No role-label or direct-answer cue was visible in the reviewed title, metadata, or excerpt.",local_pre_model_surface_review
uncued_034,neutral_metadata_hidden,uncued_034_d03,Document 3,document,2025-08-13,"The closing ledger for Harbor Annex gives 118 completed refurbishments for Nova pump refurbishments in July 2025. The ledger row is the only visible row with a final count different from 139. The note uses the same site code, workstream name, and monthly close",no,unknown,no,no,,"No role-label or direct-answer cue was visible in the reviewed title, metadata, or excerpt.",local_pre_model_surface_review
uncued_034,neutral_metadata_hidden,uncued_034_d04,Document 4,document,2025-08-14,"A weekly digest repeats that Nova pump refurbishments reached 139 completed refurbishments in July 2025. The digest points to the same earlier bulletin used by another note in the packet. The note uses the same site code, workstream name, and monthly close dat",no,unknown,no,no,,"No role-label or direct-answer cue was visible in the reviewed title, metadata, or excerpt.",local_pre_model_surface_review
uncued_035,neutral_metadata_visible,uncued_035_d01,Service Ledger Extract,timeline note,2025-09-16,"A site memo for Ridgeway bench lists the workstream and month. It does not contain a final count. The note uses the same site code, workstream name, and monthly close date as the surrounding packet so that relation checks depend on the stated values rather tha",no,unknown,no,no,,"No role-label or direct-answer cue was visible in the reviewed title, metadata, or excerpt.",local_pre_model_surface_review
uncued_035,neutral_metadata_visible,uncued_035_d04,Operations Timeline Note,registry entry,2025-09-14,"A weekly digest repeats that Kestrel firmware checks reached 101 approved checks in August 2025. The digest points to the same earlier bulletin used by another note in the packet. The note uses the same site code, workstream name, and monthly close date as the",no,unknown,no,no,,"No role-label or direct-answer cue was visible in the reviewed title, metadata, or excerpt.",local_pre_model_surface_review
uncued_035,neutral_metadata_visible,uncued_035_d03,Program Registry Entry,operations memo,2025-09-15,"A partner summary also gives 101 for Kestrel firmware checks in August 2025. Its visible citation points back to the weekly digest rather than to a separate count sheet. The note uses the same site code, workstream name, and monthly close date as the surroundi",no,unknown,no,no,,"No role-label or direct-answer cue was visible in the reviewed title, metadata, or excerpt.",local_pre_model_surface_review
uncued_035,neutral_metadata_visible,uncued_035_d02,Field Summary Memo,field note,2025-09-13,"The closing ledger for Ridgeway bench gives 76 approved checks for Kestrel firmware checks in August 2025. The ledger row is the only visible row with a final count different from 101. The note uses the same site code, workstream name, and monthly close date a",no,unknown,no,no,,"No role-label or direct-answer cue was visible in the reviewed title, metadata, or excerpt.",local_pre_model_surface_review
uncued_035,neutral_metadata_hidden,uncued_035_d03,Document 1,document,2025-09-15,"A partner summary also gives 101 for Kestrel firmware checks in August 2025. Its visible citation points back to the weekly digest rather than to a separate count sheet. The note uses the same site code, workstream name, and monthly close date as the surroundi",no,unknown,no,no,,"No role-label or direct-answer cue was visible in the reviewed title, metadata, or excerpt.",local_pre_model_surface_review
uncued_035,neutral_metadata_hidden,uncued_035_d01,Document 2,document,2025-09-14,"A weekly digest repeats that Kestrel firmware checks reached 101 approved checks in August 2025. The digest points to the same earlier bulletin used by another note in the packet. The note uses the same site code, workstream name, and monthly close date as the",no,unknown,no,no,,"No role-label or direct-answer cue was visible in the reviewed title, metadata, or excerpt.",local_pre_model_surface_review
uncued_035,neutral_metadata_hidden,uncued_035_d02,Document 3,document,2025-09-16,"A site memo for Ridgeway bench lists the workstream and month. It does not contain a final count. The note uses the same site code, workstream name, and monthly close date as the surrounding packet so that relation checks depend on the stated values rather tha",no,unknown,no,no,,"No role-label or direct-answer cue was visible in the reviewed title, metadata, or excerpt.",local_pre_model_surface_review
uncued_035,neutral_metadata_hidden,uncued_035_d04,Document 4,document,2025-09-13,"The closing ledger for Ridgeway bench gives 76 approved checks for Kestrel firmware checks in August 2025. The ledger row is the only visible row with a final count different from 101. The note uses the same site code, workstream name, and monthly close date a",no,unknown,no,no,,"No role-label or direct-answer cue was visible in the reviewed title, metadata, or excerpt.",local_pre_model_surface_review
uncued_046,neutral_metadata_visible,uncued_046_d04,Service Ledger Extract,registry entry,2025-02-14,"A digest estimates 139 completed refurbishments for Nova pump refurbishments in July 2025. The note is framed as a running estimate and points to the planning memo. The note uses the same site code, workstream name, and monthly close date as the surrounding pa",no,unknown,no,no,,"No role-label or direct-answer cue was visible in the reviewed title, metadata, or excerpt.",local_pre_model_surface_review
uncued_046,neutral_metadata_visible,uncued_046_d02,Operations Timeline Note,operations memo,2025-02-15,"A handoff note names the workstream and site for July 2025. It contains no closing count. The note uses the same site code, workstream name, and monthly close date as the surrounding packet so that relation checks depend on the stated values rather than labels",no,unknown,no,no,,"No role-label or direct-answer cue was visible in the reviewed title, metadata, or excerpt.",local_pre_model_surface_review
uncued_046,neutral_metadata_visible,uncued_046_d03,Program Registry Entry,timeline note,2025-02-16,"The closeout ledger lists 118 completed refurbishments for Nova pump refurbishments in July 2025. The row appears after the planning notes and uses the final close date. The note uses the same site code, workstream name, and monthly close date as the surroundi",no,unknown,no,no,,"No role-label or direct-answer cue was visible in the reviewed title, metadata, or excerpt.",local_pre_model_surface_review
uncued_046,neutral_metadata_visible,uncued_046_d01,Field Summary Memo,field note,2025-02-13,"A planning memo for Nova pump refurbishments describes the expected workload at Harbor Annex. It was prepared before the monthly close and has no final number. The note uses the same site code, workstream name, and monthly close date as the surrounding packet ",no,unknown,no,no,,"No role-label or direct-answer cue was visible in the reviewed title, metadata, or excerpt.",local_pre_model_surface_review
uncued_046,neutral_metadata_hidden,uncued_046_d04,Document 1,document,2025-02-14,"A digest estimates 139 completed refurbishments for Nova pump refurbishments in July 2025. The note is framed as a running estimate and points to the planning memo. The note uses the same site code, workstream name, and monthly close date as the surrounding pa",no,unknown,no,no,,"No role-label or direct-answer cue was visible in the reviewed title, metadata, or excerpt.",local_pre_model_surface_review
uncued_046,neutral_metadata_hidden,uncued_046_d03,Document 2,document,2025-02-15,"A handoff note names the workstream and site for July 2025. It contains no closing count. The note uses the same site code, workstream name, and monthly close date as the surrounding packet so that relation checks depend on the stated values rather than labels",no,unknown,no,no,,"No role-label or direct-answer cue was visible in the reviewed title, metadata, or excerpt.",local_pre_model_surface_review
uncued_046,neutral_metadata_hidden,uncued_046_d01,Document 3,document,2025-02-16,"The closeout ledger lists 118 completed refurbishments for Nova pump refurbishments in July 2025. The row appears after the planning notes and uses the final close date. The note uses the same site code, workstream name, and monthly close date as the surroundi",no,unknown,no,no,,"No role-label or direct-answer cue was visible in the reviewed title, metadata, or excerpt.",local_pre_model_surface_review
uncued_046,neutral_metadata_hidden,uncued_046_d02,Document 4,document,2025-02-13,"A planning memo for Nova pump refurbishments describes the expected workload at Harbor Annex. It was prepared before the monthly close and has no final number. The note uses the same site code, workstream name, and monthly close date as the surrounding packet ",no,unknown,no,no,,"No role-label or direct-answer cue was visible in the reviewed title, metadata, or excerpt.",local_pre_model_surface_review
uncued_047,neutral_metadata_visible,uncued_047_d03,Service Ledger Extract,operations memo,2025-03-15,"A handoff note names the workstream and site for August 2025. It contains no closing count. The note uses the same site code, workstream name, and monthly close date as the surrounding packet so that relation checks depend on the stated values rather than labe",no,unknown,no,no,,"No role-label or direct-answer cue was visible in the reviewed title, metadata, or excerpt.",local_pre_model_surface_review
uncued_047,neutral_metadata_visible,uncued_047_d02,Operations Timeline Note,timeline note,2025-03-16,"The closeout ledger lists 76 approved checks for Kestrel firmware checks in August 2025. The row appears after the planning notes and uses the final close date. The note uses the same site code, workstream name, and monthly close date as the surrounding packet",no,unknown,no,no,,"No role-label or direct-answer cue was visible in the reviewed title, metadata, or excerpt.",local_pre_model_surface_review
uncued_047,neutral_metadata_visible,uncued_047_d01,Program Registry Entry,field note,2025-03-13,"A planning memo for Kestrel firmware checks describes the expected workload at Ridgeway bench. It was prepared before the monthly close and has no final number. The note uses the same site code, workstream name, and monthly close date as the surrounding packet",no,unknown,no,no,,"No role-label or direct-answer cue was visible in the reviewed title, metadata, or excerpt.",local_pre_model_surface_review
uncued_047,neutral_metadata_visible,uncued_047_d04,Field Summary Memo,registry entry,2025-03-14,"A digest estimates 101 approved checks for Kestrel firmware checks in August 2025. The note is framed as a running estimate and points to the planning memo. The note uses the same site code, workstream name, and monthly close date as the surrounding packet so ",no,unknown,no,no,,"No role-label or direct-answer cue was visible in the reviewed title, metadata, or excerpt.",local_pre_model_surface_review
uncued_047,neutral_metadata_hidden,uncued_047_d02,Document 1,document,2025-03-16,"The closeout ledger lists 76 approved checks for Kestrel firmware checks in August 2025. The row appears after the planning notes and uses the final close date. The note uses the same site code, workstream name, and monthly close date as the surrounding packet",no,unknown,no,no,,"No role-label or direct-answer cue was visible in the reviewed title, metadata, or excerpt.",local_pre_model_surface_review
uncued_047,neutral_metadata_hidden,uncued_047_d01,Document 2,document,2025-03-14,"A digest estimates 101 approved checks for Kestrel firmware checks in August 2025. The note is framed as a running estimate and points to the planning memo. The note uses the same site code, workstream name, and monthly close date as the surrounding packet so ",no,unknown,no,no,,"No role-label or direct-answer cue was visible in the reviewed title, metadata, or excerpt.",local_pre_model_surface_review
uncued_047,neutral_metadata_hidden,uncued_047_d03,Document 3,document,2025-03-15,"A handoff note names the workstream and site for August 2025. It contains no closing count. The note uses the same site code, workstream name, and monthly close date as the surrounding packet so that relation checks depend on the stated values rather than labe",no,unknown,no,no,,"No role-label or direct-answer cue was visible in the reviewed title, metadata, or excerpt.",local_pre_model_surface_review
uncued_047,neutral_metadata_hidden,uncued_047_d04,Document 4,document,2025-03-13,"A planning memo for Kestrel firmware checks describes the expected workload at Ridgeway bench. It was prepared before the monthly close and has no final number. The note uses the same site code, workstream name, and monthly close date as the surrounding packet",no,unknown,no,no,,"No role-label or direct-answer cue was visible in the reviewed title, metadata, or excerpt.",local_pre_model_surface_review
uncued_056,neutral_metadata_visible,uncued_056_d04,Service Ledger Extract,timeline note,2025-03-16,"A monthly index names the Mira sensor recalibrations workstream and site. It lists regular service categories but no program launch entry. The note uses the same site code, workstream name, and monthly close date as the surrounding packet so that relation chec",no,unknown,no,no,,"No role-label or direct-answer cue was visible in the reviewed title, metadata, or excerpt.",local_pre_model_surface_review
uncued_056,neutral_metadata_visible,uncued_056_d01,Operations Timeline Note,field note,2025-03-13,"A community roundup says the Meridian Shield recall board appeared during May 2025. The item gives a program name and month but no linked operational record. The note uses the same site code, workstream name, and monthly close date as the surrounding packet so",no,unknown,no,no,,"No role-label or direct-answer cue was visible in the reviewed title, metadata, or excerpt.",local_pre_model_surface_review
uncued_056,neutral_metadata_visible,uncued_056_d02,Program Registry Entry,operations memo,2025-03-15,"A service planning memo for Westhaven lab lists routine Mira sensor recalibrations work in May 2025. It does not mention the Meridian Shield recall board. The note uses the same site code, workstream name, and monthly close date as the surrounding packet so th",no,unknown,no,no,,"No role-label or direct-answer cue was visible in the reviewed title, metadata, or excerpt.",local_pre_model_surface_review
uncued_056,neutral_metadata_visible,uncued_056_d03,Field Summary Memo,registry entry,2025-03-14,"A partner recap repeats the Meridian Shield recall board launch wording from the roundup. Its visible citation points to the roundup item. The note uses the same site code, workstream name, and monthly close date as the surrounding packet so that relation chec",no,unknown,no,no,,"No role-label or direct-answer cue was visible in the reviewed title, metadata, or excerpt.",local_pre_model_surface_review
uncued_056,neutral_metadata_hidden,uncued_056_d04,Document 1,document,2025-03-14,"A partner recap repeats the Meridian Shield recall board launch wording from the roundup. Its visible citation points to the roundup item. The note uses the same site code, workstream name, and monthly close date as the surrounding packet so that relation chec",no,unknown,no,no,,"No role-label or direct-answer cue was visible in the reviewed title, metadata, or excerpt.",local_pre_model_surface_review
uncued_056,neutral_metadata_hidden,uncued_056_d03,Document 2,document,2025-03-13,"A community roundup says the Meridian Shield recall board appeared during May 2025. The item gives a program name and month but no linked operational record. The note uses the same site code, workstream name, and monthly close date as the surrounding packet so",no,unknown,no,no,,"No role-label or direct-answer cue was visible in the reviewed title, metadata, or excerpt.",local_pre_model_surface_review
uncued_056,neutral_metadata_hidden,uncued_056_d01,Document 3,document,2025-03-16,"A monthly index names the Mira sensor recalibrations workstream and site. It lists regular service categories but no program launch entry. The note uses the same site code, workstream name, and monthly close date as the surrounding packet so that relation chec",no,unknown,no,no,,"No role-label or direct-answer cue was visible in the reviewed title, metadata, or excerpt.",local_pre_model_surface_review
uncued_056,neutral_metadata_hidden,uncued_056_d02,Document 4,document,2025-03-15,"A service planning memo for Westhaven lab lists routine Mira sensor recalibrations work in May 2025. It does not mention the Meridian Shield recall board. The note uses the same site code, workstream name, and monthly close date as the surrounding packet so th",no,unknown,no,no,,"No role-label or direct-answer cue was visible in the reviewed title, metadata, or excerpt.",local_pre_model_surface_review
uncued_057,neutral_metadata_visible,uncued_057_d03,Service Ledger Extract,registry entry,2025-04-14,"A partner recap repeats the Cobalt Loop service exchange launch wording from the roundup. Its visible citation points to the roundup item. The note uses the same site code, workstream name, and monthly close date as the surrounding packet so that relation chec",no,unknown,no,no,,"No role-label or direct-answer cue was visible in the reviewed title, metadata, or excerpt.",local_pre_model_surface_review
uncued_057,neutral_metadata_visible,uncued_057_d04,Operations Timeline Note,field note,2025-04-13,"A community roundup says the Cobalt Loop service exchange appeared during June 2025. The item gives a program name and month but no linked operational record. The note uses the same site code, workstream name, and monthly close date as the surrounding packet s",no,unknown,no,no,,"No role-label or direct-answer cue was visible in the reviewed title, metadata, or excerpt.",local_pre_model_surface_review
uncued_057,neutral_metadata_visible,uncued_057_d02,Program Registry Entry,operations memo,2025-04-15,"A service planning memo for South Gate workshop lists routine Vega rail inspections work in June 2025. It does not mention the Cobalt Loop service exchange. The note uses the same site code, workstream name, and monthly close date as the surrounding packet so ",no,unknown,no,no,,"No role-label or direct-answer cue was visible in the reviewed title, metadata, or excerpt.",local_pre_model_surface_review
uncued_057,neutral_metadata_visible,uncued_057_d01,Field Summary Memo,timeline note,2025-04-16,"A monthly index names the Vega rail inspections workstream and site. It lists regular service categories but no program launch entry. The note uses the same site code, workstream name, and monthly close date as the surrounding packet so that relation checks de",no,unknown,no,no,,"No role-label or direct-answer cue was visible in the reviewed title, metadata, or excerpt.",local_pre_model_surface_review
uncued_057,neutral_metadata_hidden,uncued_057_d04,Document 1,document,2025-04-14,"A partner recap repeats the Cobalt Loop service exchange launch wording from the roundup. Its visible citation points to the roundup item. The note uses the same site code, workstream name, and monthly close date as the surrounding packet so that relation chec",no,unknown,no,no,,"No role-label or direct-answer cue was visible in the reviewed title, metadata, or excerpt.",local_pre_model_surface_review
uncued_057,neutral_metadata_hidden,uncued_057_d03,Document 2,document,2025-04-16,"A monthly index names the Vega rail inspections workstream and site. It lists regular service categories but no program launch entry. The note uses the same site code, workstream name, and monthly close date as the surrounding packet so that relation checks de",no,unknown,no,no,,"No role-label or direct-answer cue was visible in the reviewed title, metadata, or excerpt.",local_pre_model_surface_review
uncued_057,neutral_metadata_hidden,uncued_057_d02,Document 3,document,2025-04-15,"A service planning memo for South Gate workshop lists routine Vega rail inspections work in June 2025. It does not mention the Cobalt Loop service exchange. The note uses the same site code, workstream name, and monthly close date as the surrounding packet so ",no,unknown,no,no,,"No role-label or direct-answer cue was visible in the reviewed title, metadata, or excerpt.",local_pre_model_surface_review
uncued_057,neutral_metadata_hidden,uncued_057_d01,Document 4,document,2025-04-13,"A community roundup says the Cobalt Loop service exchange appeared during June 2025. The item gives a program name and month but no linked operational record. The note uses the same site code, workstream name, and monthly close date as the surrounding packet s",no,unknown,no,no,,"No role-label or direct-answer cue was visible in the reviewed title, metadata, or excerpt.",local_pre_model_surface_review
uncued_058,neutral_metadata_visible,uncued_058_d04,Service Ledger Extract,operations memo,2025-05-15,"A service planning memo for Harbor Annex lists routine Nova pump refurbishments work in July 2025. It does not mention the LumenBridge partner desk. The note uses the same site code, workstream name, and monthly close date as the surrounding packet so that rel",no,unknown,no,no,,"No role-label or direct-answer cue was visible in the reviewed title, metadata, or excerpt.",local_pre_model_surface_review
uncued_058,neutral_metadata_visible,uncued_058_d01,Operations Timeline Note,field note,2025-05-13,"A community roundup says the LumenBridge partner desk appeared during July 2025. The item gives a program name and month but no linked operational record. The note uses the same site code, workstream name, and monthly close date as the surrounding packet so th",no,unknown,no,no,,"No role-label or direct-answer cue was visible in the reviewed title, metadata, or excerpt.",local_pre_model_surface_review
uncued_058,neutral_metadata_visible,uncued_058_d02,Program Registry Entry,registry entry,2025-05-14,"A partner recap repeats the LumenBridge partner desk launch wording from the roundup. Its visible citation points to the roundup item. The note uses the same site code, workstream name, and monthly close date as the surrounding packet so that relation checks d",no,unknown,no,no,,"No role-label or direct-answer cue was visible in the reviewed title, metadata, or excerpt.",local_pre_model_surface_review
uncued_058,neutral_metadata_visible,uncued_058_d03,Field Summary Memo,timeline note,2025-05-16,"A monthly index names the Nova pump refurbishments workstream and site. It lists regular service categories but no program launch entry. The note uses the same site code, workstream name, and monthly close date as the surrounding packet so that relation checks",no,unknown,no,no,,"No role-label or direct-answer cue was visible in the reviewed title, metadata, or excerpt.",local_pre_model_surface_review
uncued_058,neutral_metadata_hidden,uncued_058_d04,Document 1,document,2025-05-13,"A community roundup says the LumenBridge partner desk appeared during July 2025. The item gives a program name and month but no linked operational record. The note uses the same site code, workstream name, and monthly close date as the surrounding packet so th",no,unknown,no,no,,"No role-label or direct-answer cue was visible in the reviewed title, metadata, or excerpt.",local_pre_model_surface_review
uncued_058,neutral_metadata_hidden,uncued_058_d02,Document 2,document,2025-05-14,"A partner recap repeats the LumenBridge partner desk launch wording from the roundup. Its visible citation points to the roundup item. The note uses the same site code, workstream name, and monthly close date as the surrounding packet so that relation checks d",no,unknown,no,no,,"No role-label or direct-answer cue was visible in the reviewed title, metadata, or excerpt.",local_pre_model_surface_review
uncued_058,neutral_metadata_hidden,uncued_058_d03,Document 3,document,2025-05-16,"A monthly index names the Nova pump refurbishments workstream and site. It lists regular service categories but no program launch entry. The note uses the same site code, workstream name, and monthly close date as the surrounding packet so that relation checks",no,unknown,no,no,,"No role-label or direct-answer cue was visible in the reviewed title, metadata, or excerpt.",local_pre_model_surface_review
uncued_058,neutral_metadata_hidden,uncued_058_d01,Document 4,document,2025-05-15,"A service planning memo for Harbor Annex lists routine Nova pump refurbishments work in July 2025. It does not mention the LumenBridge partner desk. The note uses the same site code, workstream name, and monthly close date as the surrounding packet so that rel",no,unknown,no,no,,"No role-label or direct-answer cue was visible in the reviewed title, metadata, or excerpt.",local_pre_model_surface_review
uncued_059,neutral_metadata_visible,uncued_059_d02,Service Ledger Extract,field note,2025-06-13,"A community roundup says the SolaceGrid repair exchange appeared during August 2025. The item gives a program name and month but no linked operational record. The note uses the same site code, workstream name, and monthly close date as the surrounding packet s",no,unknown,no,no,,"No role-label or direct-answer cue was visible in the reviewed title, metadata, or excerpt.",local_pre_model_surface_review
uncued_059,neutral_metadata_visible,uncued_059_d04,Operations Timeline Note,registry entry,2025-06-14,"A partner recap repeats the SolaceGrid repair exchange launch wording from the roundup. Its visible citation points to the roundup item. The note uses the same site code, workstream name, and monthly close date as the surrounding packet so that relation checks",no,unknown,no,no,,"No role-label or direct-answer cue was visible in the reviewed title, metadata, or excerpt.",local_pre_model_surface_review
uncued_059,neutral_metadata_visible,uncued_059_d01,Program Registry Entry,operations memo,2025-06-15,"A service planning memo for Ridgeway bench lists routine Kestrel firmware checks work in August 2025. It does not mention the SolaceGrid repair exchange. The note uses the same site code, workstream name, and monthly close date as the surrounding packet so tha",no,unknown,no,no,,"No role-label or direct-answer cue was visible in the reviewed title, metadata, or excerpt.",local_pre_model_surface_review
uncued_059,neutral_metadata_visible,uncued_059_d03,Field Summary Memo,timeline note,2025-06-16,"A monthly index names the Kestrel firmware checks workstream and site. It lists regular service categories but no program launch entry. The note uses the same site code, workstream name, and monthly close date as the surrounding packet so that relation checks ",no,unknown,no,no,,"No role-label or direct-answer cue was visible in the reviewed title, metadata, or excerpt.",local_pre_model_surface_review
uncued_059,neutral_metadata_hidden,uncued_059_d03,Document 1,document,2025-06-16,"A monthly index names the Kestrel firmware checks workstream and site. It lists regular service categories but no program launch entry. The note uses the same site code, workstream name, and monthly close date as the surrounding packet so that relation checks ",no,unknown,no,no,,"No role-label or direct-answer cue was visible in the reviewed title, metadata, or excerpt.",local_pre_model_surface_review
uncued_059,neutral_metadata_hidden,uncued_059_d01,Document 2,document,2025-06-13,"A community roundup says the SolaceGrid repair exchange appeared during August 2025. The item gives a program name and month but no linked operational record. The note uses the same site code, workstream name, and monthly close date as the surrounding packet s",no,unknown,no,no,,"No role-label or direct-answer cue was visible in the reviewed title, metadata, or excerpt.",local_pre_model_surface_review
uncued_059,neutral_metadata_hidden,uncued_059_d04,Document 3,document,2025-06-14,"A partner recap repeats the SolaceGrid repair exchange launch wording from the roundup. Its visible citation points to the roundup item. The note uses the same site code, workstream name, and monthly close date as the surrounding packet so that relation checks",no,unknown,no,no,,"No role-label or direct-answer cue was visible in the reviewed title, metadata, or excerpt.",local_pre_model_surface_review
uncued_059,neutral_metadata_hidden,uncued_059_d02,Document 4,document,2025-06-15,"A service planning memo for Ridgeway bench lists routine Kestrel firmware checks work in August 2025. It does not mention the SolaceGrid repair exchange. The note uses the same site code, workstream name, and monthly close date as the surrounding packet so tha",no,unknown,no,no,,"No role-label or direct-answer cue was visible in the reviewed title, metadata, or excerpt.",local_pre_model_surface_review
uncued_000,neutral_metadata_visible,uncued_000_d01,Service Ledger Extract,timeline note,2025-01-16,"A routing note lists Northline service bay as the site for the Atlas valve checks workstream. The note does not provide a closing count. The note uses the same site code, workstream name, and monthly close date as the surrounding packet so that relation checks",no,unknown,no,no,,"No role-label or direct-answer cue was visible in the reviewed title, metadata, or excerpt.",local_pre_model_surface_review
uncued_000,neutral_metadata_visible,uncued_000_d03,Operations Timeline Note,field note,2025-01-13,"The monthly ledger for Northline service bay lists 184 completed checks for Atlas valve checks in March 2025. The entry is dated after the close of the month and uses the same work order code as the question. The note uses the same site code, workstream name, ",no,unknown,no,no,,"No role-label or direct-answer cue was visible in the reviewed title, metadata, or excerpt.",local_pre_model_surface_review
uncued_000,neutral_metadata_visible,uncued_000_d04,Program Registry Entry,operations memo,2025-01-15,"A shift memo mentions that Atlas valve checks work was concentrated in the final week of March 2025. It tracks handoff timing but not the final tally. The note uses the same site code, workstream name, and monthly close date as the surrounding packet so that r",no,unknown,no,no,,"No role-label or direct-answer cue was visible in the reviewed title, metadata, or excerpt.",local_pre_model_surface_review
uncued_000,neutral_metadata_visible,uncued_000_d02,Field Summary Memo,registry entry,2025-01-14,"A planning note for Atlas valve checks describes the inspection route at Northline service bay during March 2025. It gives staffing context and does not include a final monthly count. The note uses the same site code, workstream name, and monthly close date as",no,unknown,no,no,,"No role-label or direct-answer cue was visible in the reviewed title, metadata, or excerpt.",local_pre_model_surface_review
uncued_000,neutral_metadata_hidden,uncued_000_d04,Document 1,document,2025-01-15,"A shift memo mentions that Atlas valve checks work was concentrated in the final week of March 2025. It tracks handoff timing but not the final tally. The note uses the same site code, workstream name, and monthly close date as the surrounding packet so that r",no,unknown,no,no,,"No role-label or direct-answer cue was visible in the reviewed title, metadata, or excerpt.",local_pre_model_surface_review
uncued_000,neutral_metadata_hidden,uncued_000_d01,Document 2,document,2025-01-14,"A planning note for Atlas valve checks describes the inspection route at Northline service bay during March 2025. It gives staffing context and does not include a final monthly count. The note uses the same site code, workstream name, and monthly close date as",no,unknown,no,no,,"No role-label or direct-answer cue was visible in the reviewed title, metadata, or excerpt.",local_pre_model_surface_review
uncued_000,neutral_metadata_hidden,uncued_000_d02,Document 3,document,2025-01-16,"A routing note lists Northline service bay as the site for the Atlas valve checks workstream. The note does not provide a closing count. The note uses the same site code, workstream name, and monthly close date as the surrounding packet so that relation checks",no,unknown,no,no,,"No role-label or direct-answer cue was visible in the reviewed title, metadata, or excerpt.",local_pre_model_surface_review
uncued_000,neutral_metadata_hidden,uncued_000_d03,Document 4,document,2025-01-13,"The monthly ledger for Northline service bay lists 184 completed checks for Atlas valve checks in March 2025. The entry is dated after the close of the month and uses the same work order code as the question. The note uses the same site code, workstream name, ",no,unknown,no,no,,"No role-label or direct-answer cue was visible in the reviewed title, metadata, or excerpt.",local_pre_model_surface_review
uncued_005,neutral_metadata_visible,uncued_005_d02,Service Ledger Extract,field note,2025-06-13,"The monthly ledger for Ridgeway bench lists 76 approved checks for Kestrel firmware checks in August 2025. No line in the packet lists 101 for this workstream. The note uses the same site code, workstream name, and monthly close date as the surrounding packet ",no,unknown,no,no,,"No role-label or direct-answer cue was visible in the reviewed title, metadata, or excerpt.",local_pre_model_surface_review
uncued_005,neutral_metadata_visible,uncued_005_d03,Operations Timeline Note,registry entry,2025-06-14,"A staffing note for Kestrel firmware checks names the same site and month. It does not report the closing count. The note uses the same site code, workstream name, and monthly close date as the surrounding packet so that relation checks depend on the stated va",no,unknown,no,no,,"No role-label or direct-answer cue was visible in the reviewed title, metadata, or excerpt.",local_pre_model_surface_review
uncued_005,neutral_metadata_visible,uncued_005_d04,Program Registry Entry,operations memo,2025-06-15,"A routing note gives the work order code for Kestrel firmware checks. It omits the final count. The note uses the same site code, workstream name, and monthly close date as the surrounding packet so that relation checks depend on the stated values rather than ",no,unknown,no,no,,"No role-label or direct-answer cue was visible in the reviewed title, metadata, or excerpt.",local_pre_model_surface_review
uncued_005,neutral_metadata_visible,uncued_005_d01,Field Summary Memo,timeline note,2025-06-16,"A brief memo says the closeout was filed after the last weekend of August 2025. It does not state a number. The note uses the same site code, workstream name, and monthly close date as the surrounding packet so that relation checks depend on the stated values ",no,unknown,no,no,,"No role-label or direct-answer cue was visible in the reviewed title, metadata, or excerpt.",local_pre_model_surface_review
uncued_005,neutral_metadata_hidden,uncued_005_d02,Document 1,document,2025-06-13,"The monthly ledger for Ridgeway bench lists 76 approved checks for Kestrel firmware checks in August 2025. No line in the packet lists 101 for this workstream. The note uses the same site code, workstream name, and monthly close date as the surrounding packet ",no,unknown,no,no,,"No role-label or direct-answer cue was visible in the reviewed title, metadata, or excerpt.",local_pre_model_surface_review
uncued_005,neutral_metadata_hidden,uncued_005_d04,Document 2,document,2025-06-15,"A routing note gives the work order code for Kestrel firmware checks. It omits the final count. The note uses the same site code, workstream name, and monthly close date as the surrounding packet so that relation checks depend on the stated values rather than ",no,unknown,no,no,,"No role-label or direct-answer cue was visible in the reviewed title, metadata, or excerpt.",local_pre_model_surface_review
uncued_005,neutral_metadata_hidden,uncued_005_d01,Document 3,document,2025-06-16,"A brief memo says the closeout was filed after the last weekend of August 2025. It does not state a number. The note uses the same site code, workstream name, and monthly close date as the surrounding packet so that relation checks depend on the stated values ",no,unknown,no,no,,"No role-label or direct-answer cue was visible in the reviewed title, metadata, or excerpt.",local_pre_model_surface_review
uncued_005,neutral_metadata_hidden,uncued_005_d03,Document 4,document,2025-06-14,"A staffing note for Kestrel firmware checks names the same site and month. It does not report the closing count. The note uses the same site code, workstream name, and monthly close date as the surrounding packet so that relation checks depend on the stated va",no,unknown,no,no,,"No role-label or direct-answer cue was visible in the reviewed title, metadata, or excerpt.",local_pre_model_surface_review
uncued_012,neutral_metadata_visible,uncued_012_d03,Service Ledger Extract,registry entry,2025-04-14,"A short operations digest says the Atlas valve checks count reached 211 in March 2025. The digest cites no visible row beyond the packet references. The note uses the same site code, workstream name, and monthly close date as the surrounding packet so that rel",no,unknown,no,no,,"No role-label or direct-answer cue was visible in the reviewed title, metadata, or excerpt.",local_pre_model_surface_review
uncued_012,neutral_metadata_visible,uncued_012_d04,Operations Timeline Note,field note,2025-04-13,"The month-close ledger for Northline service bay lists 184 completed checks for Atlas valve checks in March 2025. The row uses the same workstream name as the claim but a different count from 211. The note uses the same site code, workstream name, and monthly ",no,unknown,no,no,,"No role-label or direct-answer cue was visible in the reviewed title, metadata, or excerpt.",local_pre_model_surface_review
uncued_012,neutral_metadata_visible,uncued_012_d01,Program Registry Entry,operations memo,2025-04-15,"A routing note for Northline service bay records when the Atlas valve checks packet was assembled. It gives chronology but not the final count. The note uses the same site code, workstream name, and monthly close date as the surrounding packet so that relation",no,unknown,no,no,,"No role-label or direct-answer cue was visible in the reviewed title, metadata, or excerpt.",local_pre_model_surface_review
uncued_012,neutral_metadata_visible,uncued_012_d02,Field Summary Memo,timeline note,2025-04-16,"A scheduling memo says the Atlas valve checks closeout was delayed by one day. It contains no total. The note uses the same site code, workstream name, and monthly close date as the surrounding packet so that relation checks depend on the stated values rather ",no,unknown,no,no,,"No role-label or direct-answer cue was visible in the reviewed title, metadata, or excerpt.",local_pre_model_surface_review
uncued_012,neutral_metadata_hidden,uncued_012_d02,Document 1,document,2025-04-16,"A scheduling memo says the Atlas valve checks closeout was delayed by one day. It contains no total. The note uses the same site code, workstream name, and monthly close date as the surrounding packet so that relation checks depend on the stated values rather ",no,unknown,no,no,,"No role-label or direct-answer cue was visible in the reviewed title, metadata, or excerpt.",local_pre_model_surface_review
uncued_012,neutral_metadata_hidden,uncued_012_d03,Document 2,document,2025-04-15,"A routing note for Northline service bay records when the Atlas valve checks packet was assembled. It gives chronology but not the final count. The note uses the same site code, workstream name, and monthly close date as the surrounding packet so that relation",no,unknown,no,no,,"No role-label or direct-answer cue was visible in the reviewed title, metadata, or excerpt.",local_pre_model_surface_review
uncued_012,neutral_metadata_hidden,uncued_012_d04,Document 3,document,2025-04-14,"A short operations digest says the Atlas valve checks count reached 211 in March 2025. The digest cites no visible row beyond the packet references. The note uses the same site code, workstream name, and monthly close date as the surrounding packet so that rel",no,unknown,no,no,,"No role-label or direct-answer cue was visible in the reviewed title, metadata, or excerpt.",local_pre_model_surface_review
uncued_012,neutral_metadata_hidden,uncued_012_d01,Document 4,document,2025-04-13,"The month-close ledger for Northline service bay lists 184 completed checks for Atlas valve checks in March 2025. The row uses the same workstream name as the claim but a different count from 211. The note uses the same site code, workstream name, and monthly ",no,unknown,no,no,,"No role-label or direct-answer cue was visible in the reviewed title, metadata, or excerpt.",local_pre_model_surface_review
uncued_017,neutral_metadata_visible,uncued_017_d02,Service Ledger Extract,timeline note,2025-09-16,"A scheduling memo says the Kestrel firmware checks closeout was delayed by one day. It contains no total. The note uses the same site code, workstream name, and monthly close date as the surrounding packet so that relation checks depend on the stated values ra",no,unknown,no,no,,"No role-label or direct-answer cue was visible in the reviewed title, metadata, or excerpt.",local_pre_model_surface_review
uncued_017,neutral_metadata_visible,uncued_017_d01,Operations Timeline Note,operations memo,2025-09-15,"A routing note for Ridgeway bench records when the Kestrel firmware checks packet was assembled. It gives chronology but not the final count. The note uses the same site code, workstream name, and monthly close date as the surrounding packet so that relation c",no,unknown,no,no,,"No role-label or direct-answer cue was visible in the reviewed title, metadata, or excerpt.",local_pre_model_surface_review
uncued_017,neutral_metadata_visible,uncued_017_d03,Program Registry Entry,registry entry,2025-09-14,"A short operations digest says the Kestrel firmware checks count reached 101 in August 2025. The digest cites no visible row beyond the packet references. The note uses the same site code, workstream name, and monthly close date as the surrounding packet so th",no,unknown,no,no,,"No role-label or direct-answer cue was visible in the reviewed title, metadata, or excerpt.",local_pre_model_surface_review
uncued_017,neutral_metadata_visible,uncued_017_d04,Field Summary Memo,field note,2025-09-13,"The month-close ledger for Ridgeway bench lists 76 approved checks for Kestrel firmware checks in August 2025. The row uses the same workstream name as the claim but a different count from 101. The note uses the same site code, workstream name, and monthly clo",no,unknown,no,no,,"No role-label or direct-answer cue was visible in the reviewed title, metadata, or excerpt.",local_pre_model_surface_review
uncued_017,neutral_metadata_hidden,uncued_017_d01,Document 1,document,2025-09-13,"The month-close ledger for Ridgeway bench lists 76 approved checks for Kestrel firmware checks in August 2025. The row uses the same workstream name as the claim but a different count from 101. The note uses the same site code, workstream name, and monthly clo",no,unknown,no,no,,"No role-label or direct-answer cue was visible in the reviewed title, metadata, or excerpt.",local_pre_model_surface_review
uncued_017,neutral_metadata_hidden,uncued_017_d02,Document 2,document,2025-09-14,"A short operations digest says the Kestrel firmware checks count reached 101 in August 2025. The digest cites no visible row beyond the packet references. The note uses the same site code, workstream name, and monthly close date as the surrounding packet so th",no,unknown,no,no,,"No role-label or direct-answer cue was visible in the reviewed title, metadata, or excerpt.",local_pre_model_surface_review
uncued_017,neutral_metadata_hidden,uncued_017_d03,Document 3,document,2025-09-16,"A scheduling memo says the Kestrel firmware checks closeout was delayed by one day. It contains no total. The note uses the same site code, workstream name, and monthly close date as the surrounding packet so that relation checks depend on the stated values ra",no,unknown,no,no,,"No role-label or direct-answer cue was visible in the reviewed title, metadata, or excerpt.",local_pre_model_surface_review
uncued_017,neutral_metadata_hidden,uncued_017_d04,Document 4,document,2025-09-15,"A routing note for Ridgeway bench records when the Kestrel firmware checks packet was assembled. It gives chronology but not the final count. The note uses the same site code, workstream name, and monthly close date as the surrounding packet so that relation c",no,unknown,no,no,,"No role-label or direct-answer cue was visible in the reviewed title, metadata, or excerpt.",local_pre_model_surface_review
uncued_024,neutral_metadata_visible,uncued_024_d01,Service Ledger Extract,registry entry,2025-07-14,"A weekly digest repeats that Atlas valve checks reached 211 completed checks in March 2025. The digest points to the same earlier bulletin used by another note in the packet. The note uses the same site code, workstream name, and monthly close date as the surr",no,unknown,no,no,,"No role-label or direct-answer cue was visible in the reviewed title, metadata, or excerpt.",local_pre_model_surface_review
uncued_024,neutral_metadata_visible,uncued_024_d04,Operations Timeline Note,operations memo,2025-07-15,"A partner summary also gives 211 for Atlas valve checks in March 2025. Its visible citation points back to the weekly digest rather than to a separate count sheet. The note uses the same site code, workstream name, and monthly close date as the surrounding pac",no,unknown,no,no,,"No role-label or direct-answer cue was visible in the reviewed title, metadata, or excerpt.",local_pre_model_surface_review
uncued_024,neutral_metadata_visible,uncued_024_d02,Program Registry Entry,field note,2025-07-13,"The closing ledger for Northline service bay gives 184 completed checks for Atlas valve checks in March 2025. The ledger row is the only visible row with a final count different from 211. The note uses the same site code, workstream name, and monthly close dat",no,unknown,no,no,,"No role-label or direct-answer cue was visible in the reviewed title, metadata, or excerpt.",local_pre_model_surface_review
uncued_024,neutral_metadata_visible,uncued_024_d03,Field Summary Memo,timeline note,2025-07-16,"A site memo for Northline service bay lists the workstream and month. It does not contain a final count. The note uses the same site code, workstream name, and monthly close date as the surrounding packet so that relation checks depend on the stated values rat",no,unknown,no,no,,"No role-label or direct-answer cue was visible in the reviewed title, metadata, or excerpt.",local_pre_model_surface_review
uncued_024,neutral_metadata_hidden,uncued_024_d02,Document 1,document,2025-07-14,"A weekly digest repeats that Atlas valve checks reached 211 completed checks in March 2025. The digest points to the same earlier bulletin used by another note in the packet. The note uses the same site code, workstream name, and monthly close date as the surr",no,unknown,no,no,,"No role-label or direct-answer cue was visible in the reviewed title, metadata, or excerpt.",local_pre_model_surface_review
uncued_024,neutral_metadata_hidden,uncued_024_d03,Document 2,document,2025-07-16,"A site memo for Northline service bay lists the workstream and month. It does not contain a final count. The note uses the same site code, workstream name, and monthly close date as the surrounding packet so that relation checks depend on the stated values rat",no,unknown,no,no,,"No role-label or direct-answer cue was visible in the reviewed title, metadata, or excerpt.",local_pre_model_surface_review
uncued_024,neutral_metadata_hidden,uncued_024_d04,Document 3,document,2025-07-15,"A partner summary also gives 211 for Atlas valve checks in March 2025. Its visible citation points back to the weekly digest rather than to a separate count sheet. The note uses the same site code, workstream name, and monthly close date as the surrounding pac",no,unknown,no,no,,"No role-label or direct-answer cue was visible in the reviewed title, metadata, or excerpt.",local_pre_model_surface_review
uncued_024,neutral_metadata_hidden,uncued_024_d01,Document 4,document,2025-07-13,"The closing ledger for Northline service bay gives 184 completed checks for Atlas valve checks in March 2025. The ledger row is the only visible row with a final count different from 211. The note uses the same site code, workstream name, and monthly close dat",no,unknown,no,no,,"No role-label or direct-answer cue was visible in the reviewed title, metadata, or excerpt.",local_pre_model_surface_review
uncued_029,neutral_metadata_visible,uncued_029_d02,Service Ledger Extract,registry entry,2025-03-14,"A weekly digest repeats that Kestrel firmware checks reached 101 approved checks in August 2025. The digest points to the same earlier bulletin used by another note in the packet. The note uses the same site code, workstream name, and monthly close date as the",no,unknown,no,no,,"No role-label or direct-answer cue was visible in the reviewed title, metadata, or excerpt.",local_pre_model_surface_review
uncued_029,neutral_metadata_visible,uncued_029_d04,Operations Timeline Note,field note,2025-03-13,"The closing ledger for Ridgeway bench gives 76 approved checks for Kestrel firmware checks in August 2025. The ledger row is the only visible row with a final count different from 101. The note uses the same site code, workstream name, and monthly close date a",no,unknown,no,no,,"No role-label or direct-answer cue was visible in the reviewed title, metadata, or excerpt.",local_pre_model_surface_review
uncued_029,neutral_metadata_visible,uncued_029_d01,Program Registry Entry,operations memo,2025-03-15,"A partner summary also gives 101 for Kestrel firmware checks in August 2025. Its visible citation points back to the weekly digest rather than to a separate count sheet. The note uses the same site code, workstream name, and monthly close date as the surroundi",no,unknown,no,no,,"No role-label or direct-answer cue was visible in the reviewed title, metadata, or excerpt.",local_pre_model_surface_review
uncued_029,neutral_metadata_visible,uncued_029_d03,Field Summary Memo,timeline note,2025-03-16,"A site memo for Ridgeway bench lists the workstream and month. It does not contain a final count. The note uses the same site code, workstream name, and monthly close date as the surrounding packet so that relation checks depend on the stated values rather tha",no,unknown,no,no,,"No role-label or direct-answer cue was visible in the reviewed title, metadata, or excerpt.",local_pre_model_surface_review
uncued_029,neutral_metadata_hidden,uncued_029_d03,Document 1,document,2025-03-14,"A weekly digest repeats that Kestrel firmware checks reached 101 approved checks in August 2025. The digest points to the same earlier bulletin used by another note in the packet. The note uses the same site code, workstream name, and monthly close date as the",no,unknown,no,no,,"No role-label or direct-answer cue was visible in the reviewed title, metadata, or excerpt.",local_pre_model_surface_review
uncued_029,neutral_metadata_hidden,uncued_029_d02,Document 2,document,2025-03-13,"The closing ledger for Ridgeway bench gives 76 approved checks for Kestrel firmware checks in August 2025. The ledger row is the only visible row with a final count different from 101. The note uses the same site code, workstream name, and monthly close date a",no,unknown,no,no,,"No role-label or direct-answer cue was visible in the reviewed title, metadata, or excerpt.",local_pre_model_surface_review
uncued_029,neutral_metadata_hidden,uncued_029_d04,Document 3,document,2025-03-15,"A partner summary also gives 101 for Kestrel firmware checks in August 2025. Its visible citation points back to the weekly digest rather than to a separate count sheet. The note uses the same site code, workstream name, and monthly close date as the surroundi",no,unknown,no,no,,"No role-label or direct-answer cue was visible in the reviewed title, metadata, or excerpt.",local_pre_model_surface_review
uncued_029,neutral_metadata_hidden,uncued_029_d01,Document 4,document,2025-03-16,"A site memo for Ridgeway bench lists the workstream and month. It does not contain a final count. The note uses the same site code, workstream name, and monthly close date as the surrounding packet so that relation checks depend on the stated values rather tha",no,unknown,no,no,,"No role-label or direct-answer cue was visible in the reviewed title, metadata, or excerpt.",local_pre_model_surface_review
uncued_036,neutral_metadata_visible,uncued_036_d01,Service Ledger Extract,registry entry,2025-01-14,"A digest estimates 211 completed checks for Atlas valve checks in March 2025. The note is framed as a running estimate and points to the planning memo. The note uses the same site code, workstream name, and monthly close date as the surrounding packet so that ",no,unknown,no,no,,"No role-label or direct-answer cue was visible in the reviewed title, metadata, or excerpt.",local_pre_model_surface_review
uncued_036,neutral_metadata_visible,uncued_036_d02,Operations Timeline Note,field note,2025-01-13,"A planning memo for Atlas valve checks describes the expected workload at Northline service bay. It was prepared before the monthly close and has no final number. The note uses the same site code, workstream name, and monthly close date as the surrounding pack",no,unknown,no,no,,"No role-label or direct-answer cue was visible in the reviewed title, metadata, or excerpt.",local_pre_model_surface_review
uncued_036,neutral_metadata_visible,uncued_036_d04,Program Registry Entry,operations memo,2025-01-15,"A handoff note names the workstream and site for March 2025. It contains no closing count. The note uses the same site code, workstream name, and monthly close date as the surrounding packet so that relation checks depend on the stated values rather than label",no,unknown,no,no,,"No role-label or direct-answer cue was visible in the reviewed title, metadata, or excerpt.",local_pre_model_surface_review
uncued_036,neutral_metadata_visible,uncued_036_d03,Field Summary Memo,timeline note,2025-01-16,"The closeout ledger lists 184 completed checks for Atlas valve checks in March 2025. The row appears after the planning notes and uses the final close date. The note uses the same site code, workstream name, and monthly close date as the surrounding packet so ",no,unknown,no,no,,"No role-label or direct-answer cue was visible in the reviewed title, metadata, or excerpt.",local_pre_model_surface_review
uncued_036,neutral_metadata_hidden,uncued_036_d01,Document 1,document,2025-01-15,"A handoff note names the workstream and site for March 2025. It contains no closing count. The note uses the same site code, workstream name, and monthly close date as the surrounding packet so that relation checks depend on the stated values rather than label",no,unknown,no,no,,"No role-label or direct-answer cue was visible in the reviewed title, metadata, or excerpt.",local_pre_model_surface_review
uncued_036,neutral_metadata_hidden,uncued_036_d02,Document 2,document,2025-01-14,"A digest estimates 211 completed checks for Atlas valve checks in March 2025. The note is framed as a running estimate and points to the planning memo. The note uses the same site code, workstream name, and monthly close date as the surrounding packet so that ",no,unknown,no,no,,"No role-label or direct-answer cue was visible in the reviewed title, metadata, or excerpt.",local_pre_model_surface_review
uncued_036,neutral_metadata_hidden,uncued_036_d03,Document 3,document,2025-01-13,"A planning memo for Atlas valve checks describes the expected workload at Northline service bay. It was prepared before the monthly close and has no final number. The note uses the same site code, workstream name, and monthly close date as the surrounding pack",no,unknown,no,no,,"No role-label or direct-answer cue was visible in the reviewed title, metadata, or excerpt.",local_pre_model_surface_review
uncued_036,neutral_metadata_hidden,uncued_036_d04,Document 4,document,2025-01-16,"The closeout ledger lists 184 completed checks for Atlas valve checks in March 2025. The row appears after the planning notes and uses the final close date. The note uses the same site code, workstream name, and monthly close date as the surrounding packet so ",no,unknown,no,no,,"No role-label or direct-answer cue was visible in the reviewed title, metadata, or excerpt.",local_pre_model_surface_review
uncued_041,neutral_metadata_visible,uncued_041_d01,Service Ledger Extract,registry entry,2025-06-14,"A digest estimates 101 approved checks for Kestrel firmware checks in August 2025. The note is framed as a running estimate and points to the planning memo. The note uses the same site code, workstream name, and monthly close date as the surrounding packet so ",no,unknown,no,no,,"No role-label or direct-answer cue was visible in the reviewed title, metadata, or excerpt.",local_pre_model_surface_review
uncued_041,neutral_metadata_visible,uncued_041_d04,Operations Timeline Note,operations memo,2025-06-15,"A handoff note names the workstream and site for August 2025. It contains no closing count. The note uses the same site code, workstream name, and monthly close date as the surrounding packet so that relation checks depend on the stated values rather than labe",no,unknown,no,no,,"No role-label or direct-answer cue was visible in the reviewed title, metadata, or excerpt.",local_pre_model_surface_review
uncued_041,neutral_metadata_visible,uncued_041_d03,Program Registry Entry,field note,2025-06-13,"A planning memo for Kestrel firmware checks describes the expected workload at Ridgeway bench. It was prepared before the monthly close and has no final number. The note uses the same site code, workstream name, and monthly close date as the surrounding packet",no,unknown,no,no,,"No role-label or direct-answer cue was visible in the reviewed title, metadata, or excerpt.",local_pre_model_surface_review
uncued_041,neutral_metadata_visible,uncued_041_d02,Field Summary Memo,timeline note,2025-06-16,"The closeout ledger lists 76 approved checks for Kestrel firmware checks in August 2025. The row appears after the planning notes and uses the final close date. The note uses the same site code, workstream name, and monthly close date as the surrounding packet",no,unknown,no,no,,"No role-label or direct-answer cue was visible in the reviewed title, metadata, or excerpt.",local_pre_model_surface_review
uncued_041,neutral_metadata_hidden,uncued_041_d02,Document 1,document,2025-06-15,"A handoff note names the workstream and site for August 2025. It contains no closing count. The note uses the same site code, workstream name, and monthly close date as the surrounding packet so that relation checks depend on the stated values rather than labe",no,unknown,no,no,,"No role-label or direct-answer cue was visible in the reviewed title, metadata, or excerpt.",local_pre_model_surface_review
uncued_041,neutral_metadata_hidden,uncued_041_d03,Document 2,document,2025-06-16,"The closeout ledger lists 76 approved checks for Kestrel firmware checks in August 2025. The row appears after the planning notes and uses the final close date. The note uses the same site code, workstream name, and monthly close date as the surrounding packet",no,unknown,no,no,,"No role-label or direct-answer cue was visible in the reviewed title, metadata, or excerpt.",local_pre_model_surface_review
uncued_041,neutral_metadata_hidden,uncued_041_d01,Document 3,document,2025-06-13,"A planning memo for Kestrel firmware checks describes the expected workload at Ridgeway bench. It was prepared before the monthly close and has no final number. The note uses the same site code, workstream name, and monthly close date as the surrounding packet",no,unknown,no,no,,"No role-label or direct-answer cue was visible in the reviewed title, metadata, or excerpt.",local_pre_model_surface_review
uncued_041,neutral_metadata_hidden,uncued_041_d04,Document 4,document,2025-06-14,"A digest estimates 101 approved checks for Kestrel firmware checks in August 2025. The note is framed as a running estimate and points to the planning memo. The note uses the same site code, workstream name, and monthly close date as the surrounding packet so ",no,unknown,no,no,,"No role-label or direct-answer cue was visible in the reviewed title, metadata, or excerpt.",local_pre_model_surface_review
uncued_048,neutral_metadata_visible,uncued_048_d04,Service Ledger Extract,registry entry,2025-04-14,"A partner recap repeats the HelioSplice partner repair program launch wording from the roundup. Its visible citation points to the roundup item. The note uses the same site code, workstream name, and monthly close date as the surrounding packet so that relatio",no,unknown,no,no,,"No role-label or direct-answer cue was visible in the reviewed title, metadata, or excerpt.",local_pre_model_surface_review
uncued_048,neutral_metadata_visible,uncued_048_d01,Operations Timeline Note,field note,2025-04-13,"A community roundup says the HelioSplice partner repair program appeared during March 2025. The item gives a program name and month but no linked operational record. The note uses the same site code, workstream name, and monthly close date as the surrounding p",no,unknown,no,no,,"No role-label or direct-answer cue was visible in the reviewed title, metadata, or excerpt.",local_pre_model_surface_review
uncued_048,neutral_metadata_visible,uncued_048_d02,Program Registry Entry,timeline note,2025-04-16,"A monthly index names the Atlas valve checks workstream and site. It lists regular service categories but no program launch entry. The note uses the same site code, workstream name, and monthly close date as the surrounding packet so that relation checks depen",no,unknown,no,no,,"No role-label or direct-answer cue was visible in the reviewed title, metadata, or excerpt.",local_pre_model_surface_review
uncued_048,neutral_metadata_visible,uncued_048_d03,Field Summary Memo,operations memo,2025-04-15,"A service planning memo for Northline service bay lists routine Atlas valve checks work in March 2025. It does not mention the HelioSplice partner repair program. The note uses the same site code, workstream name, and monthly close date as the surrounding pack",no,unknown,no,no,,"No role-label or direct-answer cue was visible in the reviewed title, metadata, or excerpt.",local_pre_model_surface_review
uncued_048,neutral_metadata_hidden,uncued_048_d03,Document 1,document,2025-04-16,"A monthly index names the Atlas valve checks workstream and site. It lists regular service categories but no program launch entry. The note uses the same site code, workstream name, and monthly close date as the surrounding packet so that relation checks depen",no,unknown,no,no,,"No role-label or direct-answer cue was visible in the reviewed title, metadata, or excerpt.",local_pre_model_surface_review
uncued_048,neutral_metadata_hidden,uncued_048_d04,Document 2,document,2025-04-15,"A service planning memo for Northline service bay lists routine Atlas valve checks work in March 2025. It does not mention the HelioSplice partner repair program. The note uses the same site code, workstream name, and monthly close date as the surrounding pack",no,unknown,no,no,,"No role-label or direct-answer cue was visible in the reviewed title, metadata, or excerpt.",local_pre_model_surface_review
uncued_048,neutral_metadata_hidden,uncued_048_d01,Document 3,document,2025-04-14,"A partner recap repeats the HelioSplice partner repair program launch wording from the roundup. Its visible citation points to the roundup item. The note uses the same site code, workstream name, and monthly close date as the surrounding packet so that relatio",no,unknown,no,no,,"No role-label or direct-answer cue was visible in the reviewed title, metadata, or excerpt.",local_pre_model_surface_review
uncued_048,neutral_metadata_hidden,uncued_048_d02,Document 4,document,2025-04-13,"A community roundup says the HelioSplice partner repair program appeared during March 2025. The item gives a program name and month but no linked operational record. The note uses the same site code, workstream name, and monthly close date as the surrounding p",no,unknown,no,no,,"No role-label or direct-answer cue was visible in the reviewed title, metadata, or excerpt.",local_pre_model_surface_review
uncued_052,neutral_metadata_visible,uncued_052_d02,Service Ledger Extract,field note,2025-08-13,"A community roundup says the LumenBridge partner desk appeared during July 2025. The item gives a program name and month but no linked operational record. The note uses the same site code, workstream name, and monthly close date as the surrounding packet so th",no,unknown,no,no,,"No role-label or direct-answer cue was visible in the reviewed title, metadata, or excerpt.",local_pre_model_surface_review
uncued_052,neutral_metadata_visible,uncued_052_d04,Operations Timeline Note,timeline note,2025-08-16,"A monthly index names the Nova pump refurbishments workstream and site. It lists regular service categories but no program launch entry. The note uses the same site code, workstream name, and monthly close date as the surrounding packet so that relation checks",no,unknown,no,no,,"No role-label or direct-answer cue was visible in the reviewed title, metadata, or excerpt.",local_pre_model_surface_review
uncued_052,neutral_metadata_visible,uncued_052_d03,Program Registry Entry,registry entry,2025-08-14,"A partner recap repeats the LumenBridge partner desk launch wording from the roundup. Its visible citation points to the roundup item. The note uses the same site code, workstream name, and monthly close date as the surrounding packet so that relation checks d",no,unknown,no,no,,"No role-label or direct-answer cue was visible in the reviewed title, metadata, or excerpt.",local_pre_model_surface_review
uncued_052,neutral_metadata_visible,uncued_052_d01,Field Summary Memo,operations memo,2025-08-15,"A service planning memo for Harbor Annex lists routine Nova pump refurbishments work in July 2025. It does not mention the LumenBridge partner desk. The note uses the same site code, workstream name, and monthly close date as the surrounding packet so that rel",no,unknown,no,no,,"No role-label or direct-answer cue was visible in the reviewed title, metadata, or excerpt.",local_pre_model_surface_review
uncued_052,neutral_metadata_hidden,uncued_052_d03,Document 1,document,2025-08-13,"A community roundup says the LumenBridge partner desk appeared during July 2025. The item gives a program name and month but no linked operational record. The note uses the same site code, workstream name, and monthly close date as the surrounding packet so th",no,unknown,no,no,,"No role-label or direct-answer cue was visible in the reviewed title, metadata, or excerpt.",local_pre_model_surface_review
uncued_052,neutral_metadata_hidden,uncued_052_d04,Document 2,document,2025-08-14,"A partner recap repeats the LumenBridge partner desk launch wording from the roundup. Its visible citation points to the roundup item. The note uses the same site code, workstream name, and monthly close date as the surrounding packet so that relation checks d",no,unknown,no,no,,"No role-label or direct-answer cue was visible in the reviewed title, metadata, or excerpt.",local_pre_model_surface_review
uncued_052,neutral_metadata_hidden,uncued_052_d02,Document 3,document,2025-08-15,"A service planning memo for Harbor Annex lists routine Nova pump refurbishments work in July 2025. It does not mention the LumenBridge partner desk. The note uses the same site code, workstream name, and monthly close date as the surrounding packet so that rel",no,unknown,no,no,,"No role-label or direct-answer cue was visible in the reviewed title, metadata, or excerpt.",local_pre_model_surface_review
uncued_052,neutral_metadata_hidden,uncued_052_d01,Document 4,document,2025-08-16,"A monthly index names the Nova pump refurbishments workstream and site. It lists regular service categories but no program launch entry. The note uses the same site code, workstream name, and monthly close date as the surrounding packet so that relation checks",no,unknown,no,no,,"No role-label or direct-answer cue was visible in the reviewed title, metadata, or excerpt.",local_pre_model_surface_review
uncued_001,neutral_metadata_visible,uncued_001_d02,Service Ledger Extract,operations memo,2025-02-15,"A routing note gives the work order code for Orion battery swaps. It omits the final count. The note uses the same site code, workstream name, and monthly close date as the surrounding packet so that relation checks depend on the stated values rather than labe",no,unknown,no,no,,"No role-label or direct-answer cue was visible in the reviewed title, metadata, or excerpt.",local_pre_model_surface_review
uncued_001,neutral_metadata_visible,uncued_001_d01,Operations Timeline Note,timeline note,2025-02-16,"A brief memo says the closeout was filed after the last weekend of April 2025. It does not state a number. The note uses the same site code, workstream name, and monthly close date as the surrounding packet so that relation checks depend on the stated values r",no,unknown,no,no,,"No role-label or direct-answer cue was visible in the reviewed title, metadata, or excerpt.",local_pre_model_surface_review
uncued_001,neutral_metadata_visible,uncued_001_d03,Program Registry Entry,field note,2025-02-13,"The monthly ledger for East Yard depot lists 63 verified swaps for Orion battery swaps in April 2025. No line in the packet lists 88 for this workstream. The note uses the same site code, workstream name, and monthly close date as the surrounding packet so tha",no,unknown,no,no,,"No role-label or direct-answer cue was visible in the reviewed title, metadata, or excerpt.",local_pre_model_surface_review
uncued_001,neutral_metadata_visible,uncued_001_d04,Field Summary Memo,registry entry,2025-02-14,"A staffing note for Orion battery swaps names the same site and month. It does not report the closing count. The note uses the same site code, workstream name, and monthly close date as the surrounding packet so that relation checks depend on the stated values",no,unknown,no,no,,"No role-label or direct-answer cue was visible in the reviewed title, metadata, or excerpt.",local_pre_model_surface_review
uncued_001,neutral_metadata_hidden,uncued_001_d01,Document 1,document,2025-02-13,"The monthly ledger for East Yard depot lists 63 verified swaps for Orion battery swaps in April 2025. No line in the packet lists 88 for this workstream. The note uses the same site code, workstream name, and monthly close date as the surrounding packet so tha",no,unknown,no,no,,"No role-label or direct-answer cue was visible in the reviewed title, metadata, or excerpt.",local_pre_model_surface_review
uncued_001,neutral_metadata_hidden,uncued_001_d02,Document 2,document,2025-02-14,"A staffing note for Orion battery swaps names the same site and month. It does not report the closing count. The note uses the same site code, workstream name, and monthly close date as the surrounding packet so that relation checks depend on the stated values",no,unknown,no,no,,"No role-label or direct-answer cue was visible in the reviewed title, metadata, or excerpt.",local_pre_model_surface_review
uncued_001,neutral_metadata_hidden,uncued_001_d03,Document 3,document,2025-02-15,"A routing note gives the work order code for Orion battery swaps. It omits the final count. The note uses the same site code, workstream name, and monthly close date as the surrounding packet so that relation checks depend on the stated values rather than labe",no,unknown,no,no,,"No role-label or direct-answer cue was visible in the reviewed title, metadata, or excerpt.",local_pre_model_surface_review
uncued_001,neutral_metadata_hidden,uncued_001_d04,Document 4,document,2025-02-16,"A brief memo says the closeout was filed after the last weekend of April 2025. It does not state a number. The note uses the same site code, workstream name, and monthly close date as the surrounding packet so that relation checks depend on the stated values r",no,unknown,no,no,,"No role-label or direct-answer cue was visible in the reviewed title, metadata, or excerpt.",local_pre_model_surface_review
uncued_006,neutral_metadata_visible,uncued_006_d03,Service Ledger Extract,operations memo,2025-07-15,"A shift memo mentions that Atlas valve checks work was concentrated in the final week of March 2025. It tracks handoff timing but not the final tally. The note uses the same site code, workstream name, and monthly close date as the surrounding packet so that r",no,unknown,no,no,,"No role-label or direct-answer cue was visible in the reviewed title, metadata, or excerpt.",local_pre_model_surface_review
uncued_006,neutral_metadata_visible,uncued_006_d01,Operations Timeline Note,registry entry,2025-07-14,"A planning note for Atlas valve checks describes the inspection route at Northline service bay during March 2025. It gives staffing context and does not include a final monthly count. The note uses the same site code, workstream name, and monthly close date as",no,unknown,no,no,,"No role-label or direct-answer cue was visible in the reviewed title, metadata, or excerpt.",local_pre_model_surface_review
uncued_006,neutral_metadata_visible,uncued_006_d02,Program Registry Entry,timeline note,2025-07-16,"A routing note lists Northline service bay as the site for the Atlas valve checks workstream. The note does not provide a closing count. The note uses the same site code, workstream name, and monthly close date as the surrounding packet so that relation checks",no,unknown,no,no,,"No role-label or direct-answer cue was visible in the reviewed title, metadata, or excerpt.",local_pre_model_surface_review
uncued_006,neutral_metadata_visible,uncued_006_d04,Field Summary Memo,field note,2025-07-13,"The monthly ledger for Northline service bay lists 184 completed checks for Atlas valve checks in March 2025. The entry is dated after the close of the month and uses the same work order code as the question. The note uses the same site code, workstream name, ",no,unknown,no,no,,"No role-label or direct-answer cue was visible in the reviewed title, metadata, or excerpt.",local_pre_model_surface_review
uncued_006,neutral_metadata_hidden,uncued_006_d03,Document 1,document,2025-07-13,"The monthly ledger for Northline service bay lists 184 completed checks for Atlas valve checks in March 2025. The entry is dated after the close of the month and uses the same work order code as the question. The note uses the same site code, workstream name, ",no,unknown,no,no,,"No role-label or direct-answer cue was visible in the reviewed title, metadata, or excerpt.",local_pre_model_surface_review
uncued_006,neutral_metadata_hidden,uncued_006_d01,Document 2,document,2025-07-16,"A routing note lists Northline service bay as the site for the Atlas valve checks workstream. The note does not provide a closing count. The note uses the same site code, workstream name, and monthly close date as the surrounding packet so that relation checks",no,unknown,no,no,,"No role-label or direct-answer cue was visible in the reviewed title, metadata, or excerpt.",local_pre_model_surface_review
uncued_006,neutral_metadata_hidden,uncued_006_d04,Document 3,document,2025-07-14,"A planning note for Atlas valve checks describes the inspection route at Northline service bay during March 2025. It gives staffing context and does not include a final monthly count. The note uses the same site code, workstream name, and monthly close date as",no,unknown,no,no,,"No role-label or direct-answer cue was visible in the reviewed title, metadata, or excerpt.",local_pre_model_surface_review
uncued_006,neutral_metadata_hidden,uncued_006_d02,Document 4,document,2025-07-15,"A shift memo mentions that Atlas valve checks work was concentrated in the final week of March 2025. It tracks handoff timing but not the final tally. The note uses the same site code, workstream name, and monthly close date as the surrounding packet so that r",no,unknown,no,no,,"No role-label or direct-answer cue was visible in the reviewed title, metadata, or excerpt.",local_pre_model_surface_review
uncued_013,neutral_metadata_visible,uncued_013_d03,Service Ledger Extract,timeline note,2025-05-16,"A scheduling memo says the Orion battery swaps closeout was delayed by one day. It contains no total. The note uses the same site code, workstream name, and monthly close date as the surrounding packet so that relation checks depend on the stated values rather",no,unknown,no,no,,"No role-label or direct-answer cue was visible in the reviewed title, metadata, or excerpt.",local_pre_model_surface_review
uncued_013,neutral_metadata_visible,uncued_013_d04,Operations Timeline Note,field note,2025-05-13,"The month-close ledger for East Yard depot lists 63 verified swaps for Orion battery swaps in April 2025. The row uses the same workstream name as the claim but a different count from 88. The note uses the same site code, workstream name, and monthly close dat",no,unknown,no,no,,"No role-label or direct-answer cue was visible in the reviewed title, metadata, or excerpt.",local_pre_model_surface_review
uncued_013,neutral_metadata_visible,uncued_013_d02,Program Registry Entry,operations memo,2025-05-15,"A routing note for East Yard depot records when the Orion battery swaps packet was assembled. It gives chronology but not the final count. The note uses the same site code, workstream name, and monthly close date as the surrounding packet so that relation chec",no,unknown,no,no,,"No role-label or direct-answer cue was visible in the reviewed title, metadata, or excerpt.",local_pre_model_surface_review
uncued_013,neutral_metadata_visible,uncued_013_d01,Field Summary Memo,registry entry,2025-05-14,"A short operations digest says the Orion battery swaps count reached 88 in April 2025. The digest cites no visible row beyond the packet references. The note uses the same site code, workstream name, and monthly close date as the surrounding packet so that rel",no,unknown,no,no,,"No role-label or direct-answer cue was visible in the reviewed title, metadata, or excerpt.",local_pre_model_surface_review
uncued_013,neutral_metadata_hidden,uncued_013_d03,Document 1,document,2025-05-14,"A short operations digest says the Orion battery swaps count reached 88 in April 2025. The digest cites no visible row beyond the packet references. The note uses the same site code, workstream name, and monthly close date as the surrounding packet so that rel",no,unknown,no,no,,"No role-label or direct-answer cue was visible in the reviewed title, metadata, or excerpt.",local_pre_model_surface_review
uncued_013,neutral_metadata_hidden,uncued_013_d01,Document 2,document,2025-05-15,"A routing note for East Yard depot records when the Orion battery swaps packet was assembled. It gives chronology but not the final count. The note uses the same site code, workstream name, and monthly close date as the surrounding packet so that relation chec",no,unknown,no,no,,"No role-label or direct-answer cue was visible in the reviewed title, metadata, or excerpt.",local_pre_model_surface_review
uncued_013,neutral_metadata_hidden,uncued_013_d02,Document 3,document,2025-05-16,"A scheduling memo says the Orion battery swaps closeout was delayed by one day. It contains no total. The note uses the same site code, workstream name, and monthly close date as the surrounding packet so that relation checks depend on the stated values rather",no,unknown,no,no,,"No role-label or direct-answer cue was visible in the reviewed title, metadata, or excerpt.",local_pre_model_surface_review
uncued_013,neutral_metadata_hidden,uncued_013_d04,Document 4,document,2025-05-13,"The month-close ledger for East Yard depot lists 63 verified swaps for Orion battery swaps in April 2025. The row uses the same workstream name as the claim but a different count from 88. The note uses the same site code, workstream name, and monthly close dat",no,unknown,no,no,,"No role-label or direct-answer cue was visible in the reviewed title, metadata, or excerpt.",local_pre_model_surface_review
uncued_018,neutral_metadata_visible,uncued_018_d01,Service Ledger Extract,registry entry,2025-01-14,"A short operations digest says the Atlas valve checks count reached 211 in March 2025. The digest cites no visible row beyond the packet references. The note uses the same site code, workstream name, and monthly close date as the surrounding packet so that rel",no,unknown,no,no,,"No role-label or direct-answer cue was visible in the reviewed title, metadata, or excerpt.",local_pre_model_surface_review
uncued_018,neutral_metadata_visible,uncued_018_d03,Operations Timeline Note,timeline note,2025-01-16,"A scheduling memo says the Atlas valve checks closeout was delayed by one day. It contains no total. The note uses the same site code, workstream name, and monthly close date as the surrounding packet so that relation checks depend on the stated values rather ",no,unknown,no,no,,"No role-label or direct-answer cue was visible in the reviewed title, metadata, or excerpt.",local_pre_model_surface_review
uncued_018,neutral_metadata_visible,uncued_018_d04,Program Registry Entry,field note,2025-01-13,"The month-close ledger for Northline service bay lists 184 completed checks for Atlas valve checks in March 2025. The row uses the same workstream name as the claim but a different count from 211. The note uses the same site code, workstream name, and monthly ",no,unknown,no,no,,"No role-label or direct-answer cue was visible in the reviewed title, metadata, or excerpt.",local_pre_model_surface_review
uncued_018,neutral_metadata_visible,uncued_018_d02,Field Summary Memo,operations memo,2025-01-15,"A routing note for Northline service bay records when the Atlas valve checks packet was assembled. It gives chronology but not the final count. The note uses the same site code, workstream name, and monthly close date as the surrounding packet so that relation",no,unknown,no,no,,"No role-label or direct-answer cue was visible in the reviewed title, metadata, or excerpt.",local_pre_model_surface_review
uncued_018,neutral_metadata_hidden,uncued_018_d03,Document 1,document,2025-01-16,"A scheduling memo says the Atlas valve checks closeout was delayed by one day. It contains no total. The note uses the same site code, workstream name, and monthly close date as the surrounding packet so that relation checks depend on the stated values rather ",no,unknown,no,no,,"No role-label or direct-answer cue was visible in the reviewed title, metadata, or excerpt.",local_pre_model_surface_review
uncued_018,neutral_metadata_hidden,uncued_018_d02,Document 2,document,2025-01-15,"A routing note for Northline service bay records when the Atlas valve checks packet was assembled. It gives chronology but not the final count. The note uses the same site code, workstream name, and monthly close date as the surrounding packet so that relation",no,unknown,no,no,,"No role-label or direct-answer cue was visible in the reviewed title, metadata, or excerpt.",local_pre_model_surface_review
uncued_018,neutral_metadata_hidden,uncued_018_d01,Document 3,document,2025-01-14,"A short operations digest says the Atlas valve checks count reached 211 in March 2025. The digest cites no visible row beyond the packet references. The note uses the same site code, workstream name, and monthly close date as the surrounding packet so that rel",no,unknown,no,no,,"No role-label or direct-answer cue was visible in the reviewed title, metadata, or excerpt.",local_pre_model_surface_review
uncued_018,neutral_metadata_hidden,uncued_018_d04,Document 4,document,2025-01-13,"The month-close ledger for Northline service bay lists 184 completed checks for Atlas valve checks in March 2025. The row uses the same workstream name as the claim but a different count from 211. The note uses the same site code, workstream name, and monthly ",no,unknown,no,no,,"No role-label or direct-answer cue was visible in the reviewed title, metadata, or excerpt.",local_pre_model_surface_review
uncued_025,neutral_metadata_visible,uncued_025_d03,Service Ledger Extract,registry entry,2025-08-14,"A weekly digest repeats that Orion battery swaps reached 88 verified swaps in April 2025. The digest points to the same earlier bulletin used by another note in the packet. The note uses the same site code, workstream name, and monthly close date as the surrou",no,unknown,no,no,,"No role-label or direct-answer cue was visible in the reviewed title, metadata, or excerpt.",local_pre_model_surface_review
uncued_025,neutral_metadata_visible,uncued_025_d02,Operations Timeline Note,operations memo,2025-08-15,"A partner summary also gives 88 for Orion battery swaps in April 2025. Its visible citation points back to the weekly digest rather than to a separate count sheet. The note uses the same site code, workstream name, and monthly close date as the surrounding pac",no,unknown,no,no,,"No role-label or direct-answer cue was visible in the reviewed title, metadata, or excerpt.",local_pre_model_surface_review
uncued_025,neutral_metadata_visible,uncued_025_d04,Program Registry Entry,timeline note,2025-08-16,"A site memo for East Yard depot lists the workstream and month. It does not contain a final count. The note uses the same site code, workstream name, and monthly close date as the surrounding packet so that relation checks depend on the stated values rather th",no,unknown,no,no,,"No role-label or direct-answer cue was visible in the reviewed title, metadata, or excerpt.",local_pre_model_surface_review
uncued_025,neutral_metadata_visible,uncued_025_d01,Field Summary Memo,field note,2025-08-13,"The closing ledger for East Yard depot gives 63 verified swaps for Orion battery swaps in April 2025. The ledger row is the only visible row with a final count different from 88. The note uses the same site code, workstream name, and monthly close date as the ",no,unknown,no,no,,"No role-label or direct-answer cue was visible in the reviewed title, metadata, or excerpt.",local_pre_model_surface_review
uncued_025,neutral_metadata_hidden,uncued_025_d03,Document 1,document,2025-08-13,"The closing ledger for East Yard depot gives 63 verified swaps for Orion battery swaps in April 2025. The ledger row is the only visible row with a final count different from 88. The note uses the same site code, workstream name, and monthly close date as the ",no,unknown,no,no,,"No role-label or direct-answer cue was visible in the reviewed title, metadata, or excerpt.",local_pre_model_surface_review
uncued_025,neutral_metadata_hidden,uncued_025_d02,Document 2,document,2025-08-15,"A partner summary also gives 88 for Orion battery swaps in April 2025. Its visible citation points back to the weekly digest rather than to a separate count sheet. The note uses the same site code, workstream name, and monthly close date as the surrounding pac",no,unknown,no,no,,"No role-label or direct-answer cue was visible in the reviewed title, metadata, or excerpt.",local_pre_model_surface_review
uncued_025,neutral_metadata_hidden,uncued_025_d04,Document 3,document,2025-08-14,"A weekly digest repeats that Orion battery swaps reached 88 verified swaps in April 2025. The digest points to the same earlier bulletin used by another note in the packet. The note uses the same site code, workstream name, and monthly close date as the surrou",no,unknown,no,no,,"No role-label or direct-answer cue was visible in the reviewed title, metadata, or excerpt.",local_pre_model_surface_review
uncued_025,neutral_metadata_hidden,uncued_025_d01,Document 4,document,2025-08-16,"A site memo for East Yard depot lists the workstream and month. It does not contain a final count. The note uses the same site code, workstream name, and monthly close date as the surrounding packet so that relation checks depend on the stated values rather th",no,unknown,no,no,,"No role-label or direct-answer cue was visible in the reviewed title, metadata, or excerpt.",local_pre_model_surface_review
uncued_030,neutral_metadata_visible,uncued_030_d02,Service Ledger Extract,timeline note,2025-04-16,"A site memo for Northline service bay lists the workstream and month. It does not contain a final count. The note uses the same site code, workstream name, and monthly close date as the surrounding packet so that relation checks depend on the stated values rat",no,unknown,no,no,,"No role-label or direct-answer cue was visible in the reviewed title, metadata, or excerpt.",local_pre_model_surface_review
uncued_030,neutral_metadata_visible,uncued_030_d01,Operations Timeline Note,operations memo,2025-04-15,"A partner summary also gives 211 for Atlas valve checks in March 2025. Its visible citation points back to the weekly digest rather than to a separate count sheet. The note uses the same site code, workstream name, and monthly close date as the surrounding pac",no,unknown,no,no,,"No role-label or direct-answer cue was visible in the reviewed title, metadata, or excerpt.",local_pre_model_surface_review
uncued_030,neutral_metadata_visible,uncued_030_d03,Program Registry Entry,field note,2025-04-13,"The closing ledger for Northline service bay gives 184 completed checks for Atlas valve checks in March 2025. The ledger row is the only visible row with a final count different from 211. The note uses the same site code, workstream name, and monthly close dat",no,unknown,no,no,,"No role-label or direct-answer cue was visible in the reviewed title, metadata, or excerpt.",local_pre_model_surface_review
uncued_030,neutral_metadata_visible,uncued_030_d04,Field Summary Memo,registry entry,2025-04-14,"A weekly digest repeats that Atlas valve checks reached 211 completed checks in March 2025. The digest points to the same earlier bulletin used by another note in the packet. The note uses the same site code, workstream name, and monthly close date as the surr",no,unknown,no,no,,"No role-label or direct-answer cue was visible in the reviewed title, metadata, or excerpt.",local_pre_model_surface_review
uncued_030,neutral_metadata_hidden,uncued_030_d04,Document 1,document,2025-04-16,"A site memo for Northline service bay lists the workstream and month. It does not contain a final count. The note uses the same site code, workstream name, and monthly close date as the surrounding packet so that relation checks depend on the stated values rat",no,unknown,no,no,,"No role-label or direct-answer cue was visible in the reviewed title, metadata, or excerpt.",local_pre_model_surface_review
uncued_030,neutral_metadata_hidden,uncued_030_d02,Document 2,document,2025-04-13,"The closing ledger for Northline service bay gives 184 completed checks for Atlas valve checks in March 2025. The ledger row is the only visible row with a final count different from 211. The note uses the same site code, workstream name, and monthly close dat",no,unknown,no,no,,"No role-label or direct-answer cue was visible in the reviewed title, metadata, or excerpt.",local_pre_model_surface_review
uncued_030,neutral_metadata_hidden,uncued_030_d03,Document 3,document,2025-04-15,"A partner summary also gives 211 for Atlas valve checks in March 2025. Its visible citation points back to the weekly digest rather than to a separate count sheet. The note uses the same site code, workstream name, and monthly close date as the surrounding pac",no,unknown,no,no,,"No role-label or direct-answer cue was visible in the reviewed title, metadata, or excerpt.",local_pre_model_surface_review
uncued_030,neutral_metadata_hidden,uncued_030_d01,Document 4,document,2025-04-14,"A weekly digest repeats that Atlas valve checks reached 211 completed checks in March 2025. The digest points to the same earlier bulletin used by another note in the packet. The note uses the same site code, workstream name, and monthly close date as the surr",no,unknown,no,no,,"No role-label or direct-answer cue was visible in the reviewed title, metadata, or excerpt.",local_pre_model_surface_review
uncued_037,neutral_metadata_visible,uncued_037_d04,Service Ledger Extract,field note,2025-02-13,"A planning memo for Orion battery swaps describes the expected workload at East Yard depot. It was prepared before the monthly close and has no final number. The note uses the same site code, workstream name, and monthly close date as the surrounding packet so",no,unknown,no,no,,"No role-label or direct-answer cue was visible in the reviewed title, metadata, or excerpt.",local_pre_model_surface_review
uncued_037,neutral_metadata_visible,uncued_037_d03,Operations Timeline Note,operations memo,2025-02-15,"A handoff note names the workstream and site for April 2025. It contains no closing count. The note uses the same site code, workstream name, and monthly close date as the surrounding packet so that relation checks depend on the stated values rather than label",no,unknown,no,no,,"No role-label or direct-answer cue was visible in the reviewed title, metadata, or excerpt.",local_pre_model_surface_review
uncued_037,neutral_metadata_visible,uncued_037_d01,Program Registry Entry,registry entry,2025-02-14,"A digest estimates 88 verified swaps for Orion battery swaps in April 2025. The note is framed as a running estimate and points to the planning memo. The note uses the same site code, workstream name, and monthly close date as the surrounding packet so that re",no,unknown,no,no,,"No role-label or direct-answer cue was visible in the reviewed title, metadata, or excerpt.",local_pre_model_surface_review
uncued_037,neutral_metadata_visible,uncued_037_d02,Field Summary Memo,timeline note,2025-02-16,"The closeout ledger lists 63 verified swaps for Orion battery swaps in April 2025. The row appears after the planning notes and uses the final close date. The note uses the same site code, workstream name, and monthly close date as the surrounding packet so th",no,unknown,no,no,,"No role-label or direct-answer cue was visible in the reviewed title, metadata, or excerpt.",local_pre_model_surface_review
uncued_037,neutral_metadata_hidden,uncued_037_d04,Document 1,document,2025-02-15,"A handoff note names the workstream and site for April 2025. It contains no closing count. The note uses the same site code, workstream name, and monthly close date as the surrounding packet so that relation checks depend on the stated values rather than label",no,unknown,no,no,,"No role-label or direct-answer cue was visible in the reviewed title, metadata, or excerpt.",local_pre_model_surface_review
uncued_037,neutral_metadata_hidden,uncued_037_d03,Document 2,document,2025-02-13,"A planning memo for Orion battery swaps describes the expected workload at East Yard depot. It was prepared before the monthly close and has no final number. The note uses the same site code, workstream name, and monthly close date as the surrounding packet so",no,unknown,no,no,,"No role-label or direct-answer cue was visible in the reviewed title, metadata, or excerpt.",local_pre_model_surface_review
uncued_037,neutral_metadata_hidden,uncued_037_d02,Document 3,document,2025-02-16,"The closeout ledger lists 63 verified swaps for Orion battery swaps in April 2025. The row appears after the planning notes and uses the final close date. The note uses the same site code, workstream name, and monthly close date as the surrounding packet so th",no,unknown,no,no,,"No role-label or direct-answer cue was visible in the reviewed title, metadata, or excerpt.",local_pre_model_surface_review
uncued_037,neutral_metadata_hidden,uncued_037_d01,Document 4,document,2025-02-14,"A digest estimates 88 verified swaps for Orion battery swaps in April 2025. The note is framed as a running estimate and points to the planning memo. The note uses the same site code, workstream name, and monthly close date as the surrounding packet so that re",no,unknown,no,no,,"No role-label or direct-answer cue was visible in the reviewed title, metadata, or excerpt.",local_pre_model_surface_review
uncued_042,neutral_metadata_visible,uncued_042_d01,Service Ledger Extract,timeline note,2025-07-16,"The closeout ledger lists 184 completed checks for Atlas valve checks in March 2025. The row appears after the planning notes and uses the final close date. The note uses the same site code, workstream name, and monthly close date as the surrounding packet so ",no,unknown,no,no,,"No role-label or direct-answer cue was visible in the reviewed title, metadata, or excerpt.",local_pre_model_surface_review
uncued_042,neutral_metadata_visible,uncued_042_d02,Operations Timeline Note,operations memo,2025-07-15,"A handoff note names the workstream and site for March 2025. It contains no closing count. The note uses the same site code, workstream name, and monthly close date as the surrounding packet so that relation checks depend on the stated values rather than label",no,unknown,no,no,,"No role-label or direct-answer cue was visible in the reviewed title, metadata, or excerpt.",local_pre_model_surface_review
uncued_042,neutral_metadata_visible,uncued_042_d04,Program Registry Entry,field note,2025-07-13,"A planning memo for Atlas valve checks describes the expected workload at Northline service bay. It was prepared before the monthly close and has no final number. The note uses the same site code, workstream name, and monthly close date as the surrounding pack",no,unknown,no,no,,"No role-label or direct-answer cue was visible in the reviewed title, metadata, or excerpt.",local_pre_model_surface_review
uncued_042,neutral_metadata_visible,uncued_042_d03,Field Summary Memo,registry entry,2025-07-14,"A digest estimates 211 completed checks for Atlas valve checks in March 2025. The note is framed as a running estimate and points to the planning memo. The note uses the same site code, workstream name, and monthly close date as the surrounding packet so that ",no,unknown,no,no,,"No role-label or direct-answer cue was visible in the reviewed title, metadata, or excerpt.",local_pre_model_surface_review
uncued_042,neutral_metadata_hidden,uncued_042_d03,Document 1,document,2025-07-14,"A digest estimates 211 completed checks for Atlas valve checks in March 2025. The note is framed as a running estimate and points to the planning memo. The note uses the same site code, workstream name, and monthly close date as the surrounding packet so that ",no,unknown,no,no,,"No role-label or direct-answer cue was visible in the reviewed title, metadata, or excerpt.",local_pre_model_surface_review
uncued_042,neutral_metadata_hidden,uncued_042_d04,Document 2,document,2025-07-13,"A planning memo for Atlas valve checks describes the expected workload at Northline service bay. It was prepared before the monthly close and has no final number. The note uses the same site code, workstream name, and monthly close date as the surrounding pack",no,unknown,no,no,,"No role-label or direct-answer cue was visible in the reviewed title, metadata, or excerpt.",local_pre_model_surface_review
uncued_042,neutral_metadata_hidden,uncued_042_d02,Document 3,document,2025-07-16,"The closeout ledger lists 184 completed checks for Atlas valve checks in March 2025. The row appears after the planning notes and uses the final close date. The note uses the same site code, workstream name, and monthly close date as the surrounding packet so ",no,unknown,no,no,,"No role-label or direct-answer cue was visible in the reviewed title, metadata, or excerpt.",local_pre_model_surface_review
uncued_042,neutral_metadata_hidden,uncued_042_d01,Document 4,document,2025-07-15,"A handoff note names the workstream and site for March 2025. It contains no closing count. The note uses the same site code, workstream name, and monthly close date as the surrounding packet so that relation checks depend on the stated values rather than label",no,unknown,no,no,,"No role-label or direct-answer cue was visible in the reviewed title, metadata, or excerpt.",local_pre_model_surface_review
uncued_049,neutral_metadata_visible,uncued_049_d04,Service Ledger Extract,field note,2025-05-13,"A community roundup says the AuroraDock field upgrade toolkit appeared during April 2025. The item gives a program name and month but no linked operational record. The note uses the same site code, workstream name, and monthly close date as the surrounding pac",no,unknown,no,no,,"No role-label or direct-answer cue was visible in the reviewed title, metadata, or excerpt.",local_pre_model_surface_review
uncued_049,neutral_metadata_visible,uncued_049_d03,Operations Timeline Note,timeline note,2025-05-16,"A monthly index names the Orion battery swaps workstream and site. It lists regular service categories but no program launch entry. The note uses the same site code, workstream name, and monthly close date as the surrounding packet so that relation checks depe",no,unknown,no,no,,"No role-label or direct-answer cue was visible in the reviewed title, metadata, or excerpt.",local_pre_model_surface_review
uncued_049,neutral_metadata_visible,uncued_049_d02,Program Registry Entry,operations memo,2025-05-15,"A service planning memo for East Yard depot lists routine Orion battery swaps work in April 2025. It does not mention the AuroraDock field upgrade toolkit. The note uses the same site code, workstream name, and monthly close date as the surrounding packet so t",no,unknown,no,no,,"No role-label or direct-answer cue was visible in the reviewed title, metadata, or excerpt.",local_pre_model_surface_review
uncued_049,neutral_metadata_visible,uncued_049_d01,Field Summary Memo,registry entry,2025-05-14,"A partner recap repeats the AuroraDock field upgrade toolkit launch wording from the roundup. Its visible citation points to the roundup item. The note uses the same site code, workstream name, and monthly close date as the surrounding packet so that relation ",no,unknown,no,no,,"No role-label or direct-answer cue was visible in the reviewed title, metadata, or excerpt.",local_pre_model_surface_review
uncued_049,neutral_metadata_hidden,uncued_049_d04,Document 1,document,2025-05-15,"A service planning memo for East Yard depot lists routine Orion battery swaps work in April 2025. It does not mention the AuroraDock field upgrade toolkit. The note uses the same site code, workstream name, and monthly close date as the surrounding packet so t",no,unknown,no,no,,"No role-label or direct-answer cue was visible in the reviewed title, metadata, or excerpt.",local_pre_model_surface_review
uncued_049,neutral_metadata_hidden,uncued_049_d02,Document 2,document,2025-05-13,"A community roundup says the AuroraDock field upgrade toolkit appeared during April 2025. The item gives a program name and month but no linked operational record. The note uses the same site code, workstream name, and monthly close date as the surrounding pac",no,unknown,no,no,,"No role-label or direct-answer cue was visible in the reviewed title, metadata, or excerpt.",local_pre_model_surface_review
uncued_049,neutral_metadata_hidden,uncued_049_d03,Document 3,document,2025-05-16,"A monthly index names the Orion battery swaps workstream and site. It lists regular service categories but no program launch entry. The note uses the same site code, workstream name, and monthly close date as the surrounding packet so that relation checks depe",no,unknown,no,no,,"No role-label or direct-answer cue was visible in the reviewed title, metadata, or excerpt.",local_pre_model_surface_review
uncued_049,neutral_metadata_hidden,uncued_049_d01,Document 4,document,2025-05-14,"A partner recap repeats the AuroraDock field upgrade toolkit launch wording from the roundup. Its visible citation points to the roundup item. The note uses the same site code, workstream name, and monthly close date as the surrounding packet so that relation ",no,unknown,no,no,,"No role-label or direct-answer cue was visible in the reviewed title, metadata, or excerpt.",local_pre_model_surface_review
uncued_053,neutral_metadata_visible,uncued_053_d01,Service Ledger Extract,registry entry,2025-09-14,"A partner recap repeats the SolaceGrid repair exchange launch wording from the roundup. Its visible citation points to the roundup item. The note uses the same site code, workstream name, and monthly close date as the surrounding packet so that relation checks",no,unknown,no,no,,"No role-label or direct-answer cue was visible in the reviewed title, metadata, or excerpt.",local_pre_model_surface_review
uncued_053,neutral_metadata_visible,uncued_053_d04,Operations Timeline Note,field note,2025-09-13,"A community roundup says the SolaceGrid repair exchange appeared during August 2025. The item gives a program name and month but no linked operational record. The note uses the same site code, workstream name, and monthly close date as the surrounding packet s",no,unknown,no,no,,"No role-label or direct-answer cue was visible in the reviewed title, metadata, or excerpt.",local_pre_model_surface_review
uncued_053,neutral_metadata_visible,uncued_053_d03,Program Registry Entry,operations memo,2025-09-15,"A service planning memo for Ridgeway bench lists routine Kestrel firmware checks work in August 2025. It does not mention the SolaceGrid repair exchange. The note uses the same site code, workstream name, and monthly close date as the surrounding packet so tha",no,unknown,no,no,,"No role-label or direct-answer cue was visible in the reviewed title, metadata, or excerpt.",local_pre_model_surface_review
uncued_053,neutral_metadata_visible,uncued_053_d02,Field Summary Memo,timeline note,2025-09-16,"A monthly index names the Kestrel firmware checks workstream and site. It lists regular service categories but no program launch entry. The note uses the same site code, workstream name, and monthly close date as the surrounding packet so that relation checks ",no,unknown,no,no,,"No role-label or direct-answer cue was visible in the reviewed title, metadata, or excerpt.",local_pre_model_surface_review
uncued_053,neutral_metadata_hidden,uncued_053_d04,Document 1,document,2025-09-16,"A monthly index names the Kestrel firmware checks workstream and site. It lists regular service categories but no program launch entry. The note uses the same site code, workstream name, and monthly close date as the surrounding packet so that relation checks ",no,unknown,no,no,,"No role-label or direct-answer cue was visible in the reviewed title, metadata, or excerpt.",local_pre_model_surface_review
uncued_053,neutral_metadata_hidden,uncued_053_d01,Document 2,document,2025-09-15,"A service planning memo for Ridgeway bench lists routine Kestrel firmware checks work in August 2025. It does not mention the SolaceGrid repair exchange. The note uses the same site code, workstream name, and monthly close date as the surrounding packet so tha",no,unknown,no,no,,"No role-label or direct-answer cue was visible in the reviewed title, metadata, or excerpt.",local_pre_model_surface_review
uncued_053,neutral_metadata_hidden,uncued_053_d02,Document 3,document,2025-09-14,"A partner recap repeats the SolaceGrid repair exchange launch wording from the roundup. Its visible citation points to the roundup item. The note uses the same site code, workstream name, and monthly close date as the surrounding packet so that relation checks",no,unknown,no,no,,"No role-label or direct-answer cue was visible in the reviewed title, metadata, or excerpt.",local_pre_model_surface_review
uncued_053,neutral_metadata_hidden,uncued_053_d03,Document 4,document,2025-09-13,"A community roundup says the SolaceGrid repair exchange appeared during August 2025. The item gives a program name and month but no linked operational record. The note uses the same site code, workstream name, and monthly close date as the surrounding packet s",no,unknown,no,no,,"No role-label or direct-answer cue was visible in the reviewed title, metadata, or excerpt.",local_pre_model_surface_review
uncued_002,neutral_metadata_visible,uncued_002_d02,Service Ledger Extract,registry entry,2025-03-14,"A planning note for Mira sensor recalibrations describes the inspection route at Westhaven lab during May 2025. It gives staffing context and does not include a final monthly count. The note uses the same site code, workstream name, and monthly close date as t",no,unknown,no,no,,"No role-label or direct-answer cue was visible in the reviewed title, metadata, or excerpt.",local_pre_model_surface_review
uncued_002,neutral_metadata_visible,uncued_002_d04,Operations Timeline Note,timeline note,2025-03-16,"A routing note lists Westhaven lab as the site for the Mira sensor recalibrations workstream. The note does not provide a closing count. The note uses the same site code, workstream name, and monthly close date as the surrounding packet so that relation checks",no,unknown,no,no,,"No role-label or direct-answer cue was visible in the reviewed title, metadata, or excerpt.",local_pre_model_surface_review
uncued_002,neutral_metadata_visible,uncued_002_d03,Program Registry Entry,operations memo,2025-03-15,"A shift memo mentions that Mira sensor recalibrations work was concentrated in the final week of May 2025. It tracks handoff timing but not the final tally. The note uses the same site code, workstream name, and monthly close date as the surrounding packet so ",no,unknown,no,no,,"No role-label or direct-answer cue was visible in the reviewed title, metadata, or excerpt.",local_pre_model_surface_review
uncued_002,neutral_metadata_visible,uncued_002_d01,Field Summary Memo,field note,2025-03-13,"The monthly ledger for Westhaven lab lists 97 closed tickets for Mira sensor recalibrations in May 2025. The entry is dated after the close of the month and uses the same work order code as the question. The note uses the same site code, workstream name, and m",no,unknown,no,no,,"No role-label or direct-answer cue was visible in the reviewed title, metadata, or excerpt.",local_pre_model_surface_review
uncued_002,neutral_metadata_hidden,uncued_002_d04,Document 1,document,2025-03-16,"A routing note lists Westhaven lab as the site for the Mira sensor recalibrations workstream. The note does not provide a closing count. The note uses the same site code, workstream name, and monthly close date as the surrounding packet so that relation checks",no,unknown,no,no,,"No role-label or direct-answer cue was visible in the reviewed title, metadata, or excerpt.",local_pre_model_surface_review
uncued_002,neutral_metadata_hidden,uncued_002_d02,Document 2,document,2025-03-14,"A planning note for Mira sensor recalibrations describes the inspection route at Westhaven lab during May 2025. It gives staffing context and does not include a final monthly count. The note uses the same site code, workstream name, and monthly close date as t",no,unknown,no,no,,"No role-label or direct-answer cue was visible in the reviewed title, metadata, or excerpt.",local_pre_model_surface_review
uncued_002,neutral_metadata_hidden,uncued_002_d03,Document 3,document,2025-03-13,"The monthly ledger for Westhaven lab lists 97 closed tickets for Mira sensor recalibrations in May 2025. The entry is dated after the close of the month and uses the same work order code as the question. The note uses the same site code, workstream name, and m",no,unknown,no,no,,"No role-label or direct-answer cue was visible in the reviewed title, metadata, or excerpt.",local_pre_model_surface_review
uncued_002,neutral_metadata_hidden,uncued_002_d01,Document 4,document,2025-03-15,"A shift memo mentions that Mira sensor recalibrations work was concentrated in the final week of May 2025. It tracks handoff timing but not the final tally. The note uses the same site code, workstream name, and monthly close date as the surrounding packet so ",no,unknown,no,no,,"No role-label or direct-answer cue was visible in the reviewed title, metadata, or excerpt.",local_pre_model_surface_review
uncued_007,neutral_metadata_visible,uncued_007_d04,Service Ledger Extract,field note,2025-08-13,"The monthly ledger for East Yard depot lists 63 verified swaps for Orion battery swaps in April 2025. No line in the packet lists 88 for this workstream. The note uses the same site code, workstream name, and monthly close date as the surrounding packet so tha",no,unknown,no,no,,"No role-label or direct-answer cue was visible in the reviewed title, metadata, or excerpt.",local_pre_model_surface_review
uncued_007,neutral_metadata_visible,uncued_007_d02,Operations Timeline Note,timeline note,2025-08-16,"A brief memo says the closeout was filed after the last weekend of April 2025. It does not state a number. The note uses the same site code, workstream name, and monthly close date as the surrounding packet so that relation checks depend on the stated values r",no,unknown,no,no,,"No role-label or direct-answer cue was visible in the reviewed title, metadata, or excerpt.",local_pre_model_surface_review
uncued_007,neutral_metadata_visible,uncued_007_d03,Program Registry Entry,registry entry,2025-08-14,"A staffing note for Orion battery swaps names the same site and month. It does not report the closing count. The note uses the same site code, workstream name, and monthly close date as the surrounding packet so that relation checks depend on the stated values",no,unknown,no,no,,"No role-label or direct-answer cue was visible in the reviewed title, metadata, or excerpt.",local_pre_model_surface_review
uncued_007,neutral_metadata_visible,uncued_007_d01,Field Summary Memo,operations memo,2025-08-15,"A routing note gives the work order code for Orion battery swaps. It omits the final count. The note uses the same site code, workstream name, and monthly close date as the surrounding packet so that relation checks depend on the stated values rather than labe",no,unknown,no,no,,"No role-label or direct-answer cue was visible in the reviewed title, metadata, or excerpt.",local_pre_model_surface_review
uncued_007,neutral_metadata_hidden,uncued_007_d03,Document 1,document,2025-08-15,"A routing note gives the work order code for Orion battery swaps. It omits the final count. The note uses the same site code, workstream name, and monthly close date as the surrounding packet so that relation checks depend on the stated values rather than labe",no,unknown,no,no,,"No role-label or direct-answer cue was visible in the reviewed title, metadata, or excerpt.",local_pre_model_surface_review
uncued_007,neutral_metadata_hidden,uncued_007_d04,Document 2,document,2025-08-13,"The monthly ledger for East Yard depot lists 63 verified swaps for Orion battery swaps in April 2025. No line in the packet lists 88 for this workstream. The note uses the same site code, workstream name, and monthly close date as the surrounding packet so tha",no,unknown,no,no,,"No role-label or direct-answer cue was visible in the reviewed title, metadata, or excerpt.",local_pre_model_surface_review
uncued_007,neutral_metadata_hidden,uncued_007_d01,Document 3,document,2025-08-16,"A brief memo says the closeout was filed after the last weekend of April 2025. It does not state a number. The note uses the same site code, workstream name, and monthly close date as the surrounding packet so that relation checks depend on the stated values r",no,unknown,no,no,,"No role-label or direct-answer cue was visible in the reviewed title, metadata, or excerpt.",local_pre_model_surface_review
uncued_007,neutral_metadata_hidden,uncued_007_d02,Document 4,document,2025-08-14,"A staffing note for Orion battery swaps names the same site and month. It does not report the closing count. The note uses the same site code, workstream name, and monthly close date as the surrounding packet so that relation checks depend on the stated values",no,unknown,no,no,,"No role-label or direct-answer cue was visible in the reviewed title, metadata, or excerpt.",local_pre_model_surface_review
uncued_014,neutral_metadata_visible,uncued_014_d01,Service Ledger Extract,registry entry,2025-06-14,"A short operations digest says the Mira sensor recalibrations count reached 124 in May 2025. The digest cites no visible row beyond the packet references. The note uses the same site code, workstream name, and monthly close date as the surrounding packet so th",no,unknown,no,no,,"No role-label or direct-answer cue was visible in the reviewed title, metadata, or excerpt.",local_pre_model_surface_review
uncued_014,neutral_metadata_visible,uncued_014_d04,Operations Timeline Note,operations memo,2025-06-15,"A routing note for Westhaven lab records when the Mira sensor recalibrations packet was assembled. It gives chronology but not the final count. The note uses the same site code, workstream name, and monthly close date as the surrounding packet so that relation",no,unknown,no,no,,"No role-label or direct-answer cue was visible in the reviewed title, metadata, or excerpt.",local_pre_model_surface_review
uncued_014,neutral_metadata_visible,uncued_014_d02,Program Registry Entry,timeline note,2025-06-16,"A scheduling memo says the Mira sensor recalibrations closeout was delayed by one day. It contains no total. The note uses the same site code, workstream name, and monthly close date as the surrounding packet so that relation checks depend on the stated values",no,unknown,no,no,,"No role-label or direct-answer cue was visible in the reviewed title, metadata, or excerpt.",local_pre_model_surface_review
uncued_014,neutral_metadata_visible,uncued_014_d03,Field Summary Memo,field note,2025-06-13,"The month-close ledger for Westhaven lab lists 97 closed tickets for Mira sensor recalibrations in May 2025. The row uses the same workstream name as the claim but a different count from 124. The note uses the same site code, workstream name, and monthly close",no,unknown,no,no,,"No role-label or direct-answer cue was visible in the reviewed title, metadata, or excerpt.",local_pre_model_surface_review
uncued_014,neutral_metadata_hidden,uncued_014_d02,Document 1,document,2025-06-14,"A short operations digest says the Mira sensor recalibrations count reached 124 in May 2025. The digest cites no visible row beyond the packet references. The note uses the same site code, workstream name, and monthly close date as the surrounding packet so th",no,unknown,no,no,,"No role-label or direct-answer cue was visible in the reviewed title, metadata, or excerpt.",local_pre_model_surface_review
uncued_014,neutral_metadata_hidden,uncued_014_d04,Document 2,document,2025-06-15,"A routing note for Westhaven lab records when the Mira sensor recalibrations packet was assembled. It gives chronology but not the final count. The note uses the same site code, workstream name, and monthly close date as the surrounding packet so that relation",no,unknown,no,no,,"No role-label or direct-answer cue was visible in the reviewed title, metadata, or excerpt.",local_pre_model_surface_review
uncued_014,neutral_metadata_hidden,uncued_014_d03,Document 3,document,2025-06-13,"The month-close ledger for Westhaven lab lists 97 closed tickets for Mira sensor recalibrations in May 2025. The row uses the same workstream name as the claim but a different count from 124. The note uses the same site code, workstream name, and monthly close",no,unknown,no,no,,"No role-label or direct-answer cue was visible in the reviewed title, metadata, or excerpt.",local_pre_model_surface_review
uncued_014,neutral_metadata_hidden,uncued_014_d01,Document 4,document,2025-06-16,"A scheduling memo says the Mira sensor recalibrations closeout was delayed by one day. It contains no total. The note uses the same site code, workstream name, and monthly close date as the surrounding packet so that relation checks depend on the stated values",no,unknown,no,no,,"No role-label or direct-answer cue was visible in the reviewed title, metadata, or excerpt.",local_pre_model_surface_review
uncued_019,neutral_metadata_visible,uncued_019_d01,Service Ledger Extract,registry entry,2025-02-14,"A short operations digest says the Orion battery swaps count reached 88 in April 2025. The digest cites no visible row beyond the packet references. The note uses the same site code, workstream name, and monthly close date as the surrounding packet so that rel",no,unknown,no,no,,"No role-label or direct-answer cue was visible in the reviewed title, metadata, or excerpt.",local_pre_model_surface_review
uncued_019,neutral_metadata_visible,uncued_019_d03,Operations Timeline Note,timeline note,2025-02-16,"A scheduling memo says the Orion battery swaps closeout was delayed by one day. It contains no total. The note uses the same site code, workstream name, and monthly close date as the surrounding packet so that relation checks depend on the stated values rather",no,unknown,no,no,,"No role-label or direct-answer cue was visible in the reviewed title, metadata, or excerpt.",local_pre_model_surface_review
uncued_019,neutral_metadata_visible,uncued_019_d02,Program Registry Entry,operations memo,2025-02-15,"A routing note for East Yard depot records when the Orion battery swaps packet was assembled. It gives chronology but not the final count. The note uses the same site code, workstream name, and monthly close date as the surrounding packet so that relation chec",no,unknown,no,no,,"No role-label or direct-answer cue was visible in the reviewed title, metadata, or excerpt.",local_pre_model_surface_review
uncued_019,neutral_metadata_visible,uncued_019_d04,Field Summary Memo,field note,2025-02-13,"The month-close ledger for East Yard depot lists 63 verified swaps for Orion battery swaps in April 2025. The row uses the same workstream name as the claim but a different count from 88. The note uses the same site code, workstream name, and monthly close dat",no,unknown,no,no,,"No role-label or direct-answer cue was visible in the reviewed title, metadata, or excerpt.",local_pre_model_surface_review
uncued_019,neutral_metadata_hidden,uncued_019_d04,Document 1,document,2025-02-16,"A scheduling memo says the Orion battery swaps closeout was delayed by one day. It contains no total. The note uses the same site code, workstream name, and monthly close date as the surrounding packet so that relation checks depend on the stated values rather",no,unknown,no,no,,"No role-label or direct-answer cue was visible in the reviewed title, metadata, or excerpt.",local_pre_model_surface_review
uncued_019,neutral_metadata_hidden,uncued_019_d01,Document 2,document,2025-02-15,"A routing note for East Yard depot records when the Orion battery swaps packet was assembled. It gives chronology but not the final count. The note uses the same site code, workstream name, and monthly close date as the surrounding packet so that relation chec",no,unknown,no,no,,"No role-label or direct-answer cue was visible in the reviewed title, metadata, or excerpt.",local_pre_model_surface_review
uncued_019,neutral_metadata_hidden,uncued_019_d02,Document 3,document,2025-02-13,"The month-close ledger for East Yard depot lists 63 verified swaps for Orion battery swaps in April 2025. The row uses the same workstream name as the claim but a different count from 88. The note uses the same site code, workstream name, and monthly close dat",no,unknown,no,no,,"No role-label or direct-answer cue was visible in the reviewed title, metadata, or excerpt.",local_pre_model_surface_review
uncued_019,neutral_metadata_hidden,uncued_019_d03,Document 4,document,2025-02-14,"A short operations digest says the Orion battery swaps count reached 88 in April 2025. The digest cites no visible row beyond the packet references. The note uses the same site code, workstream name, and monthly close date as the surrounding packet so that rel",no,unknown,no,no,,"No role-label or direct-answer cue was visible in the reviewed title, metadata, or excerpt.",local_pre_model_surface_review
uncued_026,neutral_metadata_visible,uncued_026_d02,Service Ledger Extract,field note,2025-09-13,"The closing ledger for Westhaven lab gives 97 closed tickets for Mira sensor recalibrations in May 2025. The ledger row is the only visible row with a final count different from 124. The note uses the same site code, workstream name, and monthly close date as ",no,unknown,no,no,,"No role-label or direct-answer cue was visible in the reviewed title, metadata, or excerpt.",local_pre_model_surface_review
uncued_026,neutral_metadata_visible,uncued_026_d01,Operations Timeline Note,timeline note,2025-09-16,"A site memo for Westhaven lab lists the workstream and month. It does not contain a final count. The note uses the same site code, workstream name, and monthly close date as the surrounding packet so that relation checks depend on the stated values rather than",no,unknown,no,no,,"No role-label or direct-answer cue was visible in the reviewed title, metadata, or excerpt.",local_pre_model_surface_review
uncued_026,neutral_metadata_visible,uncued_026_d03,Program Registry Entry,registry entry,2025-09-14,"A weekly digest repeats that Mira sensor recalibrations reached 124 closed tickets in May 2025. The digest points to the same earlier bulletin used by another note in the packet. The note uses the same site code, workstream name, and monthly close date as the ",no,unknown,no,no,,"No role-label or direct-answer cue was visible in the reviewed title, metadata, or excerpt.",local_pre_model_surface_review
uncued_026,neutral_metadata_visible,uncued_026_d04,Field Summary Memo,operations memo,2025-09-15,"A partner summary also gives 124 for Mira sensor recalibrations in May 2025. Its visible citation points back to the weekly digest rather than to a separate count sheet. The note uses the same site code, workstream name, and monthly close date as the surroundi",no,unknown,no,no,,"No role-label or direct-answer cue was visible in the reviewed title, metadata, or excerpt.",local_pre_model_surface_review
uncued_026,neutral_metadata_hidden,uncued_026_d01,Document 1,document,2025-09-15,"A partner summary also gives 124 for Mira sensor recalibrations in May 2025. Its visible citation points back to the weekly digest rather than to a separate count sheet. The note uses the same site code, workstream name, and monthly close date as the surroundi",no,unknown,no,no,,"No role-label or direct-answer cue was visible in the reviewed title, metadata, or excerpt.",local_pre_model_surface_review
uncued_026,neutral_metadata_hidden,uncued_026_d03,Document 2,document,2025-09-16,"A site memo for Westhaven lab lists the workstream and month. It does not contain a final count. The note uses the same site code, workstream name, and monthly close date as the surrounding packet so that relation checks depend on the stated values rather than",no,unknown,no,no,,"No role-label or direct-answer cue was visible in the reviewed title, metadata, or excerpt.",local_pre_model_surface_review
uncued_026,neutral_metadata_hidden,uncued_026_d02,Document 3,document,2025-09-13,"The closing ledger for Westhaven lab gives 97 closed tickets for Mira sensor recalibrations in May 2025. The ledger row is the only visible row with a final count different from 124. The note uses the same site code, workstream name, and monthly close date as ",no,unknown,no,no,,"No role-label or direct-answer cue was visible in the reviewed title, metadata, or excerpt.",local_pre_model_surface_review
uncued_026,neutral_metadata_hidden,uncued_026_d04,Document 4,document,2025-09-14,"A weekly digest repeats that Mira sensor recalibrations reached 124 closed tickets in May 2025. The digest points to the same earlier bulletin used by another note in the packet. The note uses the same site code, workstream name, and monthly close date as the ",no,unknown,no,no,,"No role-label or direct-answer cue was visible in the reviewed title, metadata, or excerpt.",local_pre_model_surface_review
uncued_031,neutral_metadata_visible,uncued_031_d01,Service Ledger Extract,timeline note,2025-05-16,"A site memo for East Yard depot lists the workstream and month. It does not contain a final count. The note uses the same site code, workstream name, and monthly close date as the surrounding packet so that relation checks depend on the stated values rather th",no,unknown,no,no,,"No role-label or direct-answer cue was visible in the reviewed title, metadata, or excerpt.",local_pre_model_surface_review
uncued_031,neutral_metadata_visible,uncued_031_d03,Operations Timeline Note,operations memo,2025-05-15,"A partner summary also gives 88 for Orion battery swaps in April 2025. Its visible citation points back to the weekly digest rather than to a separate count sheet. The note uses the same site code, workstream name, and monthly close date as the surrounding pac",no,unknown,no,no,,"No role-label or direct-answer cue was visible in the reviewed title, metadata, or excerpt.",local_pre_model_surface_review
uncued_031,neutral_metadata_visible,uncued_031_d04,Program Registry Entry,field note,2025-05-13,"The closing ledger for East Yard depot gives 63 verified swaps for Orion battery swaps in April 2025. The ledger row is the only visible row with a final count different from 88. The note uses the same site code, workstream name, and monthly close date as the ",no,unknown,no,no,,"No role-label or direct-answer cue was visible in the reviewed title, metadata, or excerpt.",local_pre_model_surface_review
uncued_031,neutral_metadata_visible,uncued_031_d02,Field Summary Memo,registry entry,2025-05-14,"A weekly digest repeats that Orion battery swaps reached 88 verified swaps in April 2025. The digest points to the same earlier bulletin used by another note in the packet. The note uses the same site code, workstream name, and monthly close date as the surrou",no,unknown,no,no,,"No role-label or direct-answer cue was visible in the reviewed title, metadata, or excerpt.",local_pre_model_surface_review
uncued_031,neutral_metadata_hidden,uncued_031_d03,Document 1,document,2025-05-16,"A site memo for East Yard depot lists the workstream and month. It does not contain a final count. The note uses the same site code, workstream name, and monthly close date as the surrounding packet so that relation checks depend on the stated values rather th",no,unknown,no,no,,"No role-label or direct-answer cue was visible in the reviewed title, metadata, or excerpt.",local_pre_model_surface_review
uncued_031,neutral_metadata_hidden,uncued_031_d04,Document 2,document,2025-05-13,"The closing ledger for East Yard depot gives 63 verified swaps for Orion battery swaps in April 2025. The ledger row is the only visible row with a final count different from 88. The note uses the same site code, workstream name, and monthly close date as the ",no,unknown,no,no,,"No role-label or direct-answer cue was visible in the reviewed title, metadata, or excerpt.",local_pre_model_surface_review
uncued_031,neutral_metadata_hidden,uncued_031_d02,Document 3,document,2025-05-14,"A weekly digest repeats that Orion battery swaps reached 88 verified swaps in April 2025. The digest points to the same earlier bulletin used by another note in the packet. The note uses the same site code, workstream name, and monthly close date as the surrou",no,unknown,no,no,,"No role-label or direct-answer cue was visible in the reviewed title, metadata, or excerpt.",local_pre_model_surface_review
uncued_031,neutral_metadata_hidden,uncued_031_d01,Document 4,document,2025-05-15,"A partner summary also gives 88 for Orion battery swaps in April 2025. Its visible citation points back to the weekly digest rather than to a separate count sheet. The note uses the same site code, workstream name, and monthly close date as the surrounding pac",no,unknown,no,no,,"No role-label or direct-answer cue was visible in the reviewed title, metadata, or excerpt.",local_pre_model_surface_review
uncued_038,neutral_metadata_visible,uncued_038_d01,Service Ledger Extract,field note,2025-03-13,"A planning memo for Mira sensor recalibrations describes the expected workload at Westhaven lab. It was prepared before the monthly close and has no final number. The note uses the same site code, workstream name, and monthly close date as the surrounding pack",no,unknown,no,no,,"No role-label or direct-answer cue was visible in the reviewed title, metadata, or excerpt.",local_pre_model_surface_review
uncued_038,neutral_metadata_visible,uncued_038_d02,Operations Timeline Note,operations memo,2025-03-15,"A handoff note names the workstream and site for May 2025. It contains no closing count. The note uses the same site code, workstream name, and monthly close date as the surrounding packet so that relation checks depend on the stated values rather than labels.",no,unknown,no,no,,"No role-label or direct-answer cue was visible in the reviewed title, metadata, or excerpt.",local_pre_model_surface_review
uncued_038,neutral_metadata_visible,uncued_038_d04,Program Registry Entry,timeline note,2025-03-16,"The closeout ledger lists 97 closed tickets for Mira sensor recalibrations in May 2025. The row appears after the planning notes and uses the final close date. The note uses the same site code, workstream name, and monthly close date as the surrounding packet ",no,unknown,no,no,,"No role-label or direct-answer cue was visible in the reviewed title, metadata, or excerpt.",local_pre_model_surface_review
uncued_038,neutral_metadata_visible,uncued_038_d03,Field Summary Memo,registry entry,2025-03-14,"A digest estimates 124 closed tickets for Mira sensor recalibrations in May 2025. The note is framed as a running estimate and points to the planning memo. The note uses the same site code, workstream name, and monthly close date as the surrounding packet so t",no,unknown,no,no,,"No role-label or direct-answer cue was visible in the reviewed title, metadata, or excerpt.",local_pre_model_surface_review
uncued_038,neutral_metadata_hidden,uncued_038_d01,Document 1,document,2025-03-13,"A planning memo for Mira sensor recalibrations describes the expected workload at Westhaven lab. It was prepared before the monthly close and has no final number. The note uses the same site code, workstream name, and monthly close date as the surrounding pack",no,unknown,no,no,,"No role-label or direct-answer cue was visible in the reviewed title, metadata, or excerpt.",local_pre_model_surface_review
uncued_038,neutral_metadata_hidden,uncued_038_d02,Document 2,document,2025-03-14,"A digest estimates 124 closed tickets for Mira sensor recalibrations in May 2025. The note is framed as a running estimate and points to the planning memo. The note uses the same site code, workstream name, and monthly close date as the surrounding packet so t",no,unknown,no,no,,"No role-label or direct-answer cue was visible in the reviewed title, metadata, or excerpt.",local_pre_model_surface_review
uncued_038,neutral_metadata_hidden,uncued_038_d03,Document 3,document,2025-03-16,"The closeout ledger lists 97 closed tickets for Mira sensor recalibrations in May 2025. The row appears after the planning notes and uses the final close date. The note uses the same site code, workstream name, and monthly close date as the surrounding packet ",no,unknown,no,no,,"No role-label or direct-answer cue was visible in the reviewed title, metadata, or excerpt.",local_pre_model_surface_review
uncued_038,neutral_metadata_hidden,uncued_038_d04,Document 4,document,2025-03-15,"A handoff note names the workstream and site for May 2025. It contains no closing count. The note uses the same site code, workstream name, and monthly close date as the surrounding packet so that relation checks depend on the stated values rather than labels.",no,unknown,no,no,,"No role-label or direct-answer cue was visible in the reviewed title, metadata, or excerpt.",local_pre_model_surface_review
uncued_043,neutral_metadata_visible,uncued_043_d01,Service Ledger Extract,registry entry,2025-08-14,"A digest estimates 88 verified swaps for Orion battery swaps in April 2025. The note is framed as a running estimate and points to the planning memo. The note uses the same site code, workstream name, and monthly close date as the surrounding packet so that re",no,unknown,no,no,,"No role-label or direct-answer cue was visible in the reviewed title, metadata, or excerpt.",local_pre_model_surface_review
uncued_043,neutral_metadata_visible,uncued_043_d03,Operations Timeline Note,timeline note,2025-08-16,"The closeout ledger lists 63 verified swaps for Orion battery swaps in April 2025. The row appears after the planning notes and uses the final close date. The note uses the same site code, workstream name, and monthly close date as the surrounding packet so th",no,unknown,no,no,,"No role-label or direct-answer cue was visible in the reviewed title, metadata, or excerpt.",local_pre_model_surface_review
uncued_043,neutral_metadata_visible,uncued_043_d02,Program Registry Entry,field note,2025-08-13,"A planning memo for Orion battery swaps describes the expected workload at East Yard depot. It was prepared before the monthly close and has no final number. The note uses the same site code, workstream name, and monthly close date as the surrounding packet so",no,unknown,no,no,,"No role-label or direct-answer cue was visible in the reviewed title, metadata, or excerpt.",local_pre_model_surface_review
uncued_043,neutral_metadata_visible,uncued_043_d04,Field Summary Memo,operations memo,2025-08-15,"A handoff note names the workstream and site for April 2025. It contains no closing count. The note uses the same site code, workstream name, and monthly close date as the surrounding packet so that relation checks depend on the stated values rather than label",no,unknown,no,no,,"No role-label or direct-answer cue was visible in the reviewed title, metadata, or excerpt.",local_pre_model_surface_review
uncued_043,neutral_metadata_hidden,uncued_043_d02,Document 1,document,2025-08-13,"A planning memo for Orion battery swaps describes the expected workload at East Yard depot. It was prepared before the monthly close and has no final number. The note uses the same site code, workstream name, and monthly close date as the surrounding packet so",no,unknown,no,no,,"No role-label or direct-answer cue was visible in the reviewed title, metadata, or excerpt.",local_pre_model_surface_review
uncued_043,neutral_metadata_hidden,uncued_043_d03,Document 2,document,2025-08-14,"A digest estimates 88 verified swaps for Orion battery swaps in April 2025. The note is framed as a running estimate and points to the planning memo. The note uses the same site code, workstream name, and monthly close date as the surrounding packet so that re",no,unknown,no,no,,"No role-label or direct-answer cue was visible in the reviewed title, metadata, or excerpt.",local_pre_model_surface_review
uncued_043,neutral_metadata_hidden,uncued_043_d04,Document 3,document,2025-08-15,"A handoff note names the workstream and site for April 2025. It contains no closing count. The note uses the same site code, workstream name, and monthly close date as the surrounding packet so that relation checks depend on the stated values rather than label",no,unknown,no,no,,"No role-label or direct-answer cue was visible in the reviewed title, metadata, or excerpt.",local_pre_model_surface_review
uncued_043,neutral_metadata_hidden,uncued_043_d01,Document 4,document,2025-08-16,"The closeout ledger lists 63 verified swaps for Orion battery swaps in April 2025. The row appears after the planning notes and uses the final close date. The note uses the same site code, workstream name, and monthly close date as the surrounding packet so th",no,unknown,no,no,,"No role-label or direct-answer cue was visible in the reviewed title, metadata, or excerpt.",local_pre_model_surface_review
uncued_050,neutral_metadata_visible,uncued_050_d03,Service Ledger Extract,timeline note,2025-06-16,"A monthly index names the Mira sensor recalibrations workstream and site. It lists regular service categories but no program launch entry. The note uses the same site code, workstream name, and monthly close date as the surrounding packet so that relation chec",no,unknown,no,no,,"No role-label or direct-answer cue was visible in the reviewed title, metadata, or excerpt.",local_pre_model_surface_review
uncued_050,neutral_metadata_visible,uncued_050_d02,Operations Timeline Note,registry entry,2025-06-14,"A partner recap repeats the Meridian Shield recall board launch wording from the roundup. Its visible citation points to the roundup item. The note uses the same site code, workstream name, and monthly close date as the surrounding packet so that relation chec",no,unknown,no,no,,"No role-label or direct-answer cue was visible in the reviewed title, metadata, or excerpt.",local_pre_model_surface_review
uncued_050,neutral_metadata_visible,uncued_050_d01,Program Registry Entry,operations memo,2025-06-15,"A service planning memo for Westhaven lab lists routine Mira sensor recalibrations work in May 2025. It does not mention the Meridian Shield recall board. The note uses the same site code, workstream name, and monthly close date as the surrounding packet so th",no,unknown,no,no,,"No role-label or direct-answer cue was visible in the reviewed title, metadata, or excerpt.",local_pre_model_surface_review
uncued_050,neutral_metadata_visible,uncued_050_d04,Field Summary Memo,field note,2025-06-13,"A community roundup says the Meridian Shield recall board appeared during May 2025. The item gives a program name and month but no linked operational record. The note uses the same site code, workstream name, and monthly close date as the surrounding packet so",no,unknown,no,no,,"No role-label or direct-answer cue was visible in the reviewed title, metadata, or excerpt.",local_pre_model_surface_review
uncued_050,neutral_metadata_hidden,uncued_050_d03,Document 1,document,2025-06-15,"A service planning memo for Westhaven lab lists routine Mira sensor recalibrations work in May 2025. It does not mention the Meridian Shield recall board. The note uses the same site code, workstream name, and monthly close date as the surrounding packet so th",no,unknown,no,no,,"No role-label or direct-answer cue was visible in the reviewed title, metadata, or excerpt.",local_pre_model_surface_review
uncued_050,neutral_metadata_hidden,uncued_050_d01,Document 2,document,2025-06-14,"A partner recap repeats the Meridian Shield recall board launch wording from the roundup. Its visible citation points to the roundup item. The note uses the same site code, workstream name, and monthly close date as the surrounding packet so that relation chec",no,unknown,no,no,,"No role-label or direct-answer cue was visible in the reviewed title, metadata, or excerpt.",local_pre_model_surface_review
uncued_050,neutral_metadata_hidden,uncued_050_d02,Document 3,document,2025-06-13,"A community roundup says the Meridian Shield recall board appeared during May 2025. The item gives a program name and month but no linked operational record. The note uses the same site code, workstream name, and monthly close date as the surrounding packet so",no,unknown,no,no,,"No role-label or direct-answer cue was visible in the reviewed title, metadata, or excerpt.",local_pre_model_surface_review
uncued_050,neutral_metadata_hidden,uncued_050_d04,Document 4,document,2025-06-16,"A monthly index names the Mira sensor recalibrations workstream and site. It lists regular service categories but no program launch entry. The note uses the same site code, workstream name, and monthly close date as the surrounding packet so that relation chec",no,unknown,no,no,,"No role-label or direct-answer cue was visible in the reviewed title, metadata, or excerpt.",local_pre_model_surface_review
uncued_054,neutral_metadata_visible,uncued_054_d03,Service Ledger Extract,registry entry,2025-01-14,"A partner recap repeats the HelioSplice partner repair program launch wording from the roundup. Its visible citation points to the roundup item. The note uses the same site code, workstream name, and monthly close date as the surrounding packet so that relatio",no,unknown,no,no,,"No role-label or direct-answer cue was visible in the reviewed title, metadata, or excerpt.",local_pre_model_surface_review
uncued_054,neutral_metadata_visible,uncued_054_d01,Operations Timeline Note,operations memo,2025-01-15,"A service planning memo for Northline service bay lists routine Atlas valve checks work in March 2025. It does not mention the HelioSplice partner repair program. The note uses the same site code, workstream name, and monthly close date as the surrounding pack",no,unknown,no,no,,"No role-label or direct-answer cue was visible in the reviewed title, metadata, or excerpt.",local_pre_model_surface_review
uncued_054,neutral_metadata_visible,uncued_054_d04,Program Registry Entry,field note,2025-01-13,"A community roundup says the HelioSplice partner repair program appeared during March 2025. The item gives a program name and month but no linked operational record. The note uses the same site code, workstream name, and monthly close date as the surrounding p",no,unknown,no,no,,"No role-label or direct-answer cue was visible in the reviewed title, metadata, or excerpt.",local_pre_model_surface_review
uncued_054,neutral_metadata_visible,uncued_054_d02,Field Summary Memo,timeline note,2025-01-16,"A monthly index names the Atlas valve checks workstream and site. It lists regular service categories but no program launch entry. The note uses the same site code, workstream name, and monthly close date as the surrounding packet so that relation checks depen",no,unknown,no,no,,"No role-label or direct-answer cue was visible in the reviewed title, metadata, or excerpt.",local_pre_model_surface_review
uncued_054,neutral_metadata_hidden,uncued_054_d04,Document 1,document,2025-01-14,"A partner recap repeats the HelioSplice partner repair program launch wording from the roundup. Its visible citation points to the roundup item. The note uses the same site code, workstream name, and monthly close date as the surrounding packet so that relatio",no,unknown,no,no,,"No role-label or direct-answer cue was visible in the reviewed title, metadata, or excerpt.",local_pre_model_surface_review
uncued_054,neutral_metadata_hidden,uncued_054_d03,Document 2,document,2025-01-15,"A service planning memo for Northline service bay lists routine Atlas valve checks work in March 2025. It does not mention the HelioSplice partner repair program. The note uses the same site code, workstream name, and monthly close date as the surrounding pack",no,unknown,no,no,,"No role-label or direct-answer cue was visible in the reviewed title, metadata, or excerpt.",local_pre_model_surface_review
uncued_054,neutral_metadata_hidden,uncued_054_d02,Document 3,document,2025-01-13,"A community roundup says the HelioSplice partner repair program appeared during March 2025. The item gives a program name and month but no linked operational record. The note uses the same site code, workstream name, and monthly close date as the surrounding p",no,unknown,no,no,,"No role-label or direct-answer cue was visible in the reviewed title, metadata, or excerpt.",local_pre_model_surface_review
uncued_054,neutral_metadata_hidden,uncued_054_d01,Document 4,document,2025-01-16,"A monthly index names the Atlas valve checks workstream and site. It lists regular service categories but no program launch entry. The note uses the same site code, workstream name, and monthly close date as the surrounding packet so that relation checks depen",no,unknown,no,no,,"No role-label or direct-answer cue was visible in the reviewed title, metadata, or excerpt.",local_pre_model_surface_review
uncued_003,neutral_metadata_visible,uncued_003_d03,Service Ledger Extract,field note,2025-04-13,"The monthly ledger for South Gate workshop lists 42 accepted inspections for Vega rail inspections in June 2025. No line in the packet lists 57 for this workstream. The note uses the same site code, workstream name, and monthly close date as the surrounding pa",no,unknown,no,no,,"No role-label or direct-answer cue was visible in the reviewed title, metadata, or excerpt.",local_pre_model_surface_review
uncued_003,neutral_metadata_visible,uncued_003_d04,Operations Timeline Note,operations memo,2025-04-15,"A routing note gives the work order code for Vega rail inspections. It omits the final count. The note uses the same site code, workstream name, and monthly close date as the surrounding packet so that relation checks depend on the stated values rather than la",no,unknown,no,no,,"No role-label or direct-answer cue was visible in the reviewed title, metadata, or excerpt.",local_pre_model_surface_review
uncued_003,neutral_metadata_visible,uncued_003_d01,Program Registry Entry,timeline note,2025-04-16,"A brief memo says the closeout was filed after the last weekend of June 2025. It does not state a number. The note uses the same site code, workstream name, and monthly close date as the surrounding packet so that relation checks depend on the stated values ra",no,unknown,no,no,,"No role-label or direct-answer cue was visible in the reviewed title, metadata, or excerpt.",local_pre_model_surface_review
uncued_003,neutral_metadata_visible,uncued_003_d02,Field Summary Memo,registry entry,2025-04-14,"A staffing note for Vega rail inspections names the same site and month. It does not report the closing count. The note uses the same site code, workstream name, and monthly close date as the surrounding packet so that relation checks depend on the stated valu",no,unknown,no,no,,"No role-label or direct-answer cue was visible in the reviewed title, metadata, or excerpt.",local_pre_model_surface_review
uncued_003,neutral_metadata_hidden,uncued_003_d03,Document 1,document,2025-04-14,"A staffing note for Vega rail inspections names the same site and month. It does not report the closing count. The note uses the same site code, workstream name, and monthly close date as the surrounding packet so that relation checks depend on the stated valu",no,unknown,no,no,,"No role-label or direct-answer cue was visible in the reviewed title, metadata, or excerpt.",local_pre_model_surface_review
uncued_003,neutral_metadata_hidden,uncued_003_d02,Document 2,document,2025-04-15,"A routing note gives the work order code for Vega rail inspections. It omits the final count. The note uses the same site code, workstream name, and monthly close date as the surrounding packet so that relation checks depend on the stated values rather than la",no,unknown,no,no,,"No role-label or direct-answer cue was visible in the reviewed title, metadata, or excerpt.",local_pre_model_surface_review
uncued_003,neutral_metadata_hidden,uncued_003_d04,Document 3,document,2025-04-16,"A brief memo says the closeout was filed after the last weekend of June 2025. It does not state a number. The note uses the same site code, workstream name, and monthly close date as the surrounding packet so that relation checks depend on the stated values ra",no,unknown,no,no,,"No role-label or direct-answer cue was visible in the reviewed title, metadata, or excerpt.",local_pre_model_surface_review
uncued_003,neutral_metadata_hidden,uncued_003_d01,Document 4,document,2025-04-13,"The monthly ledger for South Gate workshop lists 42 accepted inspections for Vega rail inspections in June 2025. No line in the packet lists 57 for this workstream. The note uses the same site code, workstream name, and monthly close date as the surrounding pa",no,unknown,no,no,,"No role-label or direct-answer cue was visible in the reviewed title, metadata, or excerpt.",local_pre_model_surface_review
uncued_008,neutral_metadata_visible,uncued_008_d01,Service Ledger Extract,registry entry,2025-09-14,"A planning note for Mira sensor recalibrations describes the inspection route at Westhaven lab during May 2025. It gives staffing context and does not include a final monthly count. The note uses the same site code, workstream name, and monthly close date as t",no,unknown,no,no,,"No role-label or direct-answer cue was visible in the reviewed title, metadata, or excerpt.",local_pre_model_surface_review
uncued_008,neutral_metadata_visible,uncued_008_d04,Operations Timeline Note,operations memo,2025-09-15,"A shift memo mentions that Mira sensor recalibrations work was concentrated in the final week of May 2025. It tracks handoff timing but not the final tally. The note uses the same site code, workstream name, and monthly close date as the surrounding packet so ",no,unknown,no,no,,"No role-label or direct-answer cue was visible in the reviewed title, metadata, or excerpt.",local_pre_model_surface_review
uncued_008,neutral_metadata_visible,uncued_008_d02,Program Registry Entry,field note,2025-09-13,"The monthly ledger for Westhaven lab lists 97 closed tickets for Mira sensor recalibrations in May 2025. The entry is dated after the close of the month and uses the same work order code as the question. The note uses the same site code, workstream name, and m",no,unknown,no,no,,"No role-label or direct-answer cue was visible in the reviewed title, metadata, or excerpt.",local_pre_model_surface_review
uncued_008,neutral_metadata_visible,uncued_008_d03,Field Summary Memo,timeline note,2025-09-16,"A routing note lists Westhaven lab as the site for the Mira sensor recalibrations workstream. The note does not provide a closing count. The note uses the same site code, workstream name, and monthly close date as the surrounding packet so that relation checks",no,unknown,no,no,,"No role-label or direct-answer cue was visible in the reviewed title, metadata, or excerpt.",local_pre_model_surface_review
uncued_008,neutral_metadata_hidden,uncued_008_d03,Document 1,document,2025-09-13,"The monthly ledger for Westhaven lab lists 97 closed tickets for Mira sensor recalibrations in May 2025. The entry is dated after the close of the month and uses the same work order code as the question. The note uses the same site code, workstream name, and m",no,unknown,no,no,,"No role-label or direct-answer cue was visible in the reviewed title, metadata, or excerpt.",local_pre_model_surface_review
uncued_008,neutral_metadata_hidden,uncued_008_d02,Document 2,document,2025-09-15,"A shift memo mentions that Mira sensor recalibrations work was concentrated in the final week of May 2025. It tracks handoff timing but not the final tally. The note uses the same site code, workstream name, and monthly close date as the surrounding packet so ",no,unknown,no,no,,"No role-label or direct-answer cue was visible in the reviewed title, metadata, or excerpt.",local_pre_model_surface_review
uncued_008,neutral_metadata_hidden,uncued_008_d01,Document 3,document,2025-09-16,"A routing note lists Westhaven lab as the site for the Mira sensor recalibrations workstream. The note does not provide a closing count. The note uses the same site code, workstream name, and monthly close date as the surrounding packet so that relation checks",no,unknown,no,no,,"No role-label or direct-answer cue was visible in the reviewed title, metadata, or excerpt.",local_pre_model_surface_review
uncued_008,neutral_metadata_hidden,uncued_008_d04,Document 4,document,2025-09-14,"A planning note for Mira sensor recalibrations describes the inspection route at Westhaven lab during May 2025. It gives staffing context and does not include a final monthly count. The note uses the same site code, workstream name, and monthly close date as t",no,unknown,no,no,,"No role-label or direct-answer cue was visible in the reviewed title, metadata, or excerpt.",local_pre_model_surface_review
uncued_015,neutral_metadata_visible,uncued_015_d01,Service Ledger Extract,registry entry,2025-07-14,"A short operations digest says the Vega rail inspections count reached 57 in June 2025. The digest cites no visible row beyond the packet references. The note uses the same site code, workstream name, and monthly close date as the surrounding packet so that re",no,unknown,no,no,,"No role-label or direct-answer cue was visible in the reviewed title, metadata, or excerpt.",local_pre_model_surface_review
uncued_015,neutral_metadata_visible,uncued_015_d03,Operations Timeline Note,operations memo,2025-07-15,"A routing note for South Gate workshop records when the Vega rail inspections packet was assembled. It gives chronology but not the final count. The note uses the same site code, workstream name, and monthly close date as the surrounding packet so that relatio",no,unknown,no,no,,"No role-label or direct-answer cue was visible in the reviewed title, metadata, or excerpt.",local_pre_model_surface_review
uncued_015,neutral_metadata_visible,uncued_015_d02,Program Registry Entry,timeline note,2025-07-16,"A scheduling memo says the Vega rail inspections closeout was delayed by one day. It contains no total. The note uses the same site code, workstream name, and monthly close date as the surrounding packet so that relation checks depend on the stated values rath",no,unknown,no,no,,"No role-label or direct-answer cue was visible in the reviewed title, metadata, or excerpt.",local_pre_model_surface_review
uncued_015,neutral_metadata_visible,uncued_015_d04,Field Summary Memo,field note,2025-07-13,"The month-close ledger for South Gate workshop lists 42 accepted inspections for Vega rail inspections in June 2025. The row uses the same workstream name as the claim but a different count from 57. The note uses the same site code, workstream name, and monthl",no,unknown,no,no,,"No role-label or direct-answer cue was visible in the reviewed title, metadata, or excerpt.",local_pre_model_surface_review
uncued_015,neutral_metadata_hidden,uncued_015_d01,Document 1,document,2025-07-13,"The month-close ledger for South Gate workshop lists 42 accepted inspections for Vega rail inspections in June 2025. The row uses the same workstream name as the claim but a different count from 57. The note uses the same site code, workstream name, and monthl",no,unknown,no,no,,"No role-label or direct-answer cue was visible in the reviewed title, metadata, or excerpt.",local_pre_model_surface_review
uncued_015,neutral_metadata_hidden,uncued_015_d03,Document 2,document,2025-07-16,"A scheduling memo says the Vega rail inspections closeout was delayed by one day. It contains no total. The note uses the same site code, workstream name, and monthly close date as the surrounding packet so that relation checks depend on the stated values rath",no,unknown,no,no,,"No role-label or direct-answer cue was visible in the reviewed title, metadata, or excerpt.",local_pre_model_surface_review
uncued_015,neutral_metadata_hidden,uncued_015_d04,Document 3,document,2025-07-14,"A short operations digest says the Vega rail inspections count reached 57 in June 2025. The digest cites no visible row beyond the packet references. The note uses the same site code, workstream name, and monthly close date as the surrounding packet so that re",no,unknown,no,no,,"No role-label or direct-answer cue was visible in the reviewed title, metadata, or excerpt.",local_pre_model_surface_review
uncued_015,neutral_metadata_hidden,uncued_015_d02,Document 4,document,2025-07-15,"A routing note for South Gate workshop records when the Vega rail inspections packet was assembled. It gives chronology but not the final count. The note uses the same site code, workstream name, and monthly close date as the surrounding packet so that relatio",no,unknown,no,no,,"No role-label or direct-answer cue was visible in the reviewed title, metadata, or excerpt.",local_pre_model_surface_review
uncued_020,neutral_metadata_visible,uncued_020_d02,Service Ledger Extract,operations memo,2025-03-15,"A routing note for Westhaven lab records when the Mira sensor recalibrations packet was assembled. It gives chronology but not the final count. The note uses the same site code, workstream name, and monthly close date as the surrounding packet so that relation",no,unknown,no,no,,"No role-label or direct-answer cue was visible in the reviewed title, metadata, or excerpt.",local_pre_model_surface_review
uncued_020,neutral_metadata_visible,uncued_020_d03,Operations Timeline Note,registry entry,2025-03-14,"A short operations digest says the Mira sensor recalibrations count reached 124 in May 2025. The digest cites no visible row beyond the packet references. The note uses the same site code, workstream name, and monthly close date as the surrounding packet so th",no,unknown,no,no,,"No role-label or direct-answer cue was visible in the reviewed title, metadata, or excerpt.",local_pre_model_surface_review
uncued_020,neutral_metadata_visible,uncued_020_d04,Program Registry Entry,timeline note,2025-03-16,"A scheduling memo says the Mira sensor recalibrations closeout was delayed by one day. It contains no total. The note uses the same site code, workstream name, and monthly close date as the surrounding packet so that relation checks depend on the stated values",no,unknown,no,no,,"No role-label or direct-answer cue was visible in the reviewed title, metadata, or excerpt.",local_pre_model_surface_review
uncued_020,neutral_metadata_visible,uncued_020_d01,Field Summary Memo,field note,2025-03-13,"The month-close ledger for Westhaven lab lists 97 closed tickets for Mira sensor recalibrations in May 2025. The row uses the same workstream name as the claim but a different count from 124. The note uses the same site code, workstream name, and monthly close",no,unknown,no,no,,"No role-label or direct-answer cue was visible in the reviewed title, metadata, or excerpt.",local_pre_model_surface_review
uncued_020,neutral_metadata_hidden,uncued_020_d01,Document 1,document,2025-03-14,"A short operations digest says the Mira sensor recalibrations count reached 124 in May 2025. The digest cites no visible row beyond the packet references. The note uses the same site code, workstream name, and monthly close date as the surrounding packet so th",no,unknown,no,no,,"No role-label or direct-answer cue was visible in the reviewed title, metadata, or excerpt.",local_pre_model_surface_review
uncued_020,neutral_metadata_hidden,uncued_020_d03,Document 2,document,2025-03-13,"The month-close ledger for Westhaven lab lists 97 closed tickets for Mira sensor recalibrations in May 2025. The row uses the same workstream name as the claim but a different count from 124. The note uses the same site code, workstream name, and monthly close",no,unknown,no,no,,"No role-label or direct-answer cue was visible in the reviewed title, metadata, or excerpt.",local_pre_model_surface_review
uncued_020,neutral_metadata_hidden,uncued_020_d02,Document 3,document,2025-03-16,"A scheduling memo says the Mira sensor recalibrations closeout was delayed by one day. It contains no total. The note uses the same site code, workstream name, and monthly close date as the surrounding packet so that relation checks depend on the stated values",no,unknown,no,no,,"No role-label or direct-answer cue was visible in the reviewed title, metadata, or excerpt.",local_pre_model_surface_review
uncued_020,neutral_metadata_hidden,uncued_020_d04,Document 4,document,2025-03-15,"A routing note for Westhaven lab records when the Mira sensor recalibrations packet was assembled. It gives chronology but not the final count. The note uses the same site code, workstream name, and monthly close date as the surrounding packet so that relation",no,unknown,no,no,,"No role-label or direct-answer cue was visible in the reviewed title, metadata, or excerpt.",local_pre_model_surface_review
uncued_027,neutral_metadata_visible,uncued_027_d04,Service Ledger Extract,field note,2025-01-13,"The closing ledger for South Gate workshop gives 42 accepted inspections for Vega rail inspections in June 2025. The ledger row is the only visible row with a final count different from 57. The note uses the same site code, workstream name, and monthly close d",no,unknown,no,no,,"No role-label or direct-answer cue was visible in the reviewed title, metadata, or excerpt.",local_pre_model_surface_review
uncued_027,neutral_metadata_visible,uncued_027_d02,Operations Timeline Note,operations memo,2025-01-15,"A partner summary also gives 57 for Vega rail inspections in June 2025. Its visible citation points back to the weekly digest rather than to a separate count sheet. The note uses the same site code, workstream name, and monthly close date as the surrounding pa",no,unknown,no,no,,"No role-label or direct-answer cue was visible in the reviewed title, metadata, or excerpt.",local_pre_model_surface_review
uncued_027,neutral_metadata_visible,uncued_027_d03,Program Registry Entry,timeline note,2025-01-16,"A site memo for South Gate workshop lists the workstream and month. It does not contain a final count. The note uses the same site code, workstream name, and monthly close date as the surrounding packet so that relation checks depend on the stated values rathe",no,unknown,no,no,,"No role-label or direct-answer cue was visible in the reviewed title, metadata, or excerpt.",local_pre_model_surface_review
uncued_027,neutral_metadata_visible,uncued_027_d01,Field Summary Memo,registry entry,2025-01-14,"A weekly digest repeats that Vega rail inspections reached 57 accepted inspections in June 2025. The digest points to the same earlier bulletin used by another note in the packet. The note uses the same site code, workstream name, and monthly close date as the",no,unknown,no,no,,"No role-label or direct-answer cue was visible in the reviewed title, metadata, or excerpt.",local_pre_model_surface_review
uncued_027,neutral_metadata_hidden,uncued_027_d01,Document 1,document,2025-01-14,"A weekly digest repeats that Vega rail inspections reached 57 accepted inspections in June 2025. The digest points to the same earlier bulletin used by another note in the packet. The note uses the same site code, workstream name, and monthly close date as the",no,unknown,no,no,,"No role-label or direct-answer cue was visible in the reviewed title, metadata, or excerpt.",local_pre_model_surface_review
uncued_027,neutral_metadata_hidden,uncued_027_d02,Document 2,document,2025-01-15,"A partner summary also gives 57 for Vega rail inspections in June 2025. Its visible citation points back to the weekly digest rather than to a separate count sheet. The note uses the same site code, workstream name, and monthly close date as the surrounding pa",no,unknown,no,no,,"No role-label or direct-answer cue was visible in the reviewed title, metadata, or excerpt.",local_pre_model_surface_review
uncued_027,neutral_metadata_hidden,uncued_027_d04,Document 3,document,2025-01-13,"The closing ledger for South Gate workshop gives 42 accepted inspections for Vega rail inspections in June 2025. The ledger row is the only visible row with a final count different from 57. The note uses the same site code, workstream name, and monthly close d",no,unknown,no,no,,"No role-label or direct-answer cue was visible in the reviewed title, metadata, or excerpt.",local_pre_model_surface_review
uncued_027,neutral_metadata_hidden,uncued_027_d03,Document 4,document,2025-01-16,"A site memo for South Gate workshop lists the workstream and month. It does not contain a final count. The note uses the same site code, workstream name, and monthly close date as the surrounding packet so that relation checks depend on the stated values rathe",no,unknown,no,no,,"No role-label or direct-answer cue was visible in the reviewed title, metadata, or excerpt.",local_pre_model_surface_review
uncued_032,neutral_metadata_visible,uncued_032_d03,Service Ledger Extract,timeline note,2025-06-16,"A site memo for Westhaven lab lists the workstream and month. It does not contain a final count. The note uses the same site code, workstream name, and monthly close date as the surrounding packet so that relation checks depend on the stated values rather than",no,unknown,no,no,,"No role-label or direct-answer cue was visible in the reviewed title, metadata, or excerpt.",local_pre_model_surface_review
uncued_032,neutral_metadata_visible,uncued_032_d02,Operations Timeline Note,operations memo,2025-06-15,"A partner summary also gives 124 for Mira sensor recalibrations in May 2025. Its visible citation points back to the weekly digest rather than to a separate count sheet. The note uses the same site code, workstream name, and monthly close date as the surroundi",no,unknown,no,no,,"No role-label or direct-answer cue was visible in the reviewed title, metadata, or excerpt.",local_pre_model_surface_review
uncued_032,neutral_metadata_visible,uncued_032_d04,Program Registry Entry,registry entry,2025-06-14,"A weekly digest repeats that Mira sensor recalibrations reached 124 closed tickets in May 2025. The digest points to the same earlier bulletin used by another note in the packet. The note uses the same site code, workstream name, and monthly close date as the ",no,unknown,no,no,,"No role-label or direct-answer cue was visible in the reviewed title, metadata, or excerpt.",local_pre_model_surface_review
uncued_032,neutral_metadata_visible,uncued_032_d01,Field Summary Memo,field note,2025-06-13,"The closing ledger for Westhaven lab gives 97 closed tickets for Mira sensor recalibrations in May 2025. The ledger row is the only visible row with a final count different from 124. The note uses the same site code, workstream name, and monthly close date as ",no,unknown,no,no,,"No role-label or direct-answer cue was visible in the reviewed title, metadata, or excerpt.",local_pre_model_surface_review
uncued_032,neutral_metadata_hidden,uncued_032_d02,Document 1,document,2025-06-13,"The closing ledger for Westhaven lab gives 97 closed tickets for Mira sensor recalibrations in May 2025. The ledger row is the only visible row with a final count different from 124. The note uses the same site code, workstream name, and monthly close date as ",no,unknown,no,no,,"No role-label or direct-answer cue was visible in the reviewed title, metadata, or excerpt.",local_pre_model_surface_review
uncued_032,neutral_metadata_hidden,uncued_032_d03,Document 2,document,2025-06-15,"A partner summary also gives 124 for Mira sensor recalibrations in May 2025. Its visible citation points back to the weekly digest rather than to a separate count sheet. The note uses the same site code, workstream name, and monthly close date as the surroundi",no,unknown,no,no,,"No role-label or direct-answer cue was visible in the reviewed title, metadata, or excerpt.",local_pre_model_surface_review
uncued_032,neutral_metadata_hidden,uncued_032_d04,Document 3,document,2025-06-14,"A weekly digest repeats that Mira sensor recalibrations reached 124 closed tickets in May 2025. The digest points to the same earlier bulletin used by another note in the packet. The note uses the same site code, workstream name, and monthly close date as the ",no,unknown,no,no,,"No role-label or direct-answer cue was visible in the reviewed title, metadata, or excerpt.",local_pre_model_surface_review
uncued_032,neutral_metadata_hidden,uncued_032_d01,Document 4,document,2025-06-16,"A site memo for Westhaven lab lists the workstream and month. It does not contain a final count. The note uses the same site code, workstream name, and monthly close date as the surrounding packet so that relation checks depend on the stated values rather than",no,unknown,no,no,,"No role-label or direct-answer cue was visible in the reviewed title, metadata, or excerpt.",local_pre_model_surface_review
uncued_039,neutral_metadata_visible,uncued_039_d04,Service Ledger Extract,registry entry,2025-04-14,"A digest estimates 57 accepted inspections for Vega rail inspections in June 2025. The note is framed as a running estimate and points to the planning memo. The note uses the same site code, workstream name, and monthly close date as the surrounding packet so ",no,unknown,no,no,,"No role-label or direct-answer cue was visible in the reviewed title, metadata, or excerpt.",local_pre_model_surface_review
uncued_039,neutral_metadata_visible,uncued_039_d03,Operations Timeline Note,operations memo,2025-04-15,"A handoff note names the workstream and site for June 2025. It contains no closing count. The note uses the same site code, workstream name, and monthly close date as the surrounding packet so that relation checks depend on the stated values rather than labels",no,unknown,no,no,,"No role-label or direct-answer cue was visible in the reviewed title, metadata, or excerpt.",local_pre_model_surface_review
uncued_039,neutral_metadata_visible,uncued_039_d02,Program Registry Entry,timeline note,2025-04-16,"The closeout ledger lists 42 accepted inspections for Vega rail inspections in June 2025. The row appears after the planning notes and uses the final close date. The note uses the same site code, workstream name, and monthly close date as the surrounding packe",no,unknown,no,no,,"No role-label or direct-answer cue was visible in the reviewed title, metadata, or excerpt.",local_pre_model_surface_review
uncued_039,neutral_metadata_visible,uncued_039_d01,Field Summary Memo,field note,2025-04-13,"A planning memo for Vega rail inspections describes the expected workload at South Gate workshop. It was prepared before the monthly close and has no final number. The note uses the same site code, workstream name, and monthly close date as the surrounding pac",no,unknown,no,no,,"No role-label or direct-answer cue was visible in the reviewed title, metadata, or excerpt.",local_pre_model_surface_review
uncued_039,neutral_metadata_hidden,uncued_039_d04,Document 1,document,2025-04-14,"A digest estimates 57 accepted inspections for Vega rail inspections in June 2025. The note is framed as a running estimate and points to the planning memo. The note uses the same site code, workstream name, and monthly close date as the surrounding packet so ",no,unknown,no,no,,"No role-label or direct-answer cue was visible in the reviewed title, metadata, or excerpt.",local_pre_model_surface_review
uncued_039,neutral_metadata_hidden,uncued_039_d01,Document 2,document,2025-04-13,"A planning memo for Vega rail inspections describes the expected workload at South Gate workshop. It was prepared before the monthly close and has no final number. The note uses the same site code, workstream name, and monthly close date as the surrounding pac",no,unknown,no,no,,"No role-label or direct-answer cue was visible in the reviewed title, metadata, or excerpt.",local_pre_model_surface_review
uncued_039,neutral_metadata_hidden,uncued_039_d02,Document 3,document,2025-04-15,"A handoff note names the workstream and site for June 2025. It contains no closing count. The note uses the same site code, workstream name, and monthly close date as the surrounding packet so that relation checks depend on the stated values rather than labels",no,unknown,no,no,,"No role-label or direct-answer cue was visible in the reviewed title, metadata, or excerpt.",local_pre_model_surface_review
uncued_039,neutral_metadata_hidden,uncued_039_d03,Document 4,document,2025-04-16,"The closeout ledger lists 42 accepted inspections for Vega rail inspections in June 2025. The row appears after the planning notes and uses the final close date. The note uses the same site code, workstream name, and monthly close date as the surrounding packe",no,unknown,no,no,,"No role-label or direct-answer cue was visible in the reviewed title, metadata, or excerpt.",local_pre_model_surface_review
uncued_044,neutral_metadata_visible,uncued_044_d03,Service Ledger Extract,registry entry,2025-09-14,"A digest estimates 124 closed tickets for Mira sensor recalibrations in May 2025. The note is framed as a running estimate and points to the planning memo. The note uses the same site code, workstream name, and monthly close date as the surrounding packet so t",no,unknown,no,no,,"No role-label or direct-answer cue was visible in the reviewed title, metadata, or excerpt.",local_pre_model_surface_review
uncued_044,neutral_metadata_visible,uncued_044_d04,Operations Timeline Note,timeline note,2025-09-16,"The closeout ledger lists 97 closed tickets for Mira sensor recalibrations in May 2025. The row appears after the planning notes and uses the final close date. The note uses the same site code, workstream name, and monthly close date as the surrounding packet ",no,unknown,no,no,,"No role-label or direct-answer cue was visible in the reviewed title, metadata, or excerpt.",local_pre_model_surface_review
uncued_044,neutral_metadata_visible,uncued_044_d02,Program Registry Entry,operations memo,2025-09-15,"A handoff note names the workstream and site for May 2025. It contains no closing count. The note uses the same site code, workstream name, and monthly close date as the surrounding packet so that relation checks depend on the stated values rather than labels.",no,unknown,no,no,,"No role-label or direct-answer cue was visible in the reviewed title, metadata, or excerpt.",local_pre_model_surface_review
uncued_044,neutral_metadata_visible,uncued_044_d01,Field Summary Memo,field note,2025-09-13,"A planning memo for Mira sensor recalibrations describes the expected workload at Westhaven lab. It was prepared before the monthly close and has no final number. The note uses the same site code, workstream name, and monthly close date as the surrounding pack",no,unknown,no,no,,"No role-label or direct-answer cue was visible in the reviewed title, metadata, or excerpt.",local_pre_model_surface_review
uncued_044,neutral_metadata_hidden,uncued_044_d03,Document 1,document,2025-09-14,"A digest estimates 124 closed tickets for Mira sensor recalibrations in May 2025. The note is framed as a running estimate and points to the planning memo. The note uses the same site code, workstream name, and monthly close date as the surrounding packet so t",no,unknown,no,no,,"No role-label or direct-answer cue was visible in the reviewed title, metadata, or excerpt.",local_pre_model_surface_review
uncued_044,neutral_metadata_hidden,uncued_044_d02,Document 2,document,2025-09-16,"The closeout ledger lists 97 closed tickets for Mira sensor recalibrations in May 2025. The row appears after the planning notes and uses the final close date. The note uses the same site code, workstream name, and monthly close date as the surrounding packet ",no,unknown,no,no,,"No role-label or direct-answer cue was visible in the reviewed title, metadata, or excerpt.",local_pre_model_surface_review
uncued_044,neutral_metadata_hidden,uncued_044_d04,Document 3,document,2025-09-13,"A planning memo for Mira sensor recalibrations describes the expected workload at Westhaven lab. It was prepared before the monthly close and has no final number. The note uses the same site code, workstream name, and monthly close date as the surrounding pack",no,unknown,no,no,,"No role-label or direct-answer cue was visible in the reviewed title, metadata, or excerpt.",local_pre_model_surface_review
uncued_044,neutral_metadata_hidden,uncued_044_d01,Document 4,document,2025-09-15,"A handoff note names the workstream and site for May 2025. It contains no closing count. The note uses the same site code, workstream name, and monthly close date as the surrounding packet so that relation checks depend on the stated values rather than labels.",no,unknown,no,no,,"No role-label or direct-answer cue was visible in the reviewed title, metadata, or excerpt.",local_pre_model_surface_review
