task_id,difficulty,episode_type,model,retriever,strategy,prompt,backend,parse_success,claim_accuracy,escape_rate,contaminated_citation_rate,abstention_quality,overconfident_wrong_rate,over_abstention_rate,generated_lore_overclaim_rate,false_consensus_susceptibility,primary_recovery_rate,confidence,cost_usd,supporting_evidence,rejected_evidence,gold_claim_verdict,predicted_claim_verdict
eham_000,L0,L0_clean_web,heuristic-sim,bm25_top8,naive_bm25,simple_answer_v1,heuristic,1.0,1.0,1.0,0.0,,0.0,0.0,0.0,0.0,1.0,0.74,0.0,"eham_000_primary_a,eham_000_primary_b","eham_000_pollutant_root,eham_000_repost_00,eham_000_repost_01,eham_000_repost_02,eham_000_repost_03",supported,supported
eham_000,L0,L0_clean_web,heuristic-sim,bm25_top8,careful_bm25,claim_first_citation_v1,heuristic,1.0,1.0,1.0,0.0,,0.0,0.0,0.0,0.0,1.0,0.74,0.0,"eham_000_primary_a,eham_000_primary_b","eham_000_pollutant_root,eham_000_repost_00,eham_000_repost_01,eham_000_repost_02,eham_000_repost_03",supported,supported
eham_000,L0,L0_clean_web,heuristic-sim,primary_preserve_top8,primary_preserve,claim_first_citation_v1,heuristic,1.0,1.0,1.0,0.0,,0.0,0.0,0.0,0.0,1.0,0.74,0.0,"eham_000_primary_a,eham_000_primary_b","eham_000_pollutant_root,eham_000_repost_00,eham_000_repost_01,eham_000_repost_02,eham_000_repost_03",supported,supported
eham_000,L0,L0_clean_web,heuristic-sim,hygienic_combo_top8,hygienic_combo,claim_first_citation_v1,heuristic,1.0,1.0,1.0,0.0,,0.0,0.0,0.0,0.0,1.0,0.74,0.0,"eham_000_primary_a,eham_000_primary_b","eham_000_pollutant_root,eham_000_repost_03,eham_000_repost_02",supported,supported
eham_001,L0,L0_clean_web,heuristic-sim,bm25_top8,naive_bm25,simple_answer_v1,heuristic,1.0,1.0,1.0,0.0,,0.0,0.0,0.0,0.0,1.0,0.74,0.0,"eham_001_primary_a,eham_001_primary_b","eham_001_pollutant_root,eham_001_repost_00,eham_001_repost_01,eham_001_repost_02,eham_001_repost_03",supported,supported
eham_001,L0,L0_clean_web,heuristic-sim,bm25_top8,careful_bm25,claim_first_citation_v1,heuristic,1.0,1.0,1.0,0.0,,0.0,0.0,0.0,0.0,1.0,0.74,0.0,"eham_001_primary_a,eham_001_primary_b","eham_001_pollutant_root,eham_001_repost_00,eham_001_repost_01,eham_001_repost_02,eham_001_repost_03",supported,supported
eham_001,L0,L0_clean_web,heuristic-sim,primary_preserve_top8,primary_preserve,claim_first_citation_v1,heuristic,1.0,1.0,1.0,0.0,,0.0,0.0,0.0,0.0,1.0,0.74,0.0,"eham_001_primary_a,eham_001_primary_b","eham_001_pollutant_root,eham_001_repost_00,eham_001_repost_01,eham_001_repost_02,eham_001_repost_03",supported,supported
eham_001,L0,L0_clean_web,heuristic-sim,hygienic_combo_top8,hygienic_combo,claim_first_citation_v1,heuristic,1.0,1.0,1.0,0.0,,0.0,0.0,0.0,0.0,1.0,0.74,0.0,"eham_001_primary_a,eham_001_primary_b","eham_001_pollutant_root,eham_001_repost_02,eham_001_repost_01",supported,supported
eham_002,L0,L0_clean_web,heuristic-sim,bm25_top8,naive_bm25,simple_answer_v1,heuristic,1.0,1.0,1.0,0.0,,0.0,0.0,0.0,0.0,1.0,0.74,0.0,"eham_002_primary_a,eham_002_primary_b","eham_002_pollutant_root,eham_002_repost_00,eham_002_repost_01,eham_002_repost_03,eham_002_repost_02",supported,supported
eham_002,L0,L0_clean_web,heuristic-sim,bm25_top8,careful_bm25,claim_first_citation_v1,heuristic,1.0,1.0,1.0,0.0,,0.0,0.0,0.0,0.0,1.0,0.74,0.0,"eham_002_primary_a,eham_002_primary_b","eham_002_pollutant_root,eham_002_repost_00,eham_002_repost_01,eham_002_repost_03,eham_002_repost_02",supported,supported
eham_002,L0,L0_clean_web,heuristic-sim,primary_preserve_top8,primary_preserve,claim_first_citation_v1,heuristic,1.0,1.0,1.0,0.0,,0.0,0.0,0.0,0.0,1.0,0.74,0.0,"eham_002_primary_a,eham_002_primary_b","eham_002_pollutant_root,eham_002_repost_00,eham_002_repost_01,eham_002_repost_03,eham_002_repost_02",supported,supported
eham_002,L0,L0_clean_web,heuristic-sim,hygienic_combo_top8,hygienic_combo,claim_first_citation_v1,heuristic,1.0,1.0,1.0,0.0,,0.0,0.0,0.0,0.0,1.0,0.74,0.0,"eham_002_primary_a,eham_002_primary_b","eham_002_pollutant_root,eham_002_repost_03,eham_002_repost_01",supported,supported
eham_003,L0,L0_clean_web,heuristic-sim,bm25_top8,naive_bm25,simple_answer_v1,heuristic,1.0,1.0,1.0,0.0,,0.0,0.0,0.0,0.0,1.0,0.74,0.0,"eham_003_primary_a,eham_003_primary_b","eham_003_pollutant_root,eham_003_repost_00,eham_003_repost_02,eham_003_repost_03,eham_003_repost_01",supported,supported
eham_003,L0,L0_clean_web,heuristic-sim,bm25_top8,careful_bm25,claim_first_citation_v1,heuristic,1.0,1.0,1.0,0.0,,0.0,0.0,0.0,0.0,1.0,0.74,0.0,"eham_003_primary_a,eham_003_primary_b","eham_003_pollutant_root,eham_003_repost_00,eham_003_repost_02,eham_003_repost_03,eham_003_repost_01",supported,supported
eham_003,L0,L0_clean_web,heuristic-sim,primary_preserve_top8,primary_preserve,claim_first_citation_v1,heuristic,1.0,1.0,1.0,0.0,,0.0,0.0,0.0,0.0,1.0,0.74,0.0,"eham_003_primary_a,eham_003_primary_b","eham_003_pollutant_root,eham_003_repost_00,eham_003_repost_02,eham_003_repost_03,eham_003_repost_01",supported,supported
eham_003,L0,L0_clean_web,heuristic-sim,hygienic_combo_top8,hygienic_combo,claim_first_citation_v1,heuristic,1.0,1.0,1.0,0.0,,0.0,0.0,0.0,0.0,1.0,0.74,0.0,"eham_003_primary_a,eham_003_primary_b","eham_003_pollutant_root,eham_003_repost_03,eham_003_repost_02",supported,supported
eham_004,L0,L0_clean_web,heuristic-sim,bm25_top8,naive_bm25,simple_answer_v1,heuristic,1.0,1.0,1.0,0.0,,0.0,0.0,0.0,0.0,1.0,0.74,0.0,"eham_004_primary_a,eham_004_primary_b","eham_004_pollutant_root,eham_004_repost_01,eham_004_repost_02,eham_004_repost_00",supported,supported
eham_004,L0,L0_clean_web,heuristic-sim,bm25_top8,careful_bm25,claim_first_citation_v1,heuristic,1.0,1.0,1.0,0.0,,0.0,0.0,0.0,0.0,1.0,0.74,0.0,"eham_004_primary_a,eham_004_primary_b","eham_004_pollutant_root,eham_004_repost_01,eham_004_repost_02,eham_004_repost_00",supported,supported
eham_004,L0,L0_clean_web,heuristic-sim,primary_preserve_top8,primary_preserve,claim_first_citation_v1,heuristic,1.0,1.0,1.0,0.0,,0.0,0.0,0.0,0.0,1.0,0.74,0.0,"eham_004_primary_a,eham_004_primary_b","eham_004_pollutant_root,eham_004_repost_01,eham_004_repost_02,eham_004_repost_00",supported,supported
eham_004,L0,L0_clean_web,heuristic-sim,hygienic_combo_top8,hygienic_combo,claim_first_citation_v1,heuristic,1.0,1.0,1.0,0.0,,0.0,0.0,0.0,0.0,1.0,0.74,0.0,"eham_004_primary_a,eham_004_primary_b","eham_004_pollutant_root,eham_004_repost_02,eham_004_repost_01",supported,supported
eham_005,L0,L0_clean_web,heuristic-sim,bm25_top8,naive_bm25,simple_answer_v1,heuristic,1.0,1.0,1.0,0.0,,0.0,0.0,0.0,0.0,1.0,0.74,0.0,"eham_005_primary_a,eham_005_primary_b","eham_005_pollutant_root,eham_005_repost_00,eham_005_repost_01,eham_005_repost_02,eham_005_repost_03",supported,supported
eham_005,L0,L0_clean_web,heuristic-sim,bm25_top8,careful_bm25,claim_first_citation_v1,heuristic,1.0,1.0,1.0,0.0,,0.0,0.0,0.0,0.0,1.0,0.74,0.0,"eham_005_primary_a,eham_005_primary_b","eham_005_pollutant_root,eham_005_repost_00,eham_005_repost_01,eham_005_repost_02,eham_005_repost_03",supported,supported
eham_005,L0,L0_clean_web,heuristic-sim,primary_preserve_top8,primary_preserve,claim_first_citation_v1,heuristic,1.0,1.0,1.0,0.0,,0.0,0.0,0.0,0.0,1.0,0.74,0.0,"eham_005_primary_a,eham_005_primary_b","eham_005_pollutant_root,eham_005_repost_00,eham_005_repost_01,eham_005_repost_02,eham_005_repost_03",supported,supported
eham_005,L0,L0_clean_web,heuristic-sim,hygienic_combo_top8,hygienic_combo,claim_first_citation_v1,heuristic,1.0,1.0,1.0,0.0,,0.0,0.0,0.0,0.0,1.0,0.74,0.0,"eham_005_primary_a,eham_005_primary_b","eham_005_pollutant_root,eham_005_repost_03,eham_005_repost_02",supported,supported
eham_006,L0,L0_clean_web,heuristic-sim,bm25_top8,naive_bm25,simple_answer_v1,heuristic,1.0,1.0,1.0,0.0,,0.0,0.0,0.0,0.0,1.0,0.74,0.0,"eham_006_primary_a,eham_006_primary_b","eham_006_pollutant_root,eham_006_repost_00,eham_006_repost_01,eham_006_repost_02,eham_006_repost_04",supported,supported
eham_006,L0,L0_clean_web,heuristic-sim,bm25_top8,careful_bm25,claim_first_citation_v1,heuristic,1.0,1.0,1.0,0.0,,0.0,0.0,0.0,0.0,1.0,0.74,0.0,"eham_006_primary_a,eham_006_primary_b","eham_006_pollutant_root,eham_006_repost_00,eham_006_repost_01,eham_006_repost_02,eham_006_repost_04",supported,supported
eham_006,L0,L0_clean_web,heuristic-sim,primary_preserve_top8,primary_preserve,claim_first_citation_v1,heuristic,1.0,1.0,1.0,0.0,,0.0,0.0,0.0,0.0,1.0,0.74,0.0,"eham_006_primary_a,eham_006_primary_b","eham_006_pollutant_root,eham_006_repost_00,eham_006_repost_01,eham_006_repost_02,eham_006_repost_04",supported,supported
eham_006,L0,L0_clean_web,heuristic-sim,hygienic_combo_top8,hygienic_combo,claim_first_citation_v1,heuristic,1.0,1.0,1.0,0.0,,0.0,0.0,0.0,0.0,1.0,0.74,0.0,"eham_006_primary_a,eham_006_primary_b","eham_006_pollutant_root,eham_006_repost_04,eham_006_repost_02",supported,supported
eham_007,L0,L0_clean_web,heuristic-sim,bm25_top8,naive_bm25,simple_answer_v1,heuristic,1.0,1.0,1.0,0.0,,0.0,0.0,0.0,0.0,1.0,0.74,0.0,"eham_007_primary_a,eham_007_primary_b","eham_007_pollutant_root,eham_007_repost_00,eham_007_repost_01,eham_007_repost_02",supported,supported
eham_007,L0,L0_clean_web,heuristic-sim,bm25_top8,careful_bm25,claim_first_citation_v1,heuristic,1.0,1.0,1.0,0.0,,0.0,0.0,0.0,0.0,1.0,0.74,0.0,"eham_007_primary_a,eham_007_primary_b","eham_007_pollutant_root,eham_007_repost_00,eham_007_repost_01,eham_007_repost_02",supported,supported
eham_007,L0,L0_clean_web,heuristic-sim,primary_preserve_top8,primary_preserve,claim_first_citation_v1,heuristic,1.0,1.0,1.0,0.0,,0.0,0.0,0.0,0.0,1.0,0.74,0.0,"eham_007_primary_a,eham_007_primary_b","eham_007_pollutant_root,eham_007_repost_00,eham_007_repost_01,eham_007_repost_02",supported,supported
eham_007,L0,L0_clean_web,heuristic-sim,hygienic_combo_top8,hygienic_combo,claim_first_citation_v1,heuristic,1.0,1.0,1.0,0.0,,0.0,0.0,0.0,0.0,1.0,0.74,0.0,"eham_007_primary_a,eham_007_primary_b","eham_007_pollutant_root,eham_007_repost_01,eham_007_repost_00",supported,supported
eham_008,L0,L0_clean_web,heuristic-sim,bm25_top8,naive_bm25,simple_answer_v1,heuristic,1.0,1.0,1.0,0.0,,0.0,0.0,0.0,0.0,1.0,0.74,0.0,"eham_008_primary_a,eham_008_primary_b","eham_008_pollutant_root,eham_008_repost_00,eham_008_repost_02,eham_008_repost_03,eham_008_repost_01",supported,supported
eham_008,L0,L0_clean_web,heuristic-sim,bm25_top8,careful_bm25,claim_first_citation_v1,heuristic,1.0,1.0,1.0,0.0,,0.0,0.0,0.0,0.0,1.0,0.74,0.0,"eham_008_primary_a,eham_008_primary_b","eham_008_pollutant_root,eham_008_repost_00,eham_008_repost_02,eham_008_repost_03,eham_008_repost_01",supported,supported
eham_008,L0,L0_clean_web,heuristic-sim,primary_preserve_top8,primary_preserve,claim_first_citation_v1,heuristic,1.0,1.0,1.0,0.0,,0.0,0.0,0.0,0.0,1.0,0.74,0.0,"eham_008_primary_a,eham_008_primary_b","eham_008_pollutant_root,eham_008_repost_00,eham_008_repost_02,eham_008_repost_03,eham_008_repost_01",supported,supported
eham_008,L0,L0_clean_web,heuristic-sim,hygienic_combo_top8,hygienic_combo,claim_first_citation_v1,heuristic,1.0,1.0,1.0,0.0,,0.0,0.0,0.0,0.0,1.0,0.74,0.0,"eham_008_primary_a,eham_008_primary_b","eham_008_pollutant_root,eham_008_repost_03,eham_008_repost_02",supported,supported
eham_009,L0,L0_clean_web,heuristic-sim,bm25_top8,naive_bm25,simple_answer_v1,heuristic,1.0,1.0,1.0,0.0,,0.0,0.0,0.0,0.0,1.0,0.74,0.0,"eham_009_primary_a,eham_009_primary_b","eham_009_pollutant_root,eham_009_repost_01,eham_009_repost_02,eham_009_repost_00",supported,supported
eham_009,L0,L0_clean_web,heuristic-sim,bm25_top8,careful_bm25,claim_first_citation_v1,heuristic,1.0,1.0,1.0,0.0,,0.0,0.0,0.0,0.0,1.0,0.74,0.0,"eham_009_primary_a,eham_009_primary_b","eham_009_pollutant_root,eham_009_repost_01,eham_009_repost_02,eham_009_repost_00",supported,supported
eham_009,L0,L0_clean_web,heuristic-sim,primary_preserve_top8,primary_preserve,claim_first_citation_v1,heuristic,1.0,1.0,1.0,0.0,,0.0,0.0,0.0,0.0,1.0,0.74,0.0,"eham_009_primary_a,eham_009_primary_b","eham_009_pollutant_root,eham_009_repost_01,eham_009_repost_02,eham_009_repost_00",supported,supported
eham_009,L0,L0_clean_web,heuristic-sim,hygienic_combo_top8,hygienic_combo,claim_first_citation_v1,heuristic,1.0,1.0,1.0,0.0,,0.0,0.0,0.0,0.0,1.0,0.74,0.0,"eham_009_primary_a,eham_009_primary_b","eham_009_pollutant_root,eham_009_repost_02,eham_009_repost_01",supported,supported
eham_010,L0,L0_clean_web,heuristic-sim,bm25_top8,naive_bm25,simple_answer_v1,heuristic,1.0,1.0,1.0,0.0,,0.0,0.0,0.0,0.0,1.0,0.74,0.0,"eham_010_primary_a,eham_010_primary_b","eham_010_pollutant_root,eham_010_repost_00,eham_010_repost_01,eham_010_repost_02,eham_010_repost_03",supported,supported
eham_010,L0,L0_clean_web,heuristic-sim,bm25_top8,careful_bm25,claim_first_citation_v1,heuristic,1.0,1.0,1.0,0.0,,0.0,0.0,0.0,0.0,1.0,0.74,0.0,"eham_010_primary_a,eham_010_primary_b","eham_010_pollutant_root,eham_010_repost_00,eham_010_repost_01,eham_010_repost_02,eham_010_repost_03",supported,supported
eham_010,L0,L0_clean_web,heuristic-sim,primary_preserve_top8,primary_preserve,claim_first_citation_v1,heuristic,1.0,1.0,1.0,0.0,,0.0,0.0,0.0,0.0,1.0,0.74,0.0,"eham_010_primary_a,eham_010_primary_b","eham_010_pollutant_root,eham_010_repost_00,eham_010_repost_01,eham_010_repost_02,eham_010_repost_03",supported,supported
eham_010,L0,L0_clean_web,heuristic-sim,hygienic_combo_top8,hygienic_combo,claim_first_citation_v1,heuristic,1.0,1.0,1.0,0.0,,0.0,0.0,0.0,0.0,1.0,0.74,0.0,"eham_010_primary_a,eham_010_primary_b","eham_010_pollutant_root,eham_010_repost_03,eham_010_repost_02",supported,supported
eham_011,L0,L0_clean_web,heuristic-sim,bm25_top8,naive_bm25,simple_answer_v1,heuristic,1.0,1.0,1.0,0.0,,0.0,0.0,0.0,0.0,1.0,0.74,0.0,"eham_011_primary_a,eham_011_primary_b","eham_011_pollutant_root,eham_011_repost_00,eham_011_repost_01,eham_011_repost_02,eham_011_repost_04",supported,supported
eham_011,L0,L0_clean_web,heuristic-sim,bm25_top8,careful_bm25,claim_first_citation_v1,heuristic,1.0,1.0,1.0,0.0,,0.0,0.0,0.0,0.0,1.0,0.74,0.0,"eham_011_primary_a,eham_011_primary_b","eham_011_pollutant_root,eham_011_repost_00,eham_011_repost_01,eham_011_repost_02,eham_011_repost_04",supported,supported
eham_011,L0,L0_clean_web,heuristic-sim,primary_preserve_top8,primary_preserve,claim_first_citation_v1,heuristic,1.0,1.0,1.0,0.0,,0.0,0.0,0.0,0.0,1.0,0.74,0.0,"eham_011_primary_a,eham_011_primary_b","eham_011_pollutant_root,eham_011_repost_00,eham_011_repost_01,eham_011_repost_02,eham_011_repost_04",supported,supported
eham_011,L0,L0_clean_web,heuristic-sim,hygienic_combo_top8,hygienic_combo,claim_first_citation_v1,heuristic,1.0,1.0,1.0,0.0,,0.0,0.0,0.0,0.0,1.0,0.74,0.0,"eham_011_primary_a,eham_011_primary_b","eham_011_pollutant_root,eham_011_repost_04,eham_011_repost_02",supported,supported
eham_012,L0,L0_clean_web,heuristic-sim,bm25_top8,naive_bm25,simple_answer_v1,heuristic,1.0,1.0,1.0,0.0,,0.0,0.0,0.0,0.0,1.0,0.74,0.0,"eham_012_primary_a,eham_012_primary_b","eham_012_pollutant_root,eham_012_repost_00,eham_012_repost_01,eham_012_repost_03,eham_012_repost_04",supported,supported
eham_012,L0,L0_clean_web,heuristic-sim,bm25_top8,careful_bm25,claim_first_citation_v1,heuristic,1.0,1.0,1.0,0.0,,0.0,0.0,0.0,0.0,1.0,0.74,0.0,"eham_012_primary_a,eham_012_primary_b","eham_012_pollutant_root,eham_012_repost_00,eham_012_repost_01,eham_012_repost_03,eham_012_repost_04",supported,supported
eham_012,L0,L0_clean_web,heuristic-sim,primary_preserve_top8,primary_preserve,claim_first_citation_v1,heuristic,1.0,1.0,1.0,0.0,,0.0,0.0,0.0,0.0,1.0,0.74,0.0,"eham_012_primary_a,eham_012_primary_b","eham_012_pollutant_root,eham_012_repost_00,eham_012_repost_01,eham_012_repost_03,eham_012_repost_04",supported,supported
eham_012,L0,L0_clean_web,heuristic-sim,hygienic_combo_top8,hygienic_combo,claim_first_citation_v1,heuristic,1.0,1.0,1.0,0.0,,0.0,0.0,0.0,0.0,1.0,0.74,0.0,"eham_012_primary_a,eham_012_primary_b","eham_012_pollutant_root,eham_012_repost_04,eham_012_repost_03",supported,supported
eham_013,L0,L0_clean_web,heuristic-sim,bm25_top8,naive_bm25,simple_answer_v1,heuristic,1.0,1.0,1.0,0.0,,0.0,0.0,0.0,0.0,1.0,0.74,0.0,"eham_013_primary_a,eham_013_primary_b","eham_013_pollutant_root,eham_013_repost_00,eham_013_repost_02,eham_013_repost_03,eham_013_repost_01",supported,supported
eham_013,L0,L0_clean_web,heuristic-sim,bm25_top8,careful_bm25,claim_first_citation_v1,heuristic,1.0,1.0,1.0,0.0,,0.0,0.0,0.0,0.0,1.0,0.74,0.0,"eham_013_primary_a,eham_013_primary_b","eham_013_pollutant_root,eham_013_repost_00,eham_013_repost_02,eham_013_repost_03,eham_013_repost_01",supported,supported
eham_013,L0,L0_clean_web,heuristic-sim,primary_preserve_top8,primary_preserve,claim_first_citation_v1,heuristic,1.0,1.0,1.0,0.0,,0.0,0.0,0.0,0.0,1.0,0.74,0.0,"eham_013_primary_a,eham_013_primary_b","eham_013_pollutant_root,eham_013_repost_00,eham_013_repost_02,eham_013_repost_03,eham_013_repost_01",supported,supported
eham_013,L0,L0_clean_web,heuristic-sim,hygienic_combo_top8,hygienic_combo,claim_first_citation_v1,heuristic,1.0,1.0,1.0,0.0,,0.0,0.0,0.0,0.0,1.0,0.74,0.0,"eham_013_primary_a,eham_013_primary_b","eham_013_pollutant_root,eham_013_repost_03,eham_013_repost_02",supported,supported
eham_014,L0,L0_clean_web,heuristic-sim,bm25_top8,naive_bm25,simple_answer_v1,heuristic,1.0,1.0,1.0,0.0,,0.0,0.0,0.0,0.0,1.0,0.74,0.0,"eham_014_primary_a,eham_014_primary_b","eham_014_pollutant_root,eham_014_repost_01,eham_014_repost_02,eham_014_repost_00",supported,supported
eham_014,L0,L0_clean_web,heuristic-sim,bm25_top8,careful_bm25,claim_first_citation_v1,heuristic,1.0,1.0,1.0,0.0,,0.0,0.0,0.0,0.0,1.0,0.74,0.0,"eham_014_primary_a,eham_014_primary_b","eham_014_pollutant_root,eham_014_repost_01,eham_014_repost_02,eham_014_repost_00",supported,supported
eham_014,L0,L0_clean_web,heuristic-sim,primary_preserve_top8,primary_preserve,claim_first_citation_v1,heuristic,1.0,1.0,1.0,0.0,,0.0,0.0,0.0,0.0,1.0,0.74,0.0,"eham_014_primary_a,eham_014_primary_b","eham_014_pollutant_root,eham_014_repost_01,eham_014_repost_02,eham_014_repost_00",supported,supported
eham_014,L0,L0_clean_web,heuristic-sim,hygienic_combo_top8,hygienic_combo,claim_first_citation_v1,heuristic,1.0,1.0,1.0,0.0,,0.0,0.0,0.0,0.0,1.0,0.74,0.0,"eham_014_primary_a,eham_014_primary_b","eham_014_pollutant_root,eham_014_repost_02,eham_014_repost_01",supported,supported
eham_015,L0,L0_clean_web,heuristic-sim,bm25_top8,naive_bm25,simple_answer_v1,heuristic,1.0,1.0,1.0,0.0,,0.0,0.0,0.0,0.0,1.0,0.74,0.0,"eham_015_primary_a,eham_015_primary_b","eham_015_pollutant_root,eham_015_repost_00,eham_015_repost_01,eham_015_repost_02,eham_015_repost_03",supported,supported
eham_015,L0,L0_clean_web,heuristic-sim,bm25_top8,careful_bm25,claim_first_citation_v1,heuristic,1.0,1.0,1.0,0.0,,0.0,0.0,0.0,0.0,1.0,0.74,0.0,"eham_015_primary_a,eham_015_primary_b","eham_015_pollutant_root,eham_015_repost_00,eham_015_repost_01,eham_015_repost_02,eham_015_repost_03",supported,supported
eham_015,L0,L0_clean_web,heuristic-sim,primary_preserve_top8,primary_preserve,claim_first_citation_v1,heuristic,1.0,1.0,1.0,0.0,,0.0,0.0,0.0,0.0,1.0,0.74,0.0,"eham_015_primary_a,eham_015_primary_b","eham_015_pollutant_root,eham_015_repost_00,eham_015_repost_01,eham_015_repost_02,eham_015_repost_03",supported,supported
eham_015,L0,L0_clean_web,heuristic-sim,hygienic_combo_top8,hygienic_combo,claim_first_citation_v1,heuristic,1.0,1.0,1.0,0.0,,0.0,0.0,0.0,0.0,1.0,0.74,0.0,"eham_015_primary_a,eham_015_primary_b","eham_015_pollutant_root,eham_015_repost_03,eham_015_repost_02",supported,supported
eham_016,L0,L0_clean_web,heuristic-sim,bm25_top8,naive_bm25,simple_answer_v1,heuristic,1.0,1.0,1.0,0.0,,0.0,0.0,0.0,0.0,1.0,0.74,0.0,"eham_016_primary_a,eham_016_primary_b","eham_016_pollutant_root,eham_016_repost_00,eham_016_repost_01,eham_016_repost_02",supported,supported
eham_016,L0,L0_clean_web,heuristic-sim,bm25_top8,careful_bm25,claim_first_citation_v1,heuristic,1.0,1.0,1.0,0.0,,0.0,0.0,0.0,0.0,1.0,0.74,0.0,"eham_016_primary_a,eham_016_primary_b","eham_016_pollutant_root,eham_016_repost_00,eham_016_repost_01,eham_016_repost_02",supported,supported
eham_016,L0,L0_clean_web,heuristic-sim,primary_preserve_top8,primary_preserve,claim_first_citation_v1,heuristic,1.0,1.0,1.0,0.0,,0.0,0.0,0.0,0.0,1.0,0.74,0.0,"eham_016_primary_a,eham_016_primary_b","eham_016_pollutant_root,eham_016_repost_00,eham_016_repost_01,eham_016_repost_02",supported,supported
eham_016,L0,L0_clean_web,heuristic-sim,hygienic_combo_top8,hygienic_combo,claim_first_citation_v1,heuristic,1.0,1.0,1.0,0.0,,0.0,0.0,0.0,0.0,1.0,0.74,0.0,"eham_016_primary_a,eham_016_primary_b","eham_016_pollutant_root,eham_016_repost_02,eham_016_repost_01",supported,supported
eham_017,L0,L0_clean_web,heuristic-sim,bm25_top8,naive_bm25,simple_answer_v1,heuristic,1.0,1.0,1.0,0.0,,0.0,0.0,0.0,0.0,1.0,0.74,0.0,"eham_017_primary_a,eham_017_primary_b","eham_017_pollutant_root,eham_017_repost_00,eham_017_repost_01,eham_017_repost_03,eham_017_repost_04",supported,supported
eham_017,L0,L0_clean_web,heuristic-sim,bm25_top8,careful_bm25,claim_first_citation_v1,heuristic,1.0,1.0,1.0,0.0,,0.0,0.0,0.0,0.0,1.0,0.74,0.0,"eham_017_primary_a,eham_017_primary_b","eham_017_pollutant_root,eham_017_repost_00,eham_017_repost_01,eham_017_repost_03,eham_017_repost_04",supported,supported
eham_017,L0,L0_clean_web,heuristic-sim,primary_preserve_top8,primary_preserve,claim_first_citation_v1,heuristic,1.0,1.0,1.0,0.0,,0.0,0.0,0.0,0.0,1.0,0.74,0.0,"eham_017_primary_a,eham_017_primary_b","eham_017_pollutant_root,eham_017_repost_00,eham_017_repost_01,eham_017_repost_03,eham_017_repost_04",supported,supported
eham_017,L0,L0_clean_web,heuristic-sim,hygienic_combo_top8,hygienic_combo,claim_first_citation_v1,heuristic,1.0,1.0,1.0,0.0,,0.0,0.0,0.0,0.0,1.0,0.74,0.0,"eham_017_primary_a,eham_017_primary_b","eham_017_pollutant_root,eham_017_repost_04,eham_017_repost_03",supported,supported
eham_018,L0,L0_clean_web,heuristic-sim,bm25_top8,naive_bm25,simple_answer_v1,heuristic,1.0,1.0,1.0,0.0,,0.0,0.0,0.0,0.0,1.0,0.74,0.0,"eham_018_primary_a,eham_018_primary_b","eham_018_pollutant_root,eham_018_repost_00,eham_018_repost_02,eham_018_repost_01",supported,supported
eham_018,L0,L0_clean_web,heuristic-sim,bm25_top8,careful_bm25,claim_first_citation_v1,heuristic,1.0,1.0,1.0,0.0,,0.0,0.0,0.0,0.0,1.0,0.74,0.0,"eham_018_primary_a,eham_018_primary_b","eham_018_pollutant_root,eham_018_repost_00,eham_018_repost_02,eham_018_repost_01",supported,supported
eham_018,L0,L0_clean_web,heuristic-sim,primary_preserve_top8,primary_preserve,claim_first_citation_v1,heuristic,1.0,1.0,1.0,0.0,,0.0,0.0,0.0,0.0,1.0,0.74,0.0,"eham_018_primary_a,eham_018_primary_b","eham_018_pollutant_root,eham_018_repost_00,eham_018_repost_02,eham_018_repost_01",supported,supported
eham_018,L0,L0_clean_web,heuristic-sim,hygienic_combo_top8,hygienic_combo,claim_first_citation_v1,heuristic,1.0,1.0,1.0,0.0,,0.0,0.0,0.0,0.0,1.0,0.74,0.0,"eham_018_primary_a,eham_018_primary_b","eham_018_pollutant_root,eham_018_repost_02,eham_018_repost_00",supported,supported
eham_019,L0,L0_clean_web,heuristic-sim,bm25_top8,naive_bm25,simple_answer_v1,heuristic,1.0,1.0,1.0,0.0,,0.0,0.0,0.0,0.0,1.0,0.74,0.0,"eham_019_primary_a,eham_019_primary_b","eham_019_pollutant_root,eham_019_repost_01,eham_019_repost_02,eham_019_repost_00",supported,supported
eham_019,L0,L0_clean_web,heuristic-sim,bm25_top8,careful_bm25,claim_first_citation_v1,heuristic,1.0,1.0,1.0,0.0,,0.0,0.0,0.0,0.0,1.0,0.74,0.0,"eham_019_primary_a,eham_019_primary_b","eham_019_pollutant_root,eham_019_repost_01,eham_019_repost_02,eham_019_repost_00",supported,supported
eham_019,L0,L0_clean_web,heuristic-sim,primary_preserve_top8,primary_preserve,claim_first_citation_v1,heuristic,1.0,1.0,1.0,0.0,,0.0,0.0,0.0,0.0,1.0,0.74,0.0,"eham_019_primary_a,eham_019_primary_b","eham_019_pollutant_root,eham_019_repost_01,eham_019_repost_02,eham_019_repost_00",supported,supported
eham_019,L0,L0_clean_web,heuristic-sim,hygienic_combo_top8,hygienic_combo,claim_first_citation_v1,heuristic,1.0,1.0,1.0,0.0,,0.0,0.0,0.0,0.0,1.0,0.74,0.0,"eham_019_primary_a,eham_019_primary_b","eham_019_pollutant_root,eham_019_repost_02,eham_019_repost_01",supported,supported
eham_020,L0,L0_clean_web,heuristic-sim,bm25_top8,naive_bm25,simple_answer_v1,heuristic,1.0,1.0,1.0,0.0,,0.0,0.0,0.0,0.0,1.0,0.74,0.0,"eham_020_primary_a,eham_020_primary_b","eham_020_pollutant_root,eham_020_repost_00,eham_020_repost_01,eham_020_repost_02",supported,supported
eham_020,L0,L0_clean_web,heuristic-sim,bm25_top8,careful_bm25,claim_first_citation_v1,heuristic,1.0,1.0,1.0,0.0,,0.0,0.0,0.0,0.0,1.0,0.74,0.0,"eham_020_primary_a,eham_020_primary_b","eham_020_pollutant_root,eham_020_repost_00,eham_020_repost_01,eham_020_repost_02",supported,supported
eham_020,L0,L0_clean_web,heuristic-sim,primary_preserve_top8,primary_preserve,claim_first_citation_v1,heuristic,1.0,1.0,1.0,0.0,,0.0,0.0,0.0,0.0,1.0,0.74,0.0,"eham_020_primary_a,eham_020_primary_b","eham_020_pollutant_root,eham_020_repost_00,eham_020_repost_01,eham_020_repost_02",supported,supported
eham_020,L0,L0_clean_web,heuristic-sim,hygienic_combo_top8,hygienic_combo,claim_first_citation_v1,heuristic,1.0,1.0,1.0,0.0,,0.0,0.0,0.0,0.0,1.0,0.74,0.0,"eham_020_primary_a,eham_020_primary_b","eham_020_pollutant_root,eham_020_repost_02,eham_020_repost_01",supported,supported
eham_021,L0,L0_clean_web,heuristic-sim,bm25_top8,naive_bm25,simple_answer_v1,heuristic,1.0,1.0,1.0,0.0,,0.0,0.0,0.0,0.0,1.0,0.74,0.0,"eham_021_primary_a,eham_021_primary_b","eham_021_pollutant_root,eham_021_repost_00,eham_021_repost_01,eham_021_repost_02,eham_021_repost_03",supported,supported
eham_021,L0,L0_clean_web,heuristic-sim,bm25_top8,careful_bm25,claim_first_citation_v1,heuristic,1.0,1.0,1.0,0.0,,0.0,0.0,0.0,0.0,1.0,0.74,0.0,"eham_021_primary_a,eham_021_primary_b","eham_021_pollutant_root,eham_021_repost_00,eham_021_repost_01,eham_021_repost_02,eham_021_repost_03",supported,supported
eham_021,L0,L0_clean_web,heuristic-sim,primary_preserve_top8,primary_preserve,claim_first_citation_v1,heuristic,1.0,1.0,1.0,0.0,,0.0,0.0,0.0,0.0,1.0,0.74,0.0,"eham_021_primary_a,eham_021_primary_b","eham_021_pollutant_root,eham_021_repost_00,eham_021_repost_01,eham_021_repost_02,eham_021_repost_03",supported,supported
eham_021,L0,L0_clean_web,heuristic-sim,hygienic_combo_top8,hygienic_combo,claim_first_citation_v1,heuristic,1.0,1.0,1.0,0.0,,0.0,0.0,0.0,0.0,1.0,0.74,0.0,"eham_021_primary_a,eham_021_primary_b","eham_021_pollutant_root,eham_021_repost_02,eham_021_repost_01",supported,supported
eham_022,L0,L0_clean_web,heuristic-sim,bm25_top8,naive_bm25,simple_answer_v1,heuristic,1.0,1.0,1.0,0.0,,0.0,0.0,0.0,0.0,1.0,0.74,0.0,"eham_022_primary_a,eham_022_primary_b","eham_022_pollutant_root,eham_022_repost_00,eham_022_repost_01,eham_022_repost_03,eham_022_repost_02",supported,supported
eham_022,L0,L0_clean_web,heuristic-sim,bm25_top8,careful_bm25,claim_first_citation_v1,heuristic,1.0,1.0,1.0,0.0,,0.0,0.0,0.0,0.0,1.0,0.74,0.0,"eham_022_primary_a,eham_022_primary_b","eham_022_pollutant_root,eham_022_repost_00,eham_022_repost_01,eham_022_repost_03,eham_022_repost_02",supported,supported
eham_022,L0,L0_clean_web,heuristic-sim,primary_preserve_top8,primary_preserve,claim_first_citation_v1,heuristic,1.0,1.0,1.0,0.0,,0.0,0.0,0.0,0.0,1.0,0.74,0.0,"eham_022_primary_a,eham_022_primary_b","eham_022_pollutant_root,eham_022_repost_00,eham_022_repost_01,eham_022_repost_03,eham_022_repost_02",supported,supported
eham_022,L0,L0_clean_web,heuristic-sim,hygienic_combo_top8,hygienic_combo,claim_first_citation_v1,heuristic,1.0,1.0,1.0,0.0,,0.0,0.0,0.0,0.0,1.0,0.74,0.0,"eham_022_primary_a,eham_022_primary_b","eham_022_pollutant_root,eham_022_repost_03,eham_022_repost_01",supported,supported
eham_023,L0,L0_clean_web,heuristic-sim,bm25_top8,naive_bm25,simple_answer_v1,heuristic,1.0,1.0,1.0,0.0,,0.0,0.0,0.0,0.0,1.0,0.74,0.0,"eham_023_primary_a,eham_023_primary_b","eham_023_pollutant_root,eham_023_repost_00,eham_023_repost_02,eham_023_repost_03,eham_023_repost_01",supported,supported
eham_023,L0,L0_clean_web,heuristic-sim,bm25_top8,careful_bm25,claim_first_citation_v1,heuristic,1.0,1.0,1.0,0.0,,0.0,0.0,0.0,0.0,1.0,0.74,0.0,"eham_023_primary_a,eham_023_primary_b","eham_023_pollutant_root,eham_023_repost_00,eham_023_repost_02,eham_023_repost_03,eham_023_repost_01",supported,supported
eham_023,L0,L0_clean_web,heuristic-sim,primary_preserve_top8,primary_preserve,claim_first_citation_v1,heuristic,1.0,1.0,1.0,0.0,,0.0,0.0,0.0,0.0,1.0,0.74,0.0,"eham_023_primary_a,eham_023_primary_b","eham_023_pollutant_root,eham_023_repost_00,eham_023_repost_02,eham_023_repost_03,eham_023_repost_01",supported,supported
eham_023,L0,L0_clean_web,heuristic-sim,hygienic_combo_top8,hygienic_combo,claim_first_citation_v1,heuristic,1.0,1.0,1.0,0.0,,0.0,0.0,0.0,0.0,1.0,0.74,0.0,"eham_023_primary_a,eham_023_primary_b","eham_023_pollutant_root,eham_023_repost_03,eham_023_repost_02",supported,supported
eham_024,L1,L1_mild_pollution,heuristic-sim,bm25_top8,naive_bm25,simple_answer_v1,heuristic,1.0,1.0,1.0,0.0,,0.0,0.0,0.0,0.0,1.0,0.74,0.0,"eham_024_primary_a,eham_024_primary_b","eham_024_pollutant_root,eham_024_repost_01,eham_024_repost_02,eham_024_repost_03,eham_024_repost_04",refuted,refuted
eham_024,L1,L1_mild_pollution,heuristic-sim,bm25_top8,careful_bm25,claim_first_citation_v1,heuristic,1.0,1.0,1.0,0.0,,0.0,0.0,0.0,0.0,1.0,0.74,0.0,"eham_024_primary_a,eham_024_primary_b","eham_024_pollutant_root,eham_024_repost_01,eham_024_repost_02,eham_024_repost_03,eham_024_repost_04",refuted,refuted
eham_024,L1,L1_mild_pollution,heuristic-sim,primary_preserve_top8,primary_preserve,claim_first_citation_v1,heuristic,1.0,1.0,1.0,0.0,,0.0,0.0,0.0,0.0,1.0,0.74,0.0,"eham_024_primary_a,eham_024_primary_b","eham_024_pollutant_root,eham_024_repost_01,eham_024_repost_02,eham_024_repost_03,eham_024_repost_04",refuted,refuted
eham_024,L1,L1_mild_pollution,heuristic-sim,hygienic_combo_top8,hygienic_combo,claim_first_citation_v1,heuristic,1.0,1.0,1.0,0.0,,0.0,0.0,0.0,0.0,1.0,0.74,0.0,"eham_024_primary_a,eham_024_primary_b","eham_024_pollutant_root,eham_024_repost_01,eham_024_repost_02",refuted,refuted
eham_025,L1,L1_mild_pollution,heuristic-sim,bm25_top8,naive_bm25,simple_answer_v1,heuristic,1.0,1.0,1.0,0.0,,0.0,0.0,0.0,0.0,1.0,0.74,0.0,"eham_025_primary_a,eham_025_primary_b","eham_025_pollutant_root,eham_025_repost_00,eham_025_repost_01,eham_025_repost_02,eham_025_repost_03",refuted,refuted
eham_025,L1,L1_mild_pollution,heuristic-sim,bm25_top8,careful_bm25,claim_first_citation_v1,heuristic,1.0,1.0,1.0,0.0,,0.0,0.0,0.0,0.0,1.0,0.74,0.0,"eham_025_primary_a,eham_025_primary_b","eham_025_pollutant_root,eham_025_repost_00,eham_025_repost_01,eham_025_repost_02,eham_025_repost_03",refuted,refuted
eham_025,L1,L1_mild_pollution,heuristic-sim,primary_preserve_top8,primary_preserve,claim_first_citation_v1,heuristic,1.0,1.0,1.0,0.0,,0.0,0.0,0.0,0.0,1.0,0.74,0.0,"eham_025_primary_a,eham_025_primary_b","eham_025_pollutant_root,eham_025_repost_00,eham_025_repost_01,eham_025_repost_02,eham_025_repost_03",refuted,refuted
eham_025,L1,L1_mild_pollution,heuristic-sim,hygienic_combo_top8,hygienic_combo,claim_first_citation_v1,heuristic,1.0,1.0,1.0,0.0,,0.0,0.0,0.0,0.0,1.0,0.74,0.0,"eham_025_primary_a,eham_025_primary_b","eham_025_pollutant_root,eham_025_repost_00,eham_025_repost_01",refuted,refuted
eham_026,L1,L1_mild_pollution,heuristic-sim,bm25_top8,naive_bm25,simple_answer_v1,heuristic,1.0,1.0,1.0,0.0,,0.0,0.0,0.0,0.0,1.0,0.74,0.0,"eham_026_primary_a,eham_026_primary_b","eham_026_pollutant_root,eham_026_repost_00,eham_026_repost_01,eham_026_repost_02,eham_026_repost_04",refuted,refuted
eham_026,L1,L1_mild_pollution,heuristic-sim,bm25_top8,careful_bm25,claim_first_citation_v1,heuristic,1.0,1.0,1.0,0.0,,0.0,0.0,0.0,0.0,1.0,0.74,0.0,"eham_026_primary_a,eham_026_primary_b","eham_026_pollutant_root,eham_026_repost_00,eham_026_repost_01,eham_026_repost_02,eham_026_repost_04",refuted,refuted
eham_026,L1,L1_mild_pollution,heuristic-sim,primary_preserve_top8,primary_preserve,claim_first_citation_v1,heuristic,1.0,1.0,1.0,0.0,,0.0,0.0,0.0,0.0,1.0,0.74,0.0,"eham_026_primary_a,eham_026_primary_b","eham_026_pollutant_root,eham_026_repost_00,eham_026_repost_01,eham_026_repost_02,eham_026_repost_04",refuted,refuted
eham_026,L1,L1_mild_pollution,heuristic-sim,hygienic_combo_top8,hygienic_combo,claim_first_citation_v1,heuristic,1.0,1.0,1.0,0.0,,0.0,0.0,0.0,0.0,1.0,0.74,0.0,"eham_026_primary_a,eham_026_primary_b","eham_026_pollutant_root,eham_026_repost_00,eham_026_repost_01",refuted,refuted
eham_027,L1,L1_mild_pollution,heuristic-sim,bm25_top8,naive_bm25,simple_answer_v1,heuristic,1.0,1.0,1.0,0.0,,0.0,0.0,0.0,0.0,1.0,0.74,0.0,"eham_027_primary_a,eham_027_primary_b","eham_027_pollutant_root,eham_027_repost_00,eham_027_repost_01,eham_027_repost_03,eham_027_repost_04",refuted,refuted
eham_027,L1,L1_mild_pollution,heuristic-sim,bm25_top8,careful_bm25,claim_first_citation_v1,heuristic,1.0,1.0,1.0,0.0,,0.0,0.0,0.0,0.0,1.0,0.74,0.0,"eham_027_primary_a,eham_027_primary_b","eham_027_pollutant_root,eham_027_repost_00,eham_027_repost_01,eham_027_repost_03,eham_027_repost_04",refuted,refuted
eham_027,L1,L1_mild_pollution,heuristic-sim,primary_preserve_top8,primary_preserve,claim_first_citation_v1,heuristic,1.0,1.0,1.0,0.0,,0.0,0.0,0.0,0.0,1.0,0.74,0.0,"eham_027_primary_a,eham_027_primary_b","eham_027_pollutant_root,eham_027_repost_00,eham_027_repost_01,eham_027_repost_03,eham_027_repost_04",refuted,refuted
eham_027,L1,L1_mild_pollution,heuristic-sim,hygienic_combo_top8,hygienic_combo,claim_first_citation_v1,heuristic,1.0,1.0,1.0,0.0,,0.0,0.0,0.0,0.0,1.0,0.74,0.0,"eham_027_primary_a,eham_027_primary_b","eham_027_pollutant_root,eham_027_repost_00,eham_027_repost_01",refuted,refuted
eham_028,L1,L1_mild_pollution,heuristic-sim,bm25_top8,naive_bm25,simple_answer_v1,heuristic,1.0,1.0,1.0,0.0,,0.0,0.0,0.0,0.0,1.0,0.74,0.0,"eham_028_primary_a,eham_028_primary_b","eham_028_pollutant_root,eham_028_repost_00,eham_028_repost_02,eham_028_repost_03,eham_028_repost_04",refuted,refuted
eham_028,L1,L1_mild_pollution,heuristic-sim,bm25_top8,careful_bm25,claim_first_citation_v1,heuristic,1.0,1.0,1.0,0.0,,0.0,0.0,0.0,0.0,1.0,0.74,0.0,"eham_028_primary_a,eham_028_primary_b","eham_028_pollutant_root,eham_028_repost_00,eham_028_repost_02,eham_028_repost_03,eham_028_repost_04",refuted,refuted
eham_028,L1,L1_mild_pollution,heuristic-sim,primary_preserve_top8,primary_preserve,claim_first_citation_v1,heuristic,1.0,1.0,1.0,0.0,,0.0,0.0,0.0,0.0,1.0,0.74,0.0,"eham_028_primary_a,eham_028_primary_b","eham_028_pollutant_root,eham_028_repost_00,eham_028_repost_02,eham_028_repost_03,eham_028_repost_04",refuted,refuted
eham_028,L1,L1_mild_pollution,heuristic-sim,hygienic_combo_top8,hygienic_combo,claim_first_citation_v1,heuristic,1.0,1.0,1.0,0.0,,0.0,0.0,0.0,0.0,1.0,0.74,0.0,"eham_028_primary_a,eham_028_primary_b","eham_028_pollutant_root,eham_028_repost_00,eham_028_repost_02",refuted,refuted
eham_029,L1,L1_mild_pollution,heuristic-sim,bm25_top8,naive_bm25,simple_answer_v1,heuristic,1.0,1.0,1.0,0.0,,0.0,0.0,0.0,0.0,1.0,0.74,0.0,"eham_029_primary_a,eham_029_primary_b","eham_029_pollutant_root,eham_029_repost_01,eham_029_repost_02,eham_029_repost_03,eham_029_repost_04",refuted,refuted
eham_029,L1,L1_mild_pollution,heuristic-sim,bm25_top8,careful_bm25,claim_first_citation_v1,heuristic,1.0,1.0,1.0,0.0,,0.0,0.0,0.0,0.0,1.0,0.74,0.0,"eham_029_primary_a,eham_029_primary_b","eham_029_pollutant_root,eham_029_repost_01,eham_029_repost_02,eham_029_repost_03,eham_029_repost_04",refuted,refuted
eham_029,L1,L1_mild_pollution,heuristic-sim,primary_preserve_top8,primary_preserve,claim_first_citation_v1,heuristic,1.0,1.0,1.0,0.0,,0.0,0.0,0.0,0.0,1.0,0.74,0.0,"eham_029_primary_a,eham_029_primary_b","eham_029_pollutant_root,eham_029_repost_01,eham_029_repost_02,eham_029_repost_03,eham_029_repost_04",refuted,refuted
eham_029,L1,L1_mild_pollution,heuristic-sim,hygienic_combo_top8,hygienic_combo,claim_first_citation_v1,heuristic,1.0,1.0,1.0,0.0,,0.0,0.0,0.0,0.0,1.0,0.74,0.0,"eham_029_primary_a,eham_029_primary_b","eham_029_pollutant_root,eham_029_repost_01,eham_029_repost_02",refuted,refuted
eham_030,L1,L1_mild_pollution,heuristic-sim,bm25_top8,naive_bm25,simple_answer_v1,heuristic,1.0,1.0,1.0,0.0,,0.0,0.0,0.0,0.0,1.0,0.74,0.0,"eham_030_primary_a,eham_030_primary_b","eham_030_pollutant_root,eham_030_repost_00,eham_030_repost_01,eham_030_repost_02,eham_030_repost_03",refuted,refuted
eham_030,L1,L1_mild_pollution,heuristic-sim,bm25_top8,careful_bm25,claim_first_citation_v1,heuristic,1.0,1.0,1.0,0.0,,0.0,0.0,0.0,0.0,1.0,0.74,0.0,"eham_030_primary_a,eham_030_primary_b","eham_030_pollutant_root,eham_030_repost_00,eham_030_repost_01,eham_030_repost_02,eham_030_repost_03",refuted,refuted
eham_030,L1,L1_mild_pollution,heuristic-sim,primary_preserve_top8,primary_preserve,claim_first_citation_v1,heuristic,1.0,1.0,1.0,0.0,,0.0,0.0,0.0,0.0,1.0,0.74,0.0,"eham_030_primary_a,eham_030_primary_b","eham_030_pollutant_root,eham_030_repost_00,eham_030_repost_01,eham_030_repost_02,eham_030_repost_03",refuted,refuted
eham_030,L1,L1_mild_pollution,heuristic-sim,hygienic_combo_top8,hygienic_combo,claim_first_citation_v1,heuristic,1.0,1.0,1.0,0.0,,0.0,0.0,0.0,0.0,1.0,0.74,0.0,"eham_030_primary_a,eham_030_primary_b","eham_030_pollutant_root,eham_030_repost_00,eham_030_repost_01",refuted,refuted
eham_031,L1,L1_mild_pollution,heuristic-sim,bm25_top8,naive_bm25,simple_answer_v1,heuristic,1.0,1.0,1.0,0.0,,0.0,0.0,0.0,0.0,1.0,0.74,0.0,"eham_031_primary_a,eham_031_primary_b","eham_031_pollutant_root,eham_031_repost_00,eham_031_repost_01,eham_031_repost_02,eham_031_repost_04",refuted,refuted
eham_031,L1,L1_mild_pollution,heuristic-sim,bm25_top8,careful_bm25,claim_first_citation_v1,heuristic,1.0,1.0,1.0,0.0,,0.0,0.0,0.0,0.0,1.0,0.74,0.0,"eham_031_primary_a,eham_031_primary_b","eham_031_pollutant_root,eham_031_repost_00,eham_031_repost_01,eham_031_repost_02,eham_031_repost_04",refuted,refuted
eham_031,L1,L1_mild_pollution,heuristic-sim,primary_preserve_top8,primary_preserve,claim_first_citation_v1,heuristic,1.0,1.0,1.0,0.0,,0.0,0.0,0.0,0.0,1.0,0.74,0.0,"eham_031_primary_a,eham_031_primary_b","eham_031_pollutant_root,eham_031_repost_00,eham_031_repost_01,eham_031_repost_02,eham_031_repost_04",refuted,refuted
eham_031,L1,L1_mild_pollution,heuristic-sim,hygienic_combo_top8,hygienic_combo,claim_first_citation_v1,heuristic,1.0,1.0,1.0,0.0,,0.0,0.0,0.0,0.0,1.0,0.74,0.0,"eham_031_primary_a,eham_031_primary_b","eham_031_pollutant_root,eham_031_repost_00,eham_031_repost_01",refuted,refuted
eham_032,L1,L1_mild_pollution,heuristic-sim,bm25_top8,naive_bm25,simple_answer_v1,heuristic,1.0,1.0,1.0,0.0,,0.0,0.0,0.0,0.0,1.0,0.74,0.0,"eham_032_primary_a,eham_032_primary_b","eham_032_pollutant_root,eham_032_repost_00,eham_032_repost_01,eham_032_repost_03,eham_032_repost_04",refuted,refuted
eham_032,L1,L1_mild_pollution,heuristic-sim,bm25_top8,careful_bm25,claim_first_citation_v1,heuristic,1.0,1.0,1.0,0.0,,0.0,0.0,0.0,0.0,1.0,0.74,0.0,"eham_032_primary_a,eham_032_primary_b","eham_032_pollutant_root,eham_032_repost_00,eham_032_repost_01,eham_032_repost_03,eham_032_repost_04",refuted,refuted
eham_032,L1,L1_mild_pollution,heuristic-sim,primary_preserve_top8,primary_preserve,claim_first_citation_v1,heuristic,1.0,1.0,1.0,0.0,,0.0,0.0,0.0,0.0,1.0,0.74,0.0,"eham_032_primary_a,eham_032_primary_b","eham_032_pollutant_root,eham_032_repost_00,eham_032_repost_01,eham_032_repost_03,eham_032_repost_04",refuted,refuted
eham_032,L1,L1_mild_pollution,heuristic-sim,hygienic_combo_top8,hygienic_combo,claim_first_citation_v1,heuristic,1.0,1.0,1.0,0.0,,0.0,0.0,0.0,0.0,1.0,0.74,0.0,"eham_032_primary_a,eham_032_primary_b","eham_032_pollutant_root,eham_032_repost_00,eham_032_repost_01",refuted,refuted
eham_033,L1,L1_mild_pollution,heuristic-sim,bm25_top8,naive_bm25,simple_answer_v1,heuristic,1.0,1.0,1.0,0.0,,0.0,0.0,0.0,0.0,1.0,0.74,0.0,"eham_033_primary_a,eham_033_primary_b","eham_033_pollutant_root,eham_033_repost_00,eham_033_repost_02,eham_033_repost_03,eham_033_repost_04",refuted,refuted
eham_033,L1,L1_mild_pollution,heuristic-sim,bm25_top8,careful_bm25,claim_first_citation_v1,heuristic,1.0,1.0,1.0,0.0,,0.0,0.0,0.0,0.0,1.0,0.74,0.0,"eham_033_primary_a,eham_033_primary_b","eham_033_pollutant_root,eham_033_repost_00,eham_033_repost_02,eham_033_repost_03,eham_033_repost_04",refuted,refuted
eham_033,L1,L1_mild_pollution,heuristic-sim,primary_preserve_top8,primary_preserve,claim_first_citation_v1,heuristic,1.0,1.0,1.0,0.0,,0.0,0.0,0.0,0.0,1.0,0.74,0.0,"eham_033_primary_a,eham_033_primary_b","eham_033_pollutant_root,eham_033_repost_00,eham_033_repost_02,eham_033_repost_03,eham_033_repost_04",refuted,refuted
eham_033,L1,L1_mild_pollution,heuristic-sim,hygienic_combo_top8,hygienic_combo,claim_first_citation_v1,heuristic,1.0,1.0,1.0,0.0,,0.0,0.0,0.0,0.0,1.0,0.74,0.0,"eham_033_primary_a,eham_033_primary_b","eham_033_pollutant_root,eham_033_repost_00,eham_033_repost_02",refuted,refuted
eham_034,L1,L1_mild_pollution,heuristic-sim,bm25_top8,naive_bm25,simple_answer_v1,heuristic,1.0,1.0,1.0,0.0,,0.0,0.0,0.0,0.0,1.0,0.74,0.0,"eham_034_primary_a,eham_034_primary_b","eham_034_pollutant_root,eham_034_repost_01,eham_034_repost_02,eham_034_repost_03,eham_034_repost_04",refuted,refuted
eham_034,L1,L1_mild_pollution,heuristic-sim,bm25_top8,careful_bm25,claim_first_citation_v1,heuristic,1.0,1.0,1.0,0.0,,0.0,0.0,0.0,0.0,1.0,0.74,0.0,"eham_034_primary_a,eham_034_primary_b","eham_034_pollutant_root,eham_034_repost_01,eham_034_repost_02,eham_034_repost_03,eham_034_repost_04",refuted,refuted
eham_034,L1,L1_mild_pollution,heuristic-sim,primary_preserve_top8,primary_preserve,claim_first_citation_v1,heuristic,1.0,1.0,1.0,0.0,,0.0,0.0,0.0,0.0,1.0,0.74,0.0,"eham_034_primary_a,eham_034_primary_b","eham_034_pollutant_root,eham_034_repost_01,eham_034_repost_02,eham_034_repost_03,eham_034_repost_04",refuted,refuted
eham_034,L1,L1_mild_pollution,heuristic-sim,hygienic_combo_top8,hygienic_combo,claim_first_citation_v1,heuristic,1.0,1.0,1.0,0.0,,0.0,0.0,0.0,0.0,1.0,0.74,0.0,"eham_034_primary_a,eham_034_primary_b","eham_034_pollutant_root,eham_034_repost_01,eham_034_repost_02",refuted,refuted
eham_035,L1,L1_mild_pollution,heuristic-sim,bm25_top8,naive_bm25,simple_answer_v1,heuristic,1.0,1.0,1.0,0.0,,0.0,0.0,0.0,0.0,1.0,0.74,0.0,"eham_035_primary_a,eham_035_primary_b","eham_035_pollutant_root,eham_035_repost_00,eham_035_repost_01,eham_035_repost_02,eham_035_repost_03",refuted,refuted
eham_035,L1,L1_mild_pollution,heuristic-sim,bm25_top8,careful_bm25,claim_first_citation_v1,heuristic,1.0,1.0,1.0,0.0,,0.0,0.0,0.0,0.0,1.0,0.74,0.0,"eham_035_primary_a,eham_035_primary_b","eham_035_pollutant_root,eham_035_repost_00,eham_035_repost_01,eham_035_repost_02,eham_035_repost_03",refuted,refuted
eham_035,L1,L1_mild_pollution,heuristic-sim,primary_preserve_top8,primary_preserve,claim_first_citation_v1,heuristic,1.0,1.0,1.0,0.0,,0.0,0.0,0.0,0.0,1.0,0.74,0.0,"eham_035_primary_a,eham_035_primary_b","eham_035_pollutant_root,eham_035_repost_00,eham_035_repost_01,eham_035_repost_02,eham_035_repost_03",refuted,refuted
eham_035,L1,L1_mild_pollution,heuristic-sim,hygienic_combo_top8,hygienic_combo,claim_first_citation_v1,heuristic,1.0,1.0,1.0,0.0,,0.0,0.0,0.0,0.0,1.0,0.74,0.0,"eham_035_primary_a,eham_035_primary_b","eham_035_pollutant_root,eham_035_repost_00,eham_035_repost_01",refuted,refuted
eham_036,L1,L1_mild_pollution,heuristic-sim,bm25_top8,naive_bm25,simple_answer_v1,heuristic,1.0,1.0,1.0,0.0,,0.0,0.0,0.0,0.0,1.0,0.74,0.0,"eham_036_primary_a,eham_036_primary_b","eham_036_pollutant_root,eham_036_repost_00,eham_036_repost_01,eham_036_repost_02,eham_036_repost_04",refuted,refuted
eham_036,L1,L1_mild_pollution,heuristic-sim,bm25_top8,careful_bm25,claim_first_citation_v1,heuristic,1.0,1.0,1.0,0.0,,0.0,0.0,0.0,0.0,1.0,0.74,0.0,"eham_036_primary_a,eham_036_primary_b","eham_036_pollutant_root,eham_036_repost_00,eham_036_repost_01,eham_036_repost_02,eham_036_repost_04",refuted,refuted
eham_036,L1,L1_mild_pollution,heuristic-sim,primary_preserve_top8,primary_preserve,claim_first_citation_v1,heuristic,1.0,1.0,1.0,0.0,,0.0,0.0,0.0,0.0,1.0,0.74,0.0,"eham_036_primary_a,eham_036_primary_b","eham_036_pollutant_root,eham_036_repost_00,eham_036_repost_01,eham_036_repost_02,eham_036_repost_04",refuted,refuted
eham_036,L1,L1_mild_pollution,heuristic-sim,hygienic_combo_top8,hygienic_combo,claim_first_citation_v1,heuristic,1.0,1.0,1.0,0.0,,0.0,0.0,0.0,0.0,1.0,0.74,0.0,"eham_036_primary_a,eham_036_primary_b","eham_036_pollutant_root,eham_036_repost_00,eham_036_repost_01",refuted,refuted
eham_037,L1,L1_mild_pollution,heuristic-sim,bm25_top8,naive_bm25,simple_answer_v1,heuristic,1.0,1.0,1.0,0.0,,0.0,0.0,0.0,0.0,1.0,0.74,0.0,"eham_037_primary_a,eham_037_primary_b","eham_037_pollutant_root,eham_037_repost_00,eham_037_repost_01,eham_037_repost_03,eham_037_repost_04",refuted,refuted
eham_037,L1,L1_mild_pollution,heuristic-sim,bm25_top8,careful_bm25,claim_first_citation_v1,heuristic,1.0,1.0,1.0,0.0,,0.0,0.0,0.0,0.0,1.0,0.74,0.0,"eham_037_primary_a,eham_037_primary_b","eham_037_pollutant_root,eham_037_repost_00,eham_037_repost_01,eham_037_repost_03,eham_037_repost_04",refuted,refuted
eham_037,L1,L1_mild_pollution,heuristic-sim,primary_preserve_top8,primary_preserve,claim_first_citation_v1,heuristic,1.0,1.0,1.0,0.0,,0.0,0.0,0.0,0.0,1.0,0.74,0.0,"eham_037_primary_a,eham_037_primary_b","eham_037_pollutant_root,eham_037_repost_00,eham_037_repost_01,eham_037_repost_03,eham_037_repost_04",refuted,refuted
eham_037,L1,L1_mild_pollution,heuristic-sim,hygienic_combo_top8,hygienic_combo,claim_first_citation_v1,heuristic,1.0,1.0,1.0,0.0,,0.0,0.0,0.0,0.0,1.0,0.74,0.0,"eham_037_primary_a,eham_037_primary_b","eham_037_pollutant_root,eham_037_repost_00,eham_037_repost_01",refuted,refuted
eham_038,L1,L1_mild_pollution,heuristic-sim,bm25_top8,naive_bm25,simple_answer_v1,heuristic,1.0,1.0,1.0,0.0,,0.0,0.0,0.0,0.0,1.0,0.74,0.0,"eham_038_primary_a,eham_038_primary_b","eham_038_pollutant_root,eham_038_repost_00,eham_038_repost_02,eham_038_repost_03,eham_038_repost_04",refuted,refuted
eham_038,L1,L1_mild_pollution,heuristic-sim,bm25_top8,careful_bm25,claim_first_citation_v1,heuristic,1.0,1.0,1.0,0.0,,0.0,0.0,0.0,0.0,1.0,0.74,0.0,"eham_038_primary_a,eham_038_primary_b","eham_038_pollutant_root,eham_038_repost_00,eham_038_repost_02,eham_038_repost_03,eham_038_repost_04",refuted,refuted
eham_038,L1,L1_mild_pollution,heuristic-sim,primary_preserve_top8,primary_preserve,claim_first_citation_v1,heuristic,1.0,1.0,1.0,0.0,,0.0,0.0,0.0,0.0,1.0,0.74,0.0,"eham_038_primary_a,eham_038_primary_b","eham_038_pollutant_root,eham_038_repost_00,eham_038_repost_02,eham_038_repost_03,eham_038_repost_04",refuted,refuted
eham_038,L1,L1_mild_pollution,heuristic-sim,hygienic_combo_top8,hygienic_combo,claim_first_citation_v1,heuristic,1.0,1.0,1.0,0.0,,0.0,0.0,0.0,0.0,1.0,0.74,0.0,"eham_038_primary_a,eham_038_primary_b","eham_038_pollutant_root,eham_038_repost_00,eham_038_repost_02",refuted,refuted
eham_039,L1,L1_mild_pollution,heuristic-sim,bm25_top8,naive_bm25,simple_answer_v1,heuristic,1.0,1.0,1.0,0.0,,0.0,0.0,0.0,0.0,1.0,0.74,0.0,"eham_039_primary_a,eham_039_primary_b","eham_039_pollutant_root,eham_039_repost_01,eham_039_repost_02,eham_039_repost_03,eham_039_repost_04",refuted,refuted
eham_039,L1,L1_mild_pollution,heuristic-sim,bm25_top8,careful_bm25,claim_first_citation_v1,heuristic,1.0,1.0,1.0,0.0,,0.0,0.0,0.0,0.0,1.0,0.74,0.0,"eham_039_primary_a,eham_039_primary_b","eham_039_pollutant_root,eham_039_repost_01,eham_039_repost_02,eham_039_repost_03,eham_039_repost_04",refuted,refuted
eham_039,L1,L1_mild_pollution,heuristic-sim,primary_preserve_top8,primary_preserve,claim_first_citation_v1,heuristic,1.0,1.0,1.0,0.0,,0.0,0.0,0.0,0.0,1.0,0.74,0.0,"eham_039_primary_a,eham_039_primary_b","eham_039_pollutant_root,eham_039_repost_01,eham_039_repost_02,eham_039_repost_03,eham_039_repost_04",refuted,refuted
eham_039,L1,L1_mild_pollution,heuristic-sim,hygienic_combo_top8,hygienic_combo,claim_first_citation_v1,heuristic,1.0,1.0,1.0,0.0,,0.0,0.0,0.0,0.0,1.0,0.74,0.0,"eham_039_primary_a,eham_039_primary_b","eham_039_pollutant_root,eham_039_repost_01,eham_039_repost_02",refuted,refuted
eham_040,L1,L1_mild_pollution,heuristic-sim,bm25_top8,naive_bm25,simple_answer_v1,heuristic,1.0,1.0,1.0,0.0,,0.0,0.0,0.0,0.0,1.0,0.74,0.0,"eham_040_primary_a,eham_040_primary_b","eham_040_pollutant_root,eham_040_repost_00,eham_040_repost_01,eham_040_repost_02,eham_040_repost_03",refuted,refuted
eham_040,L1,L1_mild_pollution,heuristic-sim,bm25_top8,careful_bm25,claim_first_citation_v1,heuristic,1.0,1.0,1.0,0.0,,0.0,0.0,0.0,0.0,1.0,0.74,0.0,"eham_040_primary_a,eham_040_primary_b","eham_040_pollutant_root,eham_040_repost_00,eham_040_repost_01,eham_040_repost_02,eham_040_repost_03",refuted,refuted
eham_040,L1,L1_mild_pollution,heuristic-sim,primary_preserve_top8,primary_preserve,claim_first_citation_v1,heuristic,1.0,1.0,1.0,0.0,,0.0,0.0,0.0,0.0,1.0,0.74,0.0,"eham_040_primary_a,eham_040_primary_b","eham_040_pollutant_root,eham_040_repost_00,eham_040_repost_01,eham_040_repost_02,eham_040_repost_03",refuted,refuted
eham_040,L1,L1_mild_pollution,heuristic-sim,hygienic_combo_top8,hygienic_combo,claim_first_citation_v1,heuristic,1.0,1.0,1.0,0.0,,0.0,0.0,0.0,0.0,1.0,0.74,0.0,"eham_040_primary_a,eham_040_primary_b","eham_040_pollutant_root,eham_040_repost_00,eham_040_repost_01",refuted,refuted
eham_041,L1,L1_mild_pollution,heuristic-sim,bm25_top8,naive_bm25,simple_answer_v1,heuristic,1.0,1.0,1.0,0.0,,0.0,0.0,0.0,0.0,1.0,0.74,0.0,"eham_041_primary_a,eham_041_primary_b","eham_041_pollutant_root,eham_041_repost_00,eham_041_repost_01,eham_041_repost_02,eham_041_repost_04",refuted,refuted
eham_041,L1,L1_mild_pollution,heuristic-sim,bm25_top8,careful_bm25,claim_first_citation_v1,heuristic,1.0,1.0,1.0,0.0,,0.0,0.0,0.0,0.0,1.0,0.74,0.0,"eham_041_primary_a,eham_041_primary_b","eham_041_pollutant_root,eham_041_repost_00,eham_041_repost_01,eham_041_repost_02,eham_041_repost_04",refuted,refuted
eham_041,L1,L1_mild_pollution,heuristic-sim,primary_preserve_top8,primary_preserve,claim_first_citation_v1,heuristic,1.0,1.0,1.0,0.0,,0.0,0.0,0.0,0.0,1.0,0.74,0.0,"eham_041_primary_a,eham_041_primary_b","eham_041_pollutant_root,eham_041_repost_00,eham_041_repost_01,eham_041_repost_02,eham_041_repost_04",refuted,refuted
eham_041,L1,L1_mild_pollution,heuristic-sim,hygienic_combo_top8,hygienic_combo,claim_first_citation_v1,heuristic,1.0,1.0,1.0,0.0,,0.0,0.0,0.0,0.0,1.0,0.74,0.0,"eham_041_primary_a,eham_041_primary_b","eham_041_pollutant_root,eham_041_repost_00,eham_041_repost_01",refuted,refuted
eham_042,L1,L1_mild_pollution,heuristic-sim,bm25_top8,naive_bm25,simple_answer_v1,heuristic,1.0,1.0,1.0,0.0,,0.0,0.0,0.0,0.0,1.0,0.74,0.0,"eham_042_primary_a,eham_042_primary_b","eham_042_pollutant_root,eham_042_repost_00,eham_042_repost_01,eham_042_repost_03,eham_042_repost_04",refuted,refuted
eham_042,L1,L1_mild_pollution,heuristic-sim,bm25_top8,careful_bm25,claim_first_citation_v1,heuristic,1.0,1.0,1.0,0.0,,0.0,0.0,0.0,0.0,1.0,0.74,0.0,"eham_042_primary_a,eham_042_primary_b","eham_042_pollutant_root,eham_042_repost_00,eham_042_repost_01,eham_042_repost_03,eham_042_repost_04",refuted,refuted
eham_042,L1,L1_mild_pollution,heuristic-sim,primary_preserve_top8,primary_preserve,claim_first_citation_v1,heuristic,1.0,1.0,1.0,0.0,,0.0,0.0,0.0,0.0,1.0,0.74,0.0,"eham_042_primary_a,eham_042_primary_b","eham_042_pollutant_root,eham_042_repost_00,eham_042_repost_01,eham_042_repost_03,eham_042_repost_04",refuted,refuted
eham_042,L1,L1_mild_pollution,heuristic-sim,hygienic_combo_top8,hygienic_combo,claim_first_citation_v1,heuristic,1.0,1.0,1.0,0.0,,0.0,0.0,0.0,0.0,1.0,0.74,0.0,"eham_042_primary_a,eham_042_primary_b","eham_042_pollutant_root,eham_042_repost_00,eham_042_repost_01",refuted,refuted
eham_043,L1,L1_mild_pollution,heuristic-sim,bm25_top8,naive_bm25,simple_answer_v1,heuristic,1.0,1.0,1.0,0.0,,0.0,0.0,0.0,0.0,1.0,0.74,0.0,"eham_043_primary_a,eham_043_primary_b","eham_043_pollutant_root,eham_043_repost_00,eham_043_repost_02,eham_043_repost_03,eham_043_repost_04",refuted,refuted
eham_043,L1,L1_mild_pollution,heuristic-sim,bm25_top8,careful_bm25,claim_first_citation_v1,heuristic,1.0,1.0,1.0,0.0,,0.0,0.0,0.0,0.0,1.0,0.74,0.0,"eham_043_primary_a,eham_043_primary_b","eham_043_pollutant_root,eham_043_repost_00,eham_043_repost_02,eham_043_repost_03,eham_043_repost_04",refuted,refuted
eham_043,L1,L1_mild_pollution,heuristic-sim,primary_preserve_top8,primary_preserve,claim_first_citation_v1,heuristic,1.0,1.0,1.0,0.0,,0.0,0.0,0.0,0.0,1.0,0.74,0.0,"eham_043_primary_a,eham_043_primary_b","eham_043_pollutant_root,eham_043_repost_00,eham_043_repost_02,eham_043_repost_03,eham_043_repost_04",refuted,refuted
eham_043,L1,L1_mild_pollution,heuristic-sim,hygienic_combo_top8,hygienic_combo,claim_first_citation_v1,heuristic,1.0,1.0,1.0,0.0,,0.0,0.0,0.0,0.0,1.0,0.74,0.0,"eham_043_primary_a,eham_043_primary_b","eham_043_pollutant_root,eham_043_repost_00,eham_043_repost_02",refuted,refuted
eham_044,L1,L1_mild_pollution,heuristic-sim,bm25_top8,naive_bm25,simple_answer_v1,heuristic,1.0,1.0,1.0,0.0,,0.0,0.0,0.0,0.0,1.0,0.74,0.0,"eham_044_primary_a,eham_044_primary_b","eham_044_pollutant_root,eham_044_repost_01,eham_044_repost_02,eham_044_repost_03,eham_044_repost_04",refuted,refuted
eham_044,L1,L1_mild_pollution,heuristic-sim,bm25_top8,careful_bm25,claim_first_citation_v1,heuristic,1.0,1.0,1.0,0.0,,0.0,0.0,0.0,0.0,1.0,0.74,0.0,"eham_044_primary_a,eham_044_primary_b","eham_044_pollutant_root,eham_044_repost_01,eham_044_repost_02,eham_044_repost_03,eham_044_repost_04",refuted,refuted
eham_044,L1,L1_mild_pollution,heuristic-sim,primary_preserve_top8,primary_preserve,claim_first_citation_v1,heuristic,1.0,1.0,1.0,0.0,,0.0,0.0,0.0,0.0,1.0,0.74,0.0,"eham_044_primary_a,eham_044_primary_b","eham_044_pollutant_root,eham_044_repost_01,eham_044_repost_02,eham_044_repost_03,eham_044_repost_04",refuted,refuted
eham_044,L1,L1_mild_pollution,heuristic-sim,hygienic_combo_top8,hygienic_combo,claim_first_citation_v1,heuristic,1.0,1.0,1.0,0.0,,0.0,0.0,0.0,0.0,1.0,0.74,0.0,"eham_044_primary_a,eham_044_primary_b","eham_044_pollutant_root,eham_044_repost_01,eham_044_repost_02",refuted,refuted
eham_045,L1,L1_mild_pollution,heuristic-sim,bm25_top8,naive_bm25,simple_answer_v1,heuristic,1.0,1.0,1.0,0.0,,0.0,0.0,0.0,0.0,1.0,0.74,0.0,"eham_045_primary_a,eham_045_primary_b","eham_045_pollutant_root,eham_045_repost_00,eham_045_repost_01,eham_045_repost_02,eham_045_repost_03",refuted,refuted
eham_045,L1,L1_mild_pollution,heuristic-sim,bm25_top8,careful_bm25,claim_first_citation_v1,heuristic,1.0,1.0,1.0,0.0,,0.0,0.0,0.0,0.0,1.0,0.74,0.0,"eham_045_primary_a,eham_045_primary_b","eham_045_pollutant_root,eham_045_repost_00,eham_045_repost_01,eham_045_repost_02,eham_045_repost_03",refuted,refuted
eham_045,L1,L1_mild_pollution,heuristic-sim,primary_preserve_top8,primary_preserve,claim_first_citation_v1,heuristic,1.0,1.0,1.0,0.0,,0.0,0.0,0.0,0.0,1.0,0.74,0.0,"eham_045_primary_a,eham_045_primary_b","eham_045_pollutant_root,eham_045_repost_00,eham_045_repost_01,eham_045_repost_02,eham_045_repost_03",refuted,refuted
eham_045,L1,L1_mild_pollution,heuristic-sim,hygienic_combo_top8,hygienic_combo,claim_first_citation_v1,heuristic,1.0,1.0,1.0,0.0,,0.0,0.0,0.0,0.0,1.0,0.74,0.0,"eham_045_primary_a,eham_045_primary_b","eham_045_pollutant_root,eham_045_repost_00,eham_045_repost_01",refuted,refuted
eham_046,L1,L1_mild_pollution,heuristic-sim,bm25_top8,naive_bm25,simple_answer_v1,heuristic,1.0,1.0,1.0,0.0,,0.0,0.0,0.0,0.0,1.0,0.74,0.0,"eham_046_primary_a,eham_046_primary_b","eham_046_pollutant_root,eham_046_repost_00,eham_046_repost_01,eham_046_repost_02,eham_046_repost_04",refuted,refuted
eham_046,L1,L1_mild_pollution,heuristic-sim,bm25_top8,careful_bm25,claim_first_citation_v1,heuristic,1.0,1.0,1.0,0.0,,0.0,0.0,0.0,0.0,1.0,0.74,0.0,"eham_046_primary_a,eham_046_primary_b","eham_046_pollutant_root,eham_046_repost_00,eham_046_repost_01,eham_046_repost_02,eham_046_repost_04",refuted,refuted
eham_046,L1,L1_mild_pollution,heuristic-sim,primary_preserve_top8,primary_preserve,claim_first_citation_v1,heuristic,1.0,1.0,1.0,0.0,,0.0,0.0,0.0,0.0,1.0,0.74,0.0,"eham_046_primary_a,eham_046_primary_b","eham_046_pollutant_root,eham_046_repost_00,eham_046_repost_01,eham_046_repost_02,eham_046_repost_04",refuted,refuted
eham_046,L1,L1_mild_pollution,heuristic-sim,hygienic_combo_top8,hygienic_combo,claim_first_citation_v1,heuristic,1.0,1.0,1.0,0.0,,0.0,0.0,0.0,0.0,1.0,0.74,0.0,"eham_046_primary_a,eham_046_primary_b","eham_046_pollutant_root,eham_046_repost_00,eham_046_repost_01",refuted,refuted
eham_047,L1,L1_mild_pollution,heuristic-sim,bm25_top8,naive_bm25,simple_answer_v1,heuristic,1.0,1.0,1.0,0.0,,0.0,0.0,0.0,0.0,1.0,0.74,0.0,"eham_047_primary_a,eham_047_primary_b","eham_047_pollutant_root,eham_047_repost_00,eham_047_repost_01,eham_047_repost_03,eham_047_repost_04",refuted,refuted
eham_047,L1,L1_mild_pollution,heuristic-sim,bm25_top8,careful_bm25,claim_first_citation_v1,heuristic,1.0,1.0,1.0,0.0,,0.0,0.0,0.0,0.0,1.0,0.74,0.0,"eham_047_primary_a,eham_047_primary_b","eham_047_pollutant_root,eham_047_repost_00,eham_047_repost_01,eham_047_repost_03,eham_047_repost_04",refuted,refuted
eham_047,L1,L1_mild_pollution,heuristic-sim,primary_preserve_top8,primary_preserve,claim_first_citation_v1,heuristic,1.0,1.0,1.0,0.0,,0.0,0.0,0.0,0.0,1.0,0.74,0.0,"eham_047_primary_a,eham_047_primary_b","eham_047_pollutant_root,eham_047_repost_00,eham_047_repost_01,eham_047_repost_03,eham_047_repost_04",refuted,refuted
eham_047,L1,L1_mild_pollution,heuristic-sim,hygienic_combo_top8,hygienic_combo,claim_first_citation_v1,heuristic,1.0,1.0,1.0,0.0,,0.0,0.0,0.0,0.0,1.0,0.74,0.0,"eham_047_primary_a,eham_047_primary_b","eham_047_pollutant_root,eham_047_repost_00,eham_047_repost_01",refuted,refuted
eham_048,L2,L2_temporal_drift,heuristic-sim,bm25_top8,naive_bm25,simple_answer_v1,heuristic,1.0,1.0,1.0,0.0,,0.0,0.0,0.0,0.0,1.0,0.74,0.0,"eham_048_primary_a,eham_048_primary_b","eham_048_pollutant_root,eham_048_old_version,eham_048_repost_00,eham_048_repost_02,eham_048_repost_03",refuted,refuted
eham_048,L2,L2_temporal_drift,heuristic-sim,bm25_top8,careful_bm25,claim_first_citation_v1,heuristic,1.0,1.0,1.0,0.0,,0.0,0.0,0.0,0.0,1.0,0.74,0.0,"eham_048_primary_a,eham_048_primary_b","eham_048_pollutant_root,eham_048_old_version,eham_048_repost_00,eham_048_repost_02,eham_048_repost_03",refuted,refuted
eham_048,L2,L2_temporal_drift,heuristic-sim,primary_preserve_top8,primary_preserve,claim_first_citation_v1,heuristic,1.0,1.0,1.0,0.0,,0.0,0.0,0.0,0.0,1.0,0.74,0.0,"eham_048_primary_a,eham_048_primary_b","eham_048_old_version,eham_048_pollutant_root,eham_048_repost_00,eham_048_repost_02,eham_048_repost_03",refuted,refuted
eham_048,L2,L2_temporal_drift,heuristic-sim,hygienic_combo_top8,hygienic_combo,claim_first_citation_v1,heuristic,1.0,1.0,1.0,0.0,,0.0,0.0,0.0,0.0,1.0,0.74,0.0,"eham_048_primary_a,eham_048_primary_b","eham_048_old_version,eham_048_pollutant_root,eham_048_repost_03,eham_048_repost_02",refuted,refuted
eham_049,L2,L2_temporal_drift,heuristic-sim,bm25_top8,naive_bm25,simple_answer_v1,heuristic,1.0,1.0,1.0,0.0,,0.0,0.0,0.0,0.0,1.0,0.74,0.0,"eham_049_primary_a,eham_049_primary_b","eham_049_pollutant_root,eham_049_old_version,eham_049_repost_01,eham_049_repost_02,eham_049_repost_03",refuted,refuted
eham_049,L2,L2_temporal_drift,heuristic-sim,bm25_top8,careful_bm25,claim_first_citation_v1,heuristic,1.0,1.0,1.0,0.0,,0.0,0.0,0.0,0.0,1.0,0.74,0.0,"eham_049_primary_a,eham_049_primary_b","eham_049_pollutant_root,eham_049_old_version,eham_049_repost_01,eham_049_repost_02,eham_049_repost_03",refuted,refuted
eham_049,L2,L2_temporal_drift,heuristic-sim,primary_preserve_top8,primary_preserve,claim_first_citation_v1,heuristic,1.0,1.0,1.0,0.0,,0.0,0.0,0.0,0.0,1.0,0.74,0.0,"eham_049_primary_a,eham_049_primary_b","eham_049_old_version,eham_049_pollutant_root,eham_049_repost_01,eham_049_repost_02,eham_049_repost_03",refuted,refuted
eham_049,L2,L2_temporal_drift,heuristic-sim,hygienic_combo_top8,hygienic_combo,claim_first_citation_v1,heuristic,1.0,1.0,1.0,0.0,,0.0,0.0,0.0,0.0,1.0,0.74,0.0,"eham_049_primary_a,eham_049_primary_b","eham_049_old_version,eham_049_pollutant_root,eham_049_repost_03,eham_049_repost_02",refuted,refuted
eham_050,L2,L2_temporal_drift,heuristic-sim,bm25_top8,naive_bm25,simple_answer_v1,heuristic,1.0,1.0,1.0,0.0,,0.0,0.0,0.0,0.0,1.0,0.74,0.0,"eham_050_primary_a,eham_050_primary_b","eham_050_pollutant_root,eham_050_old_version,eham_050_repost_00,eham_050_repost_01,eham_050_repost_02",refuted,refuted
eham_050,L2,L2_temporal_drift,heuristic-sim,bm25_top8,careful_bm25,claim_first_citation_v1,heuristic,1.0,1.0,1.0,0.0,,0.0,0.0,0.0,0.0,1.0,0.74,0.0,"eham_050_primary_a,eham_050_primary_b","eham_050_pollutant_root,eham_050_old_version,eham_050_repost_00,eham_050_repost_01,eham_050_repost_02",refuted,refuted
eham_050,L2,L2_temporal_drift,heuristic-sim,primary_preserve_top8,primary_preserve,claim_first_citation_v1,heuristic,1.0,1.0,1.0,0.0,,0.0,0.0,0.0,0.0,1.0,0.74,0.0,"eham_050_primary_a,eham_050_primary_b","eham_050_pollutant_root,eham_050_old_version,eham_050_repost_00,eham_050_repost_01,eham_050_repost_02",refuted,refuted
eham_050,L2,L2_temporal_drift,heuristic-sim,hygienic_combo_top8,hygienic_combo,claim_first_citation_v1,heuristic,1.0,1.0,1.0,0.0,,0.0,0.0,0.0,0.0,1.0,0.74,0.0,"eham_050_primary_a,eham_050_primary_b","eham_050_old_version,eham_050_pollutant_root,eham_050_repost_04,eham_050_repost_03",refuted,refuted
eham_051,L2,L2_temporal_drift,heuristic-sim,bm25_top8,naive_bm25,simple_answer_v1,heuristic,1.0,1.0,1.0,0.0,,0.0,0.0,0.0,0.0,1.0,0.74,0.0,"eham_051_primary_a,eham_051_primary_b","eham_051_pollutant_root,eham_051_old_version,eham_051_repost_00,eham_051_repost_01,eham_051_repost_02",refuted,refuted
eham_051,L2,L2_temporal_drift,heuristic-sim,bm25_top8,careful_bm25,claim_first_citation_v1,heuristic,1.0,1.0,1.0,0.0,,0.0,0.0,0.0,0.0,1.0,0.74,0.0,"eham_051_primary_a,eham_051_primary_b","eham_051_pollutant_root,eham_051_old_version,eham_051_repost_00,eham_051_repost_01,eham_051_repost_02",refuted,refuted
eham_051,L2,L2_temporal_drift,heuristic-sim,primary_preserve_top8,primary_preserve,claim_first_citation_v1,heuristic,1.0,1.0,1.0,0.0,,0.0,0.0,0.0,0.0,1.0,0.74,0.0,"eham_051_primary_a,eham_051_primary_b","eham_051_old_version,eham_051_pollutant_root,eham_051_repost_00,eham_051_repost_01,eham_051_repost_02",refuted,refuted
eham_051,L2,L2_temporal_drift,heuristic-sim,hygienic_combo_top8,hygienic_combo,claim_first_citation_v1,heuristic,1.0,1.0,1.0,0.0,,0.0,0.0,0.0,0.0,1.0,0.74,0.0,"eham_051_primary_a,eham_051_primary_b","eham_051_old_version,eham_051_pollutant_root,eham_051_repost_02,eham_051_repost_01",refuted,refuted
eham_052,L2,L2_temporal_drift,heuristic-sim,bm25_top8,naive_bm25,simple_answer_v1,heuristic,1.0,1.0,1.0,0.0,,0.0,0.0,0.0,0.0,1.0,0.74,0.0,"eham_052_primary_a,eham_052_primary_b","eham_052_pollutant_root,eham_052_old_version,eham_052_repost_00,eham_052_repost_01,eham_052_repost_02",refuted,refuted
eham_052,L2,L2_temporal_drift,heuristic-sim,bm25_top8,careful_bm25,claim_first_citation_v1,heuristic,1.0,1.0,1.0,0.0,,0.0,0.0,0.0,0.0,1.0,0.74,0.0,"eham_052_primary_a,eham_052_primary_b","eham_052_pollutant_root,eham_052_old_version,eham_052_repost_00,eham_052_repost_01,eham_052_repost_02",refuted,refuted
eham_052,L2,L2_temporal_drift,heuristic-sim,primary_preserve_top8,primary_preserve,claim_first_citation_v1,heuristic,1.0,1.0,1.0,0.0,,0.0,0.0,0.0,0.0,1.0,0.74,0.0,"eham_052_primary_a,eham_052_primary_b","eham_052_old_version,eham_052_pollutant_root,eham_052_repost_00,eham_052_repost_01,eham_052_repost_02",refuted,refuted
eham_052,L2,L2_temporal_drift,heuristic-sim,hygienic_combo_top8,hygienic_combo,claim_first_citation_v1,heuristic,1.0,1.0,1.0,0.0,,0.0,0.0,0.0,0.0,1.0,0.74,0.0,"eham_052_primary_a,eham_052_primary_b","eham_052_old_version,eham_052_pollutant_root,eham_052_repost_01,eham_052_repost_00",refuted,refuted
eham_053,L2,L2_temporal_drift,heuristic-sim,bm25_top8,naive_bm25,simple_answer_v1,heuristic,1.0,1.0,1.0,0.0,,0.0,0.0,0.0,0.0,1.0,0.74,0.0,"eham_053_primary_a,eham_053_primary_b","eham_053_pollutant_root,eham_053_old_version,eham_053_repost_00,eham_053_repost_02,eham_053_repost_03",refuted,refuted
eham_053,L2,L2_temporal_drift,heuristic-sim,bm25_top8,careful_bm25,claim_first_citation_v1,heuristic,1.0,1.0,1.0,0.0,,0.0,0.0,0.0,0.0,1.0,0.74,0.0,"eham_053_primary_a,eham_053_primary_b","eham_053_pollutant_root,eham_053_old_version,eham_053_repost_00,eham_053_repost_02,eham_053_repost_03",refuted,refuted
eham_053,L2,L2_temporal_drift,heuristic-sim,primary_preserve_top8,primary_preserve,claim_first_citation_v1,heuristic,1.0,1.0,1.0,0.0,,0.0,0.0,0.0,0.0,1.0,0.74,0.0,"eham_053_primary_a,eham_053_primary_b","eham_053_old_version,eham_053_pollutant_root,eham_053_repost_00,eham_053_repost_02,eham_053_repost_03",refuted,refuted
eham_053,L2,L2_temporal_drift,heuristic-sim,hygienic_combo_top8,hygienic_combo,claim_first_citation_v1,heuristic,1.0,1.0,1.0,0.0,,0.0,0.0,0.0,0.0,1.0,0.74,0.0,"eham_053_primary_a,eham_053_primary_b","eham_053_old_version,eham_053_pollutant_root,eham_053_repost_03,eham_053_repost_02",refuted,refuted
eham_054,L2,L2_temporal_drift,heuristic-sim,bm25_top8,naive_bm25,simple_answer_v1,heuristic,1.0,1.0,1.0,0.0,,0.0,0.0,0.0,0.0,1.0,0.74,0.0,"eham_054_primary_a,eham_054_primary_b","eham_054_pollutant_root,eham_054_old_version,eham_054_repost_01,eham_054_repost_02,eham_054_repost_00",refuted,refuted
eham_054,L2,L2_temporal_drift,heuristic-sim,bm25_top8,careful_bm25,claim_first_citation_v1,heuristic,1.0,1.0,1.0,0.0,,0.0,0.0,0.0,0.0,1.0,0.74,0.0,"eham_054_primary_a,eham_054_primary_b","eham_054_pollutant_root,eham_054_old_version,eham_054_repost_01,eham_054_repost_02,eham_054_repost_00",refuted,refuted
eham_054,L2,L2_temporal_drift,heuristic-sim,primary_preserve_top8,primary_preserve,claim_first_citation_v1,heuristic,1.0,1.0,1.0,0.0,,0.0,0.0,0.0,0.0,1.0,0.74,0.0,"eham_054_primary_a,eham_054_primary_b","eham_054_old_version,eham_054_pollutant_root,eham_054_repost_01,eham_054_repost_02,eham_054_repost_00",refuted,refuted
eham_054,L2,L2_temporal_drift,heuristic-sim,hygienic_combo_top8,hygienic_combo,claim_first_citation_v1,heuristic,1.0,1.0,1.0,0.0,,0.0,0.0,0.0,0.0,1.0,0.74,0.0,"eham_054_primary_a,eham_054_primary_b","eham_054_old_version,eham_054_pollutant_root,eham_054_repost_02,eham_054_repost_01",refuted,refuted
eham_055,L2,L2_temporal_drift,heuristic-sim,bm25_top8,naive_bm25,simple_answer_v1,heuristic,1.0,1.0,1.0,0.0,,0.0,0.0,0.0,0.0,1.0,0.74,0.0,"eham_055_primary_a,eham_055_primary_b","eham_055_pollutant_root,eham_055_old_version,eham_055_repost_00,eham_055_repost_01,eham_055_repost_02",refuted,refuted
eham_055,L2,L2_temporal_drift,heuristic-sim,bm25_top8,careful_bm25,claim_first_citation_v1,heuristic,1.0,1.0,1.0,0.0,,0.0,0.0,0.0,0.0,1.0,0.74,0.0,"eham_055_primary_a,eham_055_primary_b","eham_055_pollutant_root,eham_055_old_version,eham_055_repost_00,eham_055_repost_01,eham_055_repost_02",refuted,refuted
eham_055,L2,L2_temporal_drift,heuristic-sim,primary_preserve_top8,primary_preserve,claim_first_citation_v1,heuristic,1.0,1.0,1.0,0.0,,0.0,0.0,0.0,0.0,1.0,0.74,0.0,"eham_055_primary_a,eham_055_primary_b","eham_055_old_version,eham_055_pollutant_root,eham_055_repost_00,eham_055_repost_01,eham_055_repost_02",refuted,refuted
eham_055,L2,L2_temporal_drift,heuristic-sim,hygienic_combo_top8,hygienic_combo,claim_first_citation_v1,heuristic,1.0,1.0,1.0,0.0,,0.0,0.0,0.0,0.0,1.0,0.74,0.0,"eham_055_primary_a,eham_055_primary_b","eham_055_old_version,eham_055_pollutant_root,eham_055_repost_02,eham_055_repost_01",refuted,refuted
eham_056,L2,L2_temporal_drift,heuristic-sim,bm25_top8,naive_bm25,simple_answer_v1,heuristic,1.0,1.0,1.0,0.0,,0.0,0.0,0.0,0.0,1.0,0.74,0.0,"eham_056_primary_a,eham_056_primary_b","eham_056_pollutant_root,eham_056_old_version,eham_056_repost_00,eham_056_repost_01,eham_056_repost_02",refuted,refuted
eham_056,L2,L2_temporal_drift,heuristic-sim,bm25_top8,careful_bm25,claim_first_citation_v1,heuristic,1.0,1.0,1.0,0.0,,0.0,0.0,0.0,0.0,1.0,0.74,0.0,"eham_056_primary_a,eham_056_primary_b","eham_056_pollutant_root,eham_056_old_version,eham_056_repost_00,eham_056_repost_01,eham_056_repost_02",refuted,refuted
eham_056,L2,L2_temporal_drift,heuristic-sim,primary_preserve_top8,primary_preserve,claim_first_citation_v1,heuristic,1.0,1.0,1.0,0.0,,0.0,0.0,0.0,0.0,1.0,0.74,0.0,"eham_056_primary_a,eham_056_primary_b","eham_056_pollutant_root,eham_056_old_version,eham_056_repost_00,eham_056_repost_01,eham_056_repost_02",refuted,refuted
eham_056,L2,L2_temporal_drift,heuristic-sim,hygienic_combo_top8,hygienic_combo,claim_first_citation_v1,heuristic,1.0,1.0,1.0,0.0,,0.0,0.0,0.0,0.0,1.0,0.74,0.0,"eham_056_primary_a,eham_056_primary_b","eham_056_old_version,eham_056_pollutant_root,eham_056_repost_04,eham_056_repost_03",refuted,refuted
eham_057,L2,L2_temporal_drift,heuristic-sim,bm25_top8,naive_bm25,simple_answer_v1,heuristic,1.0,1.0,1.0,0.0,,0.0,0.0,0.0,0.0,1.0,0.74,0.0,"eham_057_primary_a,eham_057_primary_b","eham_057_pollutant_root,eham_057_old_version,eham_057_repost_00,eham_057_repost_01,eham_057_repost_02",refuted,refuted
eham_057,L2,L2_temporal_drift,heuristic-sim,bm25_top8,careful_bm25,claim_first_citation_v1,heuristic,1.0,1.0,1.0,0.0,,0.0,0.0,0.0,0.0,1.0,0.74,0.0,"eham_057_primary_a,eham_057_primary_b","eham_057_pollutant_root,eham_057_old_version,eham_057_repost_00,eham_057_repost_01,eham_057_repost_02",refuted,refuted
eham_057,L2,L2_temporal_drift,heuristic-sim,primary_preserve_top8,primary_preserve,claim_first_citation_v1,heuristic,1.0,1.0,1.0,0.0,,0.0,0.0,0.0,0.0,1.0,0.74,0.0,"eham_057_primary_a,eham_057_primary_b","eham_057_pollutant_root,eham_057_old_version,eham_057_repost_00,eham_057_repost_01,eham_057_repost_02",refuted,refuted
eham_057,L2,L2_temporal_drift,heuristic-sim,hygienic_combo_top8,hygienic_combo,claim_first_citation_v1,heuristic,1.0,1.0,1.0,0.0,,0.0,0.0,0.0,0.0,1.0,0.74,0.0,"eham_057_primary_a,eham_057_primary_b","eham_057_old_version,eham_057_pollutant_root,eham_057_repost_04,eham_057_repost_03",refuted,refuted
eham_058,L2,L2_temporal_drift,heuristic-sim,bm25_top8,naive_bm25,simple_answer_v1,heuristic,1.0,1.0,1.0,0.0,,0.0,0.0,0.0,0.0,1.0,0.74,0.0,"eham_058_primary_a,eham_058_primary_b","eham_058_pollutant_root,eham_058_old_version,eham_058_repost_00,eham_058_repost_02,eham_058_repost_03",refuted,refuted
eham_058,L2,L2_temporal_drift,heuristic-sim,bm25_top8,careful_bm25,claim_first_citation_v1,heuristic,1.0,1.0,1.0,0.0,,0.0,0.0,0.0,0.0,1.0,0.74,0.0,"eham_058_primary_a,eham_058_primary_b","eham_058_pollutant_root,eham_058_old_version,eham_058_repost_00,eham_058_repost_02,eham_058_repost_03",refuted,refuted
eham_058,L2,L2_temporal_drift,heuristic-sim,primary_preserve_top8,primary_preserve,claim_first_citation_v1,heuristic,1.0,1.0,1.0,0.0,,0.0,0.0,0.0,0.0,1.0,0.74,0.0,"eham_058_primary_a,eham_058_primary_b","eham_058_old_version,eham_058_pollutant_root,eham_058_repost_00,eham_058_repost_02,eham_058_repost_03",refuted,refuted
eham_058,L2,L2_temporal_drift,heuristic-sim,hygienic_combo_top8,hygienic_combo,claim_first_citation_v1,heuristic,1.0,1.0,1.0,0.0,,0.0,0.0,0.0,0.0,1.0,0.74,0.0,"eham_058_primary_a,eham_058_primary_b","eham_058_old_version,eham_058_pollutant_root,eham_058_repost_03,eham_058_repost_02",refuted,refuted
eham_059,L2,L2_temporal_drift,heuristic-sim,bm25_top8,naive_bm25,simple_answer_v1,heuristic,1.0,1.0,1.0,0.0,,0.0,0.0,0.0,0.0,1.0,0.74,0.0,"eham_059_primary_a,eham_059_primary_b","eham_059_pollutant_root,eham_059_old_version,eham_059_repost_01,eham_059_repost_02,eham_059_repost_00",refuted,refuted
eham_059,L2,L2_temporal_drift,heuristic-sim,bm25_top8,careful_bm25,claim_first_citation_v1,heuristic,1.0,1.0,1.0,0.0,,0.0,0.0,0.0,0.0,1.0,0.74,0.0,"eham_059_primary_a,eham_059_primary_b","eham_059_pollutant_root,eham_059_old_version,eham_059_repost_01,eham_059_repost_02,eham_059_repost_00",refuted,refuted
eham_059,L2,L2_temporal_drift,heuristic-sim,primary_preserve_top8,primary_preserve,claim_first_citation_v1,heuristic,1.0,1.0,1.0,0.0,,0.0,0.0,0.0,0.0,1.0,0.74,0.0,"eham_059_primary_a,eham_059_primary_b","eham_059_old_version,eham_059_pollutant_root,eham_059_repost_01,eham_059_repost_02,eham_059_repost_00",refuted,refuted
eham_059,L2,L2_temporal_drift,heuristic-sim,hygienic_combo_top8,hygienic_combo,claim_first_citation_v1,heuristic,1.0,1.0,1.0,0.0,,0.0,0.0,0.0,0.0,1.0,0.74,0.0,"eham_059_primary_a,eham_059_primary_b","eham_059_old_version,eham_059_pollutant_root,eham_059_repost_02,eham_059_repost_01",refuted,refuted
eham_060,L2,L2_temporal_drift,heuristic-sim,bm25_top8,naive_bm25,simple_answer_v1,heuristic,1.0,1.0,1.0,0.0,,0.0,0.0,0.0,0.0,1.0,0.74,0.0,"eham_060_primary_a,eham_060_primary_b","eham_060_pollutant_root,eham_060_old_version,eham_060_repost_00,eham_060_repost_01,eham_060_repost_02",refuted,refuted
eham_060,L2,L2_temporal_drift,heuristic-sim,bm25_top8,careful_bm25,claim_first_citation_v1,heuristic,1.0,1.0,1.0,0.0,,0.0,0.0,0.0,0.0,1.0,0.74,0.0,"eham_060_primary_a,eham_060_primary_b","eham_060_pollutant_root,eham_060_old_version,eham_060_repost_00,eham_060_repost_01,eham_060_repost_02",refuted,refuted
eham_060,L2,L2_temporal_drift,heuristic-sim,primary_preserve_top8,primary_preserve,claim_first_citation_v1,heuristic,1.0,1.0,1.0,0.0,,0.0,0.0,0.0,0.0,1.0,0.74,0.0,"eham_060_primary_a,eham_060_primary_b","eham_060_old_version,eham_060_pollutant_root,eham_060_repost_00,eham_060_repost_01,eham_060_repost_02",refuted,refuted
eham_060,L2,L2_temporal_drift,heuristic-sim,hygienic_combo_top8,hygienic_combo,claim_first_citation_v1,heuristic,1.0,1.0,1.0,0.0,,0.0,0.0,0.0,0.0,1.0,0.74,0.0,"eham_060_primary_a,eham_060_primary_b","eham_060_old_version,eham_060_pollutant_root,eham_060_repost_02,eham_060_repost_01",refuted,refuted
eham_061,L2,L2_temporal_drift,heuristic-sim,bm25_top8,naive_bm25,simple_answer_v1,heuristic,1.0,1.0,1.0,0.0,,0.0,0.0,0.0,0.0,1.0,0.74,0.0,"eham_061_primary_a,eham_061_primary_b","eham_061_pollutant_root,eham_061_old_version,eham_061_repost_00,eham_061_repost_01,eham_061_repost_02",refuted,refuted
eham_061,L2,L2_temporal_drift,heuristic-sim,bm25_top8,careful_bm25,claim_first_citation_v1,heuristic,1.0,1.0,1.0,0.0,,0.0,0.0,0.0,0.0,1.0,0.74,0.0,"eham_061_primary_a,eham_061_primary_b","eham_061_pollutant_root,eham_061_old_version,eham_061_repost_00,eham_061_repost_01,eham_061_repost_02",refuted,refuted
eham_061,L2,L2_temporal_drift,heuristic-sim,primary_preserve_top8,primary_preserve,claim_first_citation_v1,heuristic,1.0,1.0,1.0,0.0,,0.0,0.0,0.0,0.0,1.0,0.74,0.0,"eham_061_primary_a,eham_061_primary_b","eham_061_old_version,eham_061_pollutant_root,eham_061_repost_00,eham_061_repost_01,eham_061_repost_02",refuted,refuted
eham_061,L2,L2_temporal_drift,heuristic-sim,hygienic_combo_top8,hygienic_combo,claim_first_citation_v1,heuristic,1.0,1.0,1.0,0.0,,0.0,0.0,0.0,0.0,1.0,0.74,0.0,"eham_061_primary_a,eham_061_primary_b","eham_061_old_version,eham_061_pollutant_root,eham_061_repost_02,eham_061_repost_01",refuted,refuted
eham_062,L2,L2_temporal_drift,heuristic-sim,bm25_top8,naive_bm25,simple_answer_v1,heuristic,1.0,1.0,1.0,0.0,,0.0,0.0,0.0,0.0,1.0,0.74,0.0,"eham_062_primary_a,eham_062_primary_b","eham_062_pollutant_root,eham_062_old_version,eham_062_repost_00,eham_062_repost_01,eham_062_repost_02",refuted,refuted
eham_062,L2,L2_temporal_drift,heuristic-sim,bm25_top8,careful_bm25,claim_first_citation_v1,heuristic,1.0,1.0,1.0,0.0,,0.0,0.0,0.0,0.0,1.0,0.74,0.0,"eham_062_primary_a,eham_062_primary_b","eham_062_pollutant_root,eham_062_old_version,eham_062_repost_00,eham_062_repost_01,eham_062_repost_02",refuted,refuted
eham_062,L2,L2_temporal_drift,heuristic-sim,primary_preserve_top8,primary_preserve,claim_first_citation_v1,heuristic,1.0,1.0,1.0,0.0,,0.0,0.0,0.0,0.0,1.0,0.74,0.0,"eham_062_primary_a,eham_062_primary_b","eham_062_pollutant_root,eham_062_old_version,eham_062_repost_00,eham_062_repost_01,eham_062_repost_02",refuted,refuted
eham_062,L2,L2_temporal_drift,heuristic-sim,hygienic_combo_top8,hygienic_combo,claim_first_citation_v1,heuristic,1.0,1.0,1.0,0.0,,0.0,0.0,0.0,0.0,1.0,0.74,0.0,"eham_062_primary_a,eham_062_primary_b","eham_062_old_version,eham_062_pollutant_root,eham_062_repost_04,eham_062_repost_03",refuted,refuted
eham_063,L2,L2_temporal_drift,heuristic-sim,bm25_top8,naive_bm25,simple_answer_v1,heuristic,1.0,1.0,1.0,0.0,,0.0,0.0,0.0,0.0,1.0,0.74,0.0,"eham_063_primary_a,eham_063_primary_b","eham_063_pollutant_root,eham_063_old_version,eham_063_repost_00,eham_063_repost_02,eham_063_repost_03",refuted,refuted
eham_063,L2,L2_temporal_drift,heuristic-sim,bm25_top8,careful_bm25,claim_first_citation_v1,heuristic,1.0,1.0,1.0,0.0,,0.0,0.0,0.0,0.0,1.0,0.74,0.0,"eham_063_primary_a,eham_063_primary_b","eham_063_pollutant_root,eham_063_old_version,eham_063_repost_00,eham_063_repost_02,eham_063_repost_03",refuted,refuted
eham_063,L2,L2_temporal_drift,heuristic-sim,primary_preserve_top8,primary_preserve,claim_first_citation_v1,heuristic,1.0,1.0,1.0,0.0,,0.0,0.0,0.0,0.0,1.0,0.74,0.0,"eham_063_primary_a,eham_063_primary_b","eham_063_old_version,eham_063_pollutant_root,eham_063_repost_00,eham_063_repost_02,eham_063_repost_03",refuted,refuted
eham_063,L2,L2_temporal_drift,heuristic-sim,hygienic_combo_top8,hygienic_combo,claim_first_citation_v1,heuristic,1.0,1.0,1.0,0.0,,0.0,0.0,0.0,0.0,1.0,0.74,0.0,"eham_063_primary_a,eham_063_primary_b","eham_063_old_version,eham_063_pollutant_root,eham_063_repost_03,eham_063_repost_02",refuted,refuted
eham_064,L2,L2_temporal_drift,heuristic-sim,bm25_top8,naive_bm25,simple_answer_v1,heuristic,1.0,1.0,1.0,0.0,,0.0,0.0,0.0,0.0,1.0,0.74,0.0,"eham_064_primary_a,eham_064_primary_b","eham_064_pollutant_root,eham_064_old_version,eham_064_repost_00,eham_064_repost_01,eham_064_repost_02",refuted,refuted
eham_064,L2,L2_temporal_drift,heuristic-sim,bm25_top8,careful_bm25,claim_first_citation_v1,heuristic,1.0,1.0,1.0,0.0,,0.0,0.0,0.0,0.0,1.0,0.74,0.0,"eham_064_primary_a,eham_064_primary_b","eham_064_pollutant_root,eham_064_old_version,eham_064_repost_00,eham_064_repost_01,eham_064_repost_02",refuted,refuted
eham_064,L2,L2_temporal_drift,heuristic-sim,primary_preserve_top8,primary_preserve,claim_first_citation_v1,heuristic,1.0,1.0,1.0,0.0,,0.0,0.0,0.0,0.0,1.0,0.74,0.0,"eham_064_primary_a,eham_064_primary_b","eham_064_pollutant_root,eham_064_old_version,eham_064_repost_00,eham_064_repost_01,eham_064_repost_02",refuted,refuted
eham_064,L2,L2_temporal_drift,heuristic-sim,hygienic_combo_top8,hygienic_combo,claim_first_citation_v1,heuristic,1.0,1.0,1.0,0.0,,0.0,0.0,0.0,0.0,1.0,0.74,0.0,"eham_064_primary_a,eham_064_primary_b","eham_064_old_version,eham_064_pollutant_root,eham_064_repost_04,eham_064_repost_03",refuted,refuted
eham_065,L2,L2_temporal_drift,heuristic-sim,bm25_top8,naive_bm25,simple_answer_v1,heuristic,1.0,1.0,1.0,0.0,,0.0,0.0,0.0,0.0,1.0,0.74,0.0,"eham_065_primary_a,eham_065_primary_b","eham_065_pollutant_root,eham_065_old_version,eham_065_repost_00,eham_065_repost_01,eham_065_repost_02",refuted,refuted
eham_065,L2,L2_temporal_drift,heuristic-sim,bm25_top8,careful_bm25,claim_first_citation_v1,heuristic,1.0,1.0,1.0,0.0,,0.0,0.0,0.0,0.0,1.0,0.74,0.0,"eham_065_primary_a,eham_065_primary_b","eham_065_pollutant_root,eham_065_old_version,eham_065_repost_00,eham_065_repost_01,eham_065_repost_02",refuted,refuted
eham_065,L2,L2_temporal_drift,heuristic-sim,primary_preserve_top8,primary_preserve,claim_first_citation_v1,heuristic,1.0,1.0,1.0,0.0,,0.0,0.0,0.0,0.0,1.0,0.74,0.0,"eham_065_primary_a,eham_065_primary_b","eham_065_pollutant_root,eham_065_old_version,eham_065_repost_00,eham_065_repost_01,eham_065_repost_02",refuted,refuted
eham_065,L2,L2_temporal_drift,heuristic-sim,hygienic_combo_top8,hygienic_combo,claim_first_citation_v1,heuristic,1.0,1.0,1.0,0.0,,0.0,0.0,0.0,0.0,1.0,0.74,0.0,"eham_065_primary_a,eham_065_primary_b","eham_065_old_version,eham_065_pollutant_root,eham_065_repost_04,eham_065_repost_03",refuted,refuted
eham_066,L2,L2_temporal_drift,heuristic-sim,bm25_top8,naive_bm25,simple_answer_v1,heuristic,1.0,1.0,1.0,0.0,,0.0,0.0,0.0,0.0,1.0,0.74,0.0,"eham_066_primary_a,eham_066_primary_b","eham_066_pollutant_root,eham_066_old_version,eham_066_repost_00,eham_066_repost_01,eham_066_repost_02",refuted,refuted
eham_066,L2,L2_temporal_drift,heuristic-sim,bm25_top8,careful_bm25,claim_first_citation_v1,heuristic,1.0,1.0,1.0,0.0,,0.0,0.0,0.0,0.0,1.0,0.74,0.0,"eham_066_primary_a,eham_066_primary_b","eham_066_pollutant_root,eham_066_old_version,eham_066_repost_00,eham_066_repost_01,eham_066_repost_02",refuted,refuted
eham_066,L2,L2_temporal_drift,heuristic-sim,primary_preserve_top8,primary_preserve,claim_first_citation_v1,heuristic,1.0,1.0,1.0,0.0,,0.0,0.0,0.0,0.0,1.0,0.74,0.0,"eham_066_primary_a,eham_066_primary_b","eham_066_pollutant_root,eham_066_old_version,eham_066_repost_00,eham_066_repost_01,eham_066_repost_02",refuted,refuted
eham_066,L2,L2_temporal_drift,heuristic-sim,hygienic_combo_top8,hygienic_combo,claim_first_citation_v1,heuristic,1.0,1.0,1.0,0.0,,0.0,0.0,0.0,0.0,1.0,0.74,0.0,"eham_066_primary_a,eham_066_primary_b","eham_066_old_version,eham_066_pollutant_root,eham_066_repost_04,eham_066_repost_03",refuted,refuted
eham_067,L2,L2_temporal_drift,heuristic-sim,bm25_top8,naive_bm25,simple_answer_v1,heuristic,1.0,1.0,1.0,0.0,,0.0,0.0,0.0,0.0,1.0,0.74,0.0,"eham_067_primary_a,eham_067_primary_b","eham_067_pollutant_root,eham_067_old_version,eham_067_repost_00,eham_067_repost_01,eham_067_repost_02",refuted,refuted
eham_067,L2,L2_temporal_drift,heuristic-sim,bm25_top8,careful_bm25,claim_first_citation_v1,heuristic,1.0,1.0,1.0,0.0,,0.0,0.0,0.0,0.0,1.0,0.74,0.0,"eham_067_primary_a,eham_067_primary_b","eham_067_pollutant_root,eham_067_old_version,eham_067_repost_00,eham_067_repost_01,eham_067_repost_02",refuted,refuted
eham_067,L2,L2_temporal_drift,heuristic-sim,primary_preserve_top8,primary_preserve,claim_first_citation_v1,heuristic,1.0,1.0,1.0,0.0,,0.0,0.0,0.0,0.0,1.0,0.74,0.0,"eham_067_primary_a,eham_067_primary_b","eham_067_pollutant_root,eham_067_old_version,eham_067_repost_00,eham_067_repost_01,eham_067_repost_02",refuted,refuted
eham_067,L2,L2_temporal_drift,heuristic-sim,hygienic_combo_top8,hygienic_combo,claim_first_citation_v1,heuristic,1.0,1.0,1.0,0.0,,0.0,0.0,0.0,0.0,1.0,0.74,0.0,"eham_067_primary_a,eham_067_primary_b","eham_067_old_version,eham_067_pollutant_root,eham_067_repost_04,eham_067_repost_03",refuted,refuted
eham_068,L2,L2_temporal_drift,heuristic-sim,bm25_top8,naive_bm25,simple_answer_v1,heuristic,1.0,1.0,1.0,0.0,,0.0,0.0,0.0,0.0,1.0,0.74,0.0,"eham_068_primary_a,eham_068_primary_b","eham_068_pollutant_root,eham_068_old_version,eham_068_repost_00,eham_068_repost_01,eham_068_repost_02",refuted,refuted
eham_068,L2,L2_temporal_drift,heuristic-sim,bm25_top8,careful_bm25,claim_first_citation_v1,heuristic,1.0,1.0,1.0,0.0,,0.0,0.0,0.0,0.0,1.0,0.74,0.0,"eham_068_primary_a,eham_068_primary_b","eham_068_pollutant_root,eham_068_old_version,eham_068_repost_00,eham_068_repost_01,eham_068_repost_02",refuted,refuted
eham_068,L2,L2_temporal_drift,heuristic-sim,primary_preserve_top8,primary_preserve,claim_first_citation_v1,heuristic,1.0,1.0,1.0,0.0,,0.0,0.0,0.0,0.0,1.0,0.74,0.0,"eham_068_primary_a,eham_068_primary_b","eham_068_pollutant_root,eham_068_old_version,eham_068_repost_00,eham_068_repost_01,eham_068_repost_02",refuted,refuted
eham_068,L2,L2_temporal_drift,heuristic-sim,hygienic_combo_top8,hygienic_combo,claim_first_citation_v1,heuristic,1.0,1.0,1.0,0.0,,0.0,0.0,0.0,0.0,1.0,0.74,0.0,"eham_068_primary_a,eham_068_primary_b","eham_068_old_version,eham_068_pollutant_root,eham_068_repost_04,eham_068_repost_03",refuted,refuted
eham_069,L2,L2_temporal_drift,heuristic-sim,bm25_top8,naive_bm25,simple_answer_v1,heuristic,1.0,1.0,1.0,0.0,,0.0,0.0,0.0,0.0,1.0,0.74,0.0,"eham_069_primary_a,eham_069_primary_b","eham_069_pollutant_root,eham_069_old_version,eham_069_repost_00,eham_069_repost_01,eham_069_repost_02",refuted,refuted
eham_069,L2,L2_temporal_drift,heuristic-sim,bm25_top8,careful_bm25,claim_first_citation_v1,heuristic,1.0,1.0,1.0,0.0,,0.0,0.0,0.0,0.0,1.0,0.74,0.0,"eham_069_primary_a,eham_069_primary_b","eham_069_pollutant_root,eham_069_old_version,eham_069_repost_00,eham_069_repost_01,eham_069_repost_02",refuted,refuted
eham_069,L2,L2_temporal_drift,heuristic-sim,primary_preserve_top8,primary_preserve,claim_first_citation_v1,heuristic,1.0,1.0,1.0,0.0,,0.0,0.0,0.0,0.0,1.0,0.74,0.0,"eham_069_primary_a,eham_069_primary_b","eham_069_pollutant_root,eham_069_old_version,eham_069_repost_00,eham_069_repost_01,eham_069_repost_02",refuted,refuted
eham_069,L2,L2_temporal_drift,heuristic-sim,hygienic_combo_top8,hygienic_combo,claim_first_citation_v1,heuristic,1.0,1.0,1.0,0.0,,0.0,0.0,0.0,0.0,1.0,0.74,0.0,"eham_069_primary_a,eham_069_primary_b","eham_069_old_version,eham_069_pollutant_root,eham_069_repost_04,eham_069_repost_03",refuted,refuted
eham_070,L2,L2_temporal_drift,heuristic-sim,bm25_top8,naive_bm25,simple_answer_v1,heuristic,1.0,1.0,1.0,0.0,,0.0,0.0,0.0,0.0,1.0,0.74,0.0,"eham_070_primary_a,eham_070_primary_b","eham_070_pollutant_root,eham_070_old_version,eham_070_repost_00,eham_070_repost_01,eham_070_repost_02",refuted,refuted
eham_070,L2,L2_temporal_drift,heuristic-sim,bm25_top8,careful_bm25,claim_first_citation_v1,heuristic,1.0,1.0,1.0,0.0,,0.0,0.0,0.0,0.0,1.0,0.74,0.0,"eham_070_primary_a,eham_070_primary_b","eham_070_pollutant_root,eham_070_old_version,eham_070_repost_00,eham_070_repost_01,eham_070_repost_02",refuted,refuted
eham_070,L2,L2_temporal_drift,heuristic-sim,primary_preserve_top8,primary_preserve,claim_first_citation_v1,heuristic,1.0,1.0,1.0,0.0,,0.0,0.0,0.0,0.0,1.0,0.74,0.0,"eham_070_primary_a,eham_070_primary_b","eham_070_old_version,eham_070_pollutant_root,eham_070_repost_00,eham_070_repost_01,eham_070_repost_02",refuted,refuted
eham_070,L2,L2_temporal_drift,heuristic-sim,hygienic_combo_top8,hygienic_combo,claim_first_citation_v1,heuristic,1.0,1.0,1.0,0.0,,0.0,0.0,0.0,0.0,1.0,0.74,0.0,"eham_070_primary_a,eham_070_primary_b","eham_070_old_version,eham_070_pollutant_root,eham_070_repost_03,eham_070_repost_02",refuted,refuted
eham_071,L2,L2_temporal_drift,heuristic-sim,bm25_top8,naive_bm25,simple_answer_v1,heuristic,1.0,1.0,1.0,0.0,,0.0,0.0,0.0,0.0,1.0,0.74,0.0,"eham_071_primary_a,eham_071_primary_b","eham_071_pollutant_root,eham_071_old_version,eham_071_repost_00,eham_071_repost_01,eham_071_repost_02",refuted,refuted
eham_071,L2,L2_temporal_drift,heuristic-sim,bm25_top8,careful_bm25,claim_first_citation_v1,heuristic,1.0,1.0,1.0,0.0,,0.0,0.0,0.0,0.0,1.0,0.74,0.0,"eham_071_primary_a,eham_071_primary_b","eham_071_pollutant_root,eham_071_old_version,eham_071_repost_00,eham_071_repost_01,eham_071_repost_02",refuted,refuted
eham_071,L2,L2_temporal_drift,heuristic-sim,primary_preserve_top8,primary_preserve,claim_first_citation_v1,heuristic,1.0,1.0,1.0,0.0,,0.0,0.0,0.0,0.0,1.0,0.74,0.0,"eham_071_primary_a,eham_071_primary_b","eham_071_old_version,eham_071_pollutant_root,eham_071_repost_00,eham_071_repost_01,eham_071_repost_02",refuted,refuted
eham_071,L2,L2_temporal_drift,heuristic-sim,hygienic_combo_top8,hygienic_combo,claim_first_citation_v1,heuristic,1.0,1.0,1.0,0.0,,0.0,0.0,0.0,0.0,1.0,0.74,0.0,"eham_071_primary_a,eham_071_primary_b","eham_071_old_version,eham_071_pollutant_root,eham_071_repost_02,eham_071_repost_01",refuted,refuted
eham_072,L3,L3_false_consensus,heuristic-sim,bm25_top8,naive_bm25,simple_answer_v1,heuristic,1.0,0.0,0.0,1.0,,1.0,0.0,0.0,1.0,1.0,0.82,0.0,"eham_072_pollutant_root,eham_072_repost_00,eham_072_repost_01",eham_072_primary_a,refuted,supported
eham_072,L3,L3_false_consensus,heuristic-sim,bm25_top8,careful_bm25,claim_first_citation_v1,heuristic,1.0,1.0,1.0,0.0,,0.0,0.0,0.0,0.0,1.0,0.74,0.0,"eham_072_primary_a,eham_072_primary_b","eham_072_pollutant_root,eham_072_repost_00,eham_072_repost_01,eham_072_repost_03,eham_072_repost_04",refuted,refuted
eham_072,L3,L3_false_consensus,heuristic-sim,primary_preserve_top8,primary_preserve,claim_first_citation_v1,heuristic,1.0,1.0,1.0,0.0,,0.0,0.0,0.0,0.0,1.0,0.74,0.0,"eham_072_primary_a,eham_072_primary_b","eham_072_pollutant_root,eham_072_repost_00,eham_072_repost_01,eham_072_repost_03,eham_072_repost_04",refuted,refuted
eham_072,L3,L3_false_consensus,heuristic-sim,hygienic_combo_top8,hygienic_combo,claim_first_citation_v1,heuristic,1.0,1.0,1.0,0.0,,0.0,0.0,0.0,0.0,1.0,0.74,0.0,"eham_072_primary_a,eham_072_primary_b","eham_072_pollutant_root,eham_072_repost_00,eham_072_repost_01,eham_072_repost_03,eham_072_repost_04",refuted,refuted
eham_073,L3,L3_false_consensus,heuristic-sim,bm25_top8,naive_bm25,simple_answer_v1,heuristic,1.0,0.0,0.0,1.0,,1.0,0.0,0.0,1.0,1.0,0.82,0.0,"eham_073_pollutant_root,eham_073_repost_00,eham_073_repost_02",eham_073_primary_a,refuted,supported
eham_073,L3,L3_false_consensus,heuristic-sim,bm25_top8,careful_bm25,claim_first_citation_v1,heuristic,1.0,1.0,1.0,0.0,,0.0,0.0,0.0,0.0,1.0,0.74,0.0,"eham_073_primary_a,eham_073_primary_b","eham_073_pollutant_root,eham_073_repost_00,eham_073_repost_02,eham_073_repost_03,eham_073_repost_04",refuted,refuted
eham_073,L3,L3_false_consensus,heuristic-sim,primary_preserve_top8,primary_preserve,claim_first_citation_v1,heuristic,1.0,1.0,1.0,0.0,,0.0,0.0,0.0,0.0,1.0,0.74,0.0,"eham_073_primary_a,eham_073_primary_b","eham_073_pollutant_root,eham_073_repost_00,eham_073_repost_02,eham_073_repost_03,eham_073_repost_04",refuted,refuted
eham_073,L3,L3_false_consensus,heuristic-sim,hygienic_combo_top8,hygienic_combo,claim_first_citation_v1,heuristic,1.0,1.0,1.0,0.0,,0.0,0.0,0.0,0.0,1.0,0.74,0.0,"eham_073_primary_a,eham_073_primary_b","eham_073_pollutant_root,eham_073_repost_00,eham_073_repost_02,eham_073_repost_03,eham_073_repost_04",refuted,refuted
eham_074,L3,L3_false_consensus,heuristic-sim,bm25_top8,naive_bm25,simple_answer_v1,heuristic,1.0,0.0,0.0,1.0,,1.0,0.0,0.0,1.0,1.0,0.82,0.0,"eham_074_pollutant_root,eham_074_repost_01,eham_074_repost_02",eham_074_primary_a,refuted,supported
eham_074,L3,L3_false_consensus,heuristic-sim,bm25_top8,careful_bm25,claim_first_citation_v1,heuristic,1.0,1.0,1.0,0.0,,0.0,0.0,0.0,0.0,1.0,0.74,0.0,"eham_074_primary_a,eham_074_primary_b","eham_074_pollutant_root,eham_074_repost_01,eham_074_repost_02,eham_074_repost_03,eham_074_repost_04",refuted,refuted
eham_074,L3,L3_false_consensus,heuristic-sim,primary_preserve_top8,primary_preserve,claim_first_citation_v1,heuristic,1.0,1.0,1.0,0.0,,0.0,0.0,0.0,0.0,1.0,0.74,0.0,"eham_074_primary_a,eham_074_primary_b","eham_074_pollutant_root,eham_074_repost_01,eham_074_repost_02,eham_074_repost_03,eham_074_repost_04",refuted,refuted
eham_074,L3,L3_false_consensus,heuristic-sim,hygienic_combo_top8,hygienic_combo,claim_first_citation_v1,heuristic,1.0,1.0,1.0,0.0,,0.0,0.0,0.0,0.0,1.0,0.74,0.0,"eham_074_primary_a,eham_074_primary_b","eham_074_pollutant_root,eham_074_repost_01,eham_074_repost_02,eham_074_repost_03,eham_074_repost_04",refuted,refuted
eham_075,L3,L3_false_consensus,heuristic-sim,bm25_top8,naive_bm25,simple_answer_v1,heuristic,1.0,0.0,0.0,1.0,,1.0,0.0,0.0,1.0,1.0,0.82,0.0,"eham_075_pollutant_root,eham_075_repost_00,eham_075_repost_01",eham_075_primary_a,refuted,supported
eham_075,L3,L3_false_consensus,heuristic-sim,bm25_top8,careful_bm25,claim_first_citation_v1,heuristic,1.0,1.0,1.0,0.0,,0.0,0.0,0.0,0.0,1.0,0.74,0.0,"eham_075_primary_a,eham_075_primary_b","eham_075_pollutant_root,eham_075_repost_00,eham_075_repost_01,eham_075_repost_02,eham_075_repost_03",refuted,refuted
eham_075,L3,L3_false_consensus,heuristic-sim,primary_preserve_top8,primary_preserve,claim_first_citation_v1,heuristic,1.0,1.0,1.0,0.0,,0.0,0.0,0.0,0.0,1.0,0.74,0.0,"eham_075_primary_a,eham_075_primary_b","eham_075_pollutant_root,eham_075_repost_00,eham_075_repost_01,eham_075_repost_02,eham_075_repost_03",refuted,refuted
eham_075,L3,L3_false_consensus,heuristic-sim,hygienic_combo_top8,hygienic_combo,claim_first_citation_v1,heuristic,1.0,1.0,1.0,0.0,,0.0,0.0,0.0,0.0,1.0,0.74,0.0,"eham_075_primary_a,eham_075_primary_b","eham_075_pollutant_root,eham_075_repost_00,eham_075_repost_01,eham_075_repost_02,eham_075_repost_03",refuted,refuted
eham_076,L3,L3_false_consensus,heuristic-sim,bm25_top8,naive_bm25,simple_answer_v1,heuristic,1.0,0.0,0.0,1.0,,1.0,0.0,0.0,1.0,1.0,0.82,0.0,"eham_076_pollutant_root,eham_076_repost_00,eham_076_repost_01",eham_076_primary_a,refuted,supported
eham_076,L3,L3_false_consensus,heuristic-sim,bm25_top8,careful_bm25,claim_first_citation_v1,heuristic,1.0,1.0,1.0,0.0,,0.0,0.0,0.0,0.0,1.0,0.74,0.0,"eham_076_primary_a,eham_076_primary_b","eham_076_pollutant_root,eham_076_repost_00,eham_076_repost_01,eham_076_repost_02,eham_076_repost_04",refuted,refuted
eham_076,L3,L3_false_consensus,heuristic-sim,primary_preserve_top8,primary_preserve,claim_first_citation_v1,heuristic,1.0,1.0,1.0,0.0,,0.0,0.0,0.0,0.0,1.0,0.74,0.0,"eham_076_primary_a,eham_076_primary_b","eham_076_pollutant_root,eham_076_repost_00,eham_076_repost_01,eham_076_repost_02,eham_076_repost_04",refuted,refuted
eham_076,L3,L3_false_consensus,heuristic-sim,hygienic_combo_top8,hygienic_combo,claim_first_citation_v1,heuristic,1.0,1.0,1.0,0.0,,0.0,0.0,0.0,0.0,1.0,0.74,0.0,"eham_076_primary_a,eham_076_primary_b","eham_076_pollutant_root,eham_076_repost_00,eham_076_repost_01,eham_076_repost_02,eham_076_repost_04",refuted,refuted
eham_077,L3,L3_false_consensus,heuristic-sim,bm25_top8,naive_bm25,simple_answer_v1,heuristic,1.0,0.0,0.0,1.0,,1.0,0.0,0.0,1.0,1.0,0.82,0.0,"eham_077_pollutant_root,eham_077_repost_00,eham_077_repost_01",eham_077_primary_a,refuted,supported
eham_077,L3,L3_false_consensus,heuristic-sim,bm25_top8,careful_bm25,claim_first_citation_v1,heuristic,1.0,1.0,1.0,0.0,,0.0,0.0,0.0,0.0,1.0,0.74,0.0,"eham_077_primary_a,eham_077_primary_b","eham_077_pollutant_root,eham_077_repost_00,eham_077_repost_01,eham_077_repost_03,eham_077_repost_04",refuted,refuted
eham_077,L3,L3_false_consensus,heuristic-sim,primary_preserve_top8,primary_preserve,claim_first_citation_v1,heuristic,1.0,1.0,1.0,0.0,,0.0,0.0,0.0,0.0,1.0,0.74,0.0,"eham_077_primary_a,eham_077_primary_b","eham_077_pollutant_root,eham_077_repost_00,eham_077_repost_01,eham_077_repost_03,eham_077_repost_04",refuted,refuted
eham_077,L3,L3_false_consensus,heuristic-sim,hygienic_combo_top8,hygienic_combo,claim_first_citation_v1,heuristic,1.0,1.0,1.0,0.0,,0.0,0.0,0.0,0.0,1.0,0.74,0.0,"eham_077_primary_a,eham_077_primary_b","eham_077_pollutant_root,eham_077_repost_00,eham_077_repost_01,eham_077_repost_03,eham_077_repost_04",refuted,refuted
eham_078,L3,L3_false_consensus,heuristic-sim,bm25_top8,naive_bm25,simple_answer_v1,heuristic,1.0,0.0,0.0,1.0,,1.0,0.0,0.0,1.0,1.0,0.82,0.0,"eham_078_pollutant_root,eham_078_repost_00,eham_078_repost_02",eham_078_primary_a,refuted,supported
eham_078,L3,L3_false_consensus,heuristic-sim,bm25_top8,careful_bm25,claim_first_citation_v1,heuristic,1.0,1.0,1.0,0.0,,0.0,0.0,0.0,0.0,1.0,0.74,0.0,"eham_078_primary_a,eham_078_primary_b","eham_078_pollutant_root,eham_078_repost_00,eham_078_repost_02,eham_078_repost_03,eham_078_repost_04",refuted,refuted
eham_078,L3,L3_false_consensus,heuristic-sim,primary_preserve_top8,primary_preserve,claim_first_citation_v1,heuristic,1.0,1.0,1.0,0.0,,0.0,0.0,0.0,0.0,1.0,0.74,0.0,"eham_078_primary_a,eham_078_primary_b","eham_078_pollutant_root,eham_078_repost_00,eham_078_repost_02,eham_078_repost_03,eham_078_repost_04",refuted,refuted
eham_078,L3,L3_false_consensus,heuristic-sim,hygienic_combo_top8,hygienic_combo,claim_first_citation_v1,heuristic,1.0,1.0,1.0,0.0,,0.0,0.0,0.0,0.0,1.0,0.74,0.0,"eham_078_primary_a,eham_078_primary_b","eham_078_pollutant_root,eham_078_repost_00,eham_078_repost_02,eham_078_repost_03,eham_078_repost_04",refuted,refuted
eham_079,L3,L3_false_consensus,heuristic-sim,bm25_top8,naive_bm25,simple_answer_v1,heuristic,1.0,0.0,0.0,1.0,,1.0,0.0,0.0,1.0,1.0,0.82,0.0,"eham_079_pollutant_root,eham_079_repost_01,eham_079_repost_02",eham_079_primary_a,refuted,supported
eham_079,L3,L3_false_consensus,heuristic-sim,bm25_top8,careful_bm25,claim_first_citation_v1,heuristic,1.0,1.0,1.0,0.0,,0.0,0.0,0.0,0.0,1.0,0.74,0.0,"eham_079_primary_a,eham_079_primary_b","eham_079_pollutant_root,eham_079_repost_01,eham_079_repost_02,eham_079_repost_03,eham_079_repost_04",refuted,refuted
eham_079,L3,L3_false_consensus,heuristic-sim,primary_preserve_top8,primary_preserve,claim_first_citation_v1,heuristic,1.0,1.0,1.0,0.0,,0.0,0.0,0.0,0.0,1.0,0.74,0.0,"eham_079_primary_a,eham_079_primary_b","eham_079_pollutant_root,eham_079_repost_01,eham_079_repost_02,eham_079_repost_03,eham_079_repost_04",refuted,refuted
eham_079,L3,L3_false_consensus,heuristic-sim,hygienic_combo_top8,hygienic_combo,claim_first_citation_v1,heuristic,1.0,1.0,1.0,0.0,,0.0,0.0,0.0,0.0,1.0,0.74,0.0,"eham_079_primary_a,eham_079_primary_b","eham_079_pollutant_root,eham_079_repost_01,eham_079_repost_02,eham_079_repost_03,eham_079_repost_04",refuted,refuted
eham_080,L3,L3_false_consensus,heuristic-sim,bm25_top8,naive_bm25,simple_answer_v1,heuristic,1.0,0.0,0.0,1.0,,1.0,0.0,0.0,1.0,1.0,0.82,0.0,"eham_080_pollutant_root,eham_080_repost_00,eham_080_repost_01",eham_080_primary_a,refuted,supported
eham_080,L3,L3_false_consensus,heuristic-sim,bm25_top8,careful_bm25,claim_first_citation_v1,heuristic,1.0,1.0,1.0,0.0,,0.0,0.0,0.0,0.0,1.0,0.74,0.0,"eham_080_primary_a,eham_080_primary_b","eham_080_pollutant_root,eham_080_repost_00,eham_080_repost_01,eham_080_repost_02,eham_080_repost_03",refuted,refuted
eham_080,L3,L3_false_consensus,heuristic-sim,primary_preserve_top8,primary_preserve,claim_first_citation_v1,heuristic,1.0,1.0,1.0,0.0,,0.0,0.0,0.0,0.0,1.0,0.74,0.0,"eham_080_primary_a,eham_080_primary_b","eham_080_pollutant_root,eham_080_repost_00,eham_080_repost_01,eham_080_repost_02,eham_080_repost_03",refuted,refuted
eham_080,L3,L3_false_consensus,heuristic-sim,hygienic_combo_top8,hygienic_combo,claim_first_citation_v1,heuristic,1.0,1.0,1.0,0.0,,0.0,0.0,0.0,0.0,1.0,0.74,0.0,"eham_080_primary_a,eham_080_primary_b","eham_080_pollutant_root,eham_080_repost_00,eham_080_repost_01,eham_080_repost_02,eham_080_repost_03",refuted,refuted
eham_081,L3,L3_false_consensus,heuristic-sim,bm25_top8,naive_bm25,simple_answer_v1,heuristic,1.0,0.0,0.0,1.0,,1.0,0.0,0.0,1.0,1.0,0.82,0.0,"eham_081_pollutant_root,eham_081_repost_00,eham_081_repost_01",eham_081_primary_a,refuted,supported
eham_081,L3,L3_false_consensus,heuristic-sim,bm25_top8,careful_bm25,claim_first_citation_v1,heuristic,1.0,1.0,1.0,0.0,,0.0,0.0,0.0,0.0,1.0,0.74,0.0,"eham_081_primary_a,eham_081_primary_b","eham_081_pollutant_root,eham_081_repost_00,eham_081_repost_01,eham_081_repost_02,eham_081_repost_04",refuted,refuted
eham_081,L3,L3_false_consensus,heuristic-sim,primary_preserve_top8,primary_preserve,claim_first_citation_v1,heuristic,1.0,1.0,1.0,0.0,,0.0,0.0,0.0,0.0,1.0,0.74,0.0,"eham_081_primary_a,eham_081_primary_b","eham_081_pollutant_root,eham_081_repost_00,eham_081_repost_01,eham_081_repost_02,eham_081_repost_04",refuted,refuted
eham_081,L3,L3_false_consensus,heuristic-sim,hygienic_combo_top8,hygienic_combo,claim_first_citation_v1,heuristic,1.0,1.0,1.0,0.0,,0.0,0.0,0.0,0.0,1.0,0.74,0.0,"eham_081_primary_a,eham_081_primary_b","eham_081_pollutant_root,eham_081_repost_00,eham_081_repost_01,eham_081_repost_02,eham_081_repost_04",refuted,refuted
eham_082,L3,L3_false_consensus,heuristic-sim,bm25_top8,naive_bm25,simple_answer_v1,heuristic,1.0,0.0,0.0,1.0,,1.0,0.0,0.0,1.0,1.0,0.82,0.0,"eham_082_pollutant_root,eham_082_repost_00,eham_082_repost_01",eham_082_primary_a,refuted,supported
eham_082,L3,L3_false_consensus,heuristic-sim,bm25_top8,careful_bm25,claim_first_citation_v1,heuristic,1.0,1.0,1.0,0.0,,0.0,0.0,0.0,0.0,1.0,0.74,0.0,"eham_082_primary_a,eham_082_primary_b","eham_082_pollutant_root,eham_082_repost_00,eham_082_repost_01,eham_082_repost_03,eham_082_repost_04",refuted,refuted
eham_082,L3,L3_false_consensus,heuristic-sim,primary_preserve_top8,primary_preserve,claim_first_citation_v1,heuristic,1.0,1.0,1.0,0.0,,0.0,0.0,0.0,0.0,1.0,0.74,0.0,"eham_082_primary_a,eham_082_primary_b","eham_082_pollutant_root,eham_082_repost_00,eham_082_repost_01,eham_082_repost_03,eham_082_repost_04",refuted,refuted
eham_082,L3,L3_false_consensus,heuristic-sim,hygienic_combo_top8,hygienic_combo,claim_first_citation_v1,heuristic,1.0,1.0,1.0,0.0,,0.0,0.0,0.0,0.0,1.0,0.74,0.0,"eham_082_primary_a,eham_082_primary_b","eham_082_pollutant_root,eham_082_repost_00,eham_082_repost_01,eham_082_repost_03,eham_082_repost_04",refuted,refuted
eham_083,L3,L3_false_consensus,heuristic-sim,bm25_top8,naive_bm25,simple_answer_v1,heuristic,1.0,0.0,0.0,1.0,,1.0,0.0,0.0,1.0,1.0,0.82,0.0,"eham_083_pollutant_root,eham_083_repost_00,eham_083_repost_02",eham_083_primary_a,refuted,supported
eham_083,L3,L3_false_consensus,heuristic-sim,bm25_top8,careful_bm25,claim_first_citation_v1,heuristic,1.0,1.0,1.0,0.0,,0.0,0.0,0.0,0.0,1.0,0.74,0.0,"eham_083_primary_a,eham_083_primary_b","eham_083_pollutant_root,eham_083_repost_00,eham_083_repost_02,eham_083_repost_03,eham_083_repost_04",refuted,refuted
eham_083,L3,L3_false_consensus,heuristic-sim,primary_preserve_top8,primary_preserve,claim_first_citation_v1,heuristic,1.0,1.0,1.0,0.0,,0.0,0.0,0.0,0.0,1.0,0.74,0.0,"eham_083_primary_a,eham_083_primary_b","eham_083_pollutant_root,eham_083_repost_00,eham_083_repost_02,eham_083_repost_03,eham_083_repost_04",refuted,refuted
eham_083,L3,L3_false_consensus,heuristic-sim,hygienic_combo_top8,hygienic_combo,claim_first_citation_v1,heuristic,1.0,1.0,1.0,0.0,,0.0,0.0,0.0,0.0,1.0,0.74,0.0,"eham_083_primary_a,eham_083_primary_b","eham_083_pollutant_root,eham_083_repost_00,eham_083_repost_02,eham_083_repost_03,eham_083_repost_04",refuted,refuted
eham_084,L3,L3_false_consensus,heuristic-sim,bm25_top8,naive_bm25,simple_answer_v1,heuristic,1.0,0.0,0.0,1.0,,1.0,0.0,0.0,1.0,1.0,0.82,0.0,"eham_084_pollutant_root,eham_084_repost_01,eham_084_repost_02",eham_084_primary_a,refuted,supported
eham_084,L3,L3_false_consensus,heuristic-sim,bm25_top8,careful_bm25,claim_first_citation_v1,heuristic,1.0,1.0,1.0,0.0,,0.0,0.0,0.0,0.0,1.0,0.74,0.0,"eham_084_primary_a,eham_084_primary_b","eham_084_pollutant_root,eham_084_repost_01,eham_084_repost_02,eham_084_repost_03,eham_084_repost_04",refuted,refuted
eham_084,L3,L3_false_consensus,heuristic-sim,primary_preserve_top8,primary_preserve,claim_first_citation_v1,heuristic,1.0,1.0,1.0,0.0,,0.0,0.0,0.0,0.0,1.0,0.74,0.0,"eham_084_primary_a,eham_084_primary_b","eham_084_pollutant_root,eham_084_repost_01,eham_084_repost_02,eham_084_repost_03,eham_084_repost_04",refuted,refuted
eham_084,L3,L3_false_consensus,heuristic-sim,hygienic_combo_top8,hygienic_combo,claim_first_citation_v1,heuristic,1.0,1.0,1.0,0.0,,0.0,0.0,0.0,0.0,1.0,0.74,0.0,"eham_084_primary_a,eham_084_primary_b","eham_084_pollutant_root,eham_084_repost_01,eham_084_repost_02,eham_084_repost_03,eham_084_repost_04",refuted,refuted
eham_085,L3,L3_false_consensus,heuristic-sim,bm25_top8,naive_bm25,simple_answer_v1,heuristic,1.0,0.0,0.0,1.0,,1.0,0.0,0.0,1.0,1.0,0.82,0.0,"eham_085_pollutant_root,eham_085_repost_00,eham_085_repost_01",eham_085_primary_a,refuted,supported
eham_085,L3,L3_false_consensus,heuristic-sim,bm25_top8,careful_bm25,claim_first_citation_v1,heuristic,1.0,1.0,1.0,0.0,,0.0,0.0,0.0,0.0,1.0,0.74,0.0,"eham_085_primary_a,eham_085_primary_b","eham_085_pollutant_root,eham_085_repost_00,eham_085_repost_01,eham_085_repost_02,eham_085_repost_03",refuted,refuted
eham_085,L3,L3_false_consensus,heuristic-sim,primary_preserve_top8,primary_preserve,claim_first_citation_v1,heuristic,1.0,1.0,1.0,0.0,,0.0,0.0,0.0,0.0,1.0,0.74,0.0,"eham_085_primary_a,eham_085_primary_b","eham_085_pollutant_root,eham_085_repost_00,eham_085_repost_01,eham_085_repost_02,eham_085_repost_03",refuted,refuted
eham_085,L3,L3_false_consensus,heuristic-sim,hygienic_combo_top8,hygienic_combo,claim_first_citation_v1,heuristic,1.0,1.0,1.0,0.0,,0.0,0.0,0.0,0.0,1.0,0.74,0.0,"eham_085_primary_a,eham_085_primary_b","eham_085_pollutant_root,eham_085_repost_00,eham_085_repost_01,eham_085_repost_02,eham_085_repost_03",refuted,refuted
eham_086,L3,L3_false_consensus,heuristic-sim,bm25_top8,naive_bm25,simple_answer_v1,heuristic,1.0,0.0,0.0,1.0,,1.0,0.0,0.0,1.0,1.0,0.82,0.0,"eham_086_pollutant_root,eham_086_repost_00,eham_086_repost_01",eham_086_primary_a,refuted,supported
eham_086,L3,L3_false_consensus,heuristic-sim,bm25_top8,careful_bm25,claim_first_citation_v1,heuristic,1.0,1.0,1.0,0.0,,0.0,0.0,0.0,0.0,1.0,0.74,0.0,"eham_086_primary_a,eham_086_primary_b","eham_086_pollutant_root,eham_086_repost_00,eham_086_repost_01,eham_086_repost_02,eham_086_repost_04",refuted,refuted
eham_086,L3,L3_false_consensus,heuristic-sim,primary_preserve_top8,primary_preserve,claim_first_citation_v1,heuristic,1.0,1.0,1.0,0.0,,0.0,0.0,0.0,0.0,1.0,0.74,0.0,"eham_086_primary_a,eham_086_primary_b","eham_086_pollutant_root,eham_086_repost_00,eham_086_repost_01,eham_086_repost_02,eham_086_repost_04",refuted,refuted
eham_086,L3,L3_false_consensus,heuristic-sim,hygienic_combo_top8,hygienic_combo,claim_first_citation_v1,heuristic,1.0,1.0,1.0,0.0,,0.0,0.0,0.0,0.0,1.0,0.74,0.0,"eham_086_primary_a,eham_086_primary_b","eham_086_pollutant_root,eham_086_repost_00,eham_086_repost_01,eham_086_repost_02,eham_086_repost_04",refuted,refuted
eham_087,L3,L3_false_consensus,heuristic-sim,bm25_top8,naive_bm25,simple_answer_v1,heuristic,1.0,0.0,0.0,1.0,,1.0,0.0,0.0,1.0,1.0,0.82,0.0,"eham_087_pollutant_root,eham_087_repost_00,eham_087_repost_01",eham_087_primary_a,refuted,supported
eham_087,L3,L3_false_consensus,heuristic-sim,bm25_top8,careful_bm25,claim_first_citation_v1,heuristic,1.0,1.0,1.0,0.0,,0.0,0.0,0.0,0.0,1.0,0.74,0.0,"eham_087_primary_a,eham_087_primary_b","eham_087_pollutant_root,eham_087_repost_00,eham_087_repost_01,eham_087_repost_03,eham_087_repost_04",refuted,refuted
eham_087,L3,L3_false_consensus,heuristic-sim,primary_preserve_top8,primary_preserve,claim_first_citation_v1,heuristic,1.0,1.0,1.0,0.0,,0.0,0.0,0.0,0.0,1.0,0.74,0.0,"eham_087_primary_a,eham_087_primary_b","eham_087_pollutant_root,eham_087_repost_00,eham_087_repost_01,eham_087_repost_03,eham_087_repost_04",refuted,refuted
eham_087,L3,L3_false_consensus,heuristic-sim,hygienic_combo_top8,hygienic_combo,claim_first_citation_v1,heuristic,1.0,1.0,1.0,0.0,,0.0,0.0,0.0,0.0,1.0,0.74,0.0,"eham_087_primary_a,eham_087_primary_b","eham_087_pollutant_root,eham_087_repost_00,eham_087_repost_01,eham_087_repost_03,eham_087_repost_04",refuted,refuted
eham_088,L3,L3_false_consensus,heuristic-sim,bm25_top8,naive_bm25,simple_answer_v1,heuristic,1.0,0.0,0.0,1.0,,1.0,0.0,0.0,1.0,1.0,0.82,0.0,"eham_088_pollutant_root,eham_088_repost_00,eham_088_repost_02",eham_088_primary_a,refuted,supported
eham_088,L3,L3_false_consensus,heuristic-sim,bm25_top8,careful_bm25,claim_first_citation_v1,heuristic,1.0,1.0,1.0,0.0,,0.0,0.0,0.0,0.0,1.0,0.74,0.0,"eham_088_primary_a,eham_088_primary_b","eham_088_pollutant_root,eham_088_repost_00,eham_088_repost_02,eham_088_repost_03,eham_088_repost_04",refuted,refuted
eham_088,L3,L3_false_consensus,heuristic-sim,primary_preserve_top8,primary_preserve,claim_first_citation_v1,heuristic,1.0,1.0,1.0,0.0,,0.0,0.0,0.0,0.0,1.0,0.74,0.0,"eham_088_primary_a,eham_088_primary_b","eham_088_pollutant_root,eham_088_repost_00,eham_088_repost_02,eham_088_repost_03,eham_088_repost_04",refuted,refuted
eham_088,L3,L3_false_consensus,heuristic-sim,hygienic_combo_top8,hygienic_combo,claim_first_citation_v1,heuristic,1.0,1.0,1.0,0.0,,0.0,0.0,0.0,0.0,1.0,0.74,0.0,"eham_088_primary_a,eham_088_primary_b","eham_088_pollutant_root,eham_088_repost_00,eham_088_repost_02,eham_088_repost_03,eham_088_repost_04",refuted,refuted
eham_089,L3,L3_false_consensus,heuristic-sim,bm25_top8,naive_bm25,simple_answer_v1,heuristic,1.0,0.0,0.0,1.0,,1.0,0.0,0.0,1.0,1.0,0.82,0.0,"eham_089_pollutant_root,eham_089_repost_01,eham_089_repost_02",eham_089_primary_a,refuted,supported
eham_089,L3,L3_false_consensus,heuristic-sim,bm25_top8,careful_bm25,claim_first_citation_v1,heuristic,1.0,1.0,1.0,0.0,,0.0,0.0,0.0,0.0,1.0,0.74,0.0,"eham_089_primary_a,eham_089_primary_b","eham_089_pollutant_root,eham_089_repost_01,eham_089_repost_02,eham_089_repost_03,eham_089_repost_04",refuted,refuted
eham_089,L3,L3_false_consensus,heuristic-sim,primary_preserve_top8,primary_preserve,claim_first_citation_v1,heuristic,1.0,1.0,1.0,0.0,,0.0,0.0,0.0,0.0,1.0,0.74,0.0,"eham_089_primary_a,eham_089_primary_b","eham_089_pollutant_root,eham_089_repost_01,eham_089_repost_02,eham_089_repost_03,eham_089_repost_04",refuted,refuted
eham_089,L3,L3_false_consensus,heuristic-sim,hygienic_combo_top8,hygienic_combo,claim_first_citation_v1,heuristic,1.0,1.0,1.0,0.0,,0.0,0.0,0.0,0.0,1.0,0.74,0.0,"eham_089_primary_a,eham_089_primary_b","eham_089_pollutant_root,eham_089_repost_01,eham_089_repost_02,eham_089_repost_03,eham_089_repost_04",refuted,refuted
eham_090,L3,L3_false_consensus,heuristic-sim,bm25_top8,naive_bm25,simple_answer_v1,heuristic,1.0,0.0,0.0,1.0,,1.0,0.0,0.0,1.0,1.0,0.82,0.0,"eham_090_pollutant_root,eham_090_repost_00,eham_090_repost_01",eham_090_primary_a,refuted,supported
eham_090,L3,L3_false_consensus,heuristic-sim,bm25_top8,careful_bm25,claim_first_citation_v1,heuristic,1.0,1.0,1.0,0.0,,0.0,0.0,0.0,0.0,1.0,0.74,0.0,"eham_090_primary_a,eham_090_primary_b","eham_090_pollutant_root,eham_090_repost_00,eham_090_repost_01,eham_090_repost_02,eham_090_repost_03",refuted,refuted
eham_090,L3,L3_false_consensus,heuristic-sim,primary_preserve_top8,primary_preserve,claim_first_citation_v1,heuristic,1.0,1.0,1.0,0.0,,0.0,0.0,0.0,0.0,1.0,0.74,0.0,"eham_090_primary_a,eham_090_primary_b","eham_090_pollutant_root,eham_090_repost_00,eham_090_repost_01,eham_090_repost_02,eham_090_repost_03",refuted,refuted
eham_090,L3,L3_false_consensus,heuristic-sim,hygienic_combo_top8,hygienic_combo,claim_first_citation_v1,heuristic,1.0,1.0,1.0,0.0,,0.0,0.0,0.0,0.0,1.0,0.74,0.0,"eham_090_primary_a,eham_090_primary_b","eham_090_pollutant_root,eham_090_repost_00,eham_090_repost_01,eham_090_repost_02,eham_090_repost_03",refuted,refuted
eham_091,L3,L3_false_consensus,heuristic-sim,bm25_top8,naive_bm25,simple_answer_v1,heuristic,1.0,0.0,0.0,1.0,,1.0,0.0,0.0,1.0,1.0,0.82,0.0,"eham_091_pollutant_root,eham_091_repost_00,eham_091_repost_01",eham_091_primary_a,refuted,supported
eham_091,L3,L3_false_consensus,heuristic-sim,bm25_top8,careful_bm25,claim_first_citation_v1,heuristic,1.0,1.0,1.0,0.0,,0.0,0.0,0.0,0.0,1.0,0.74,0.0,"eham_091_primary_a,eham_091_primary_b","eham_091_pollutant_root,eham_091_repost_00,eham_091_repost_01,eham_091_repost_02,eham_091_repost_04",refuted,refuted
eham_091,L3,L3_false_consensus,heuristic-sim,primary_preserve_top8,primary_preserve,claim_first_citation_v1,heuristic,1.0,1.0,1.0,0.0,,0.0,0.0,0.0,0.0,1.0,0.74,0.0,"eham_091_primary_a,eham_091_primary_b","eham_091_pollutant_root,eham_091_repost_00,eham_091_repost_01,eham_091_repost_02,eham_091_repost_04",refuted,refuted
eham_091,L3,L3_false_consensus,heuristic-sim,hygienic_combo_top8,hygienic_combo,claim_first_citation_v1,heuristic,1.0,1.0,1.0,0.0,,0.0,0.0,0.0,0.0,1.0,0.74,0.0,"eham_091_primary_a,eham_091_primary_b","eham_091_pollutant_root,eham_091_repost_00,eham_091_repost_01,eham_091_repost_02,eham_091_repost_04",refuted,refuted
eham_092,L3,L3_false_consensus,heuristic-sim,bm25_top8,naive_bm25,simple_answer_v1,heuristic,1.0,0.0,0.0,1.0,,1.0,0.0,0.0,1.0,1.0,0.82,0.0,"eham_092_pollutant_root,eham_092_repost_00,eham_092_repost_01",eham_092_primary_a,refuted,supported
eham_092,L3,L3_false_consensus,heuristic-sim,bm25_top8,careful_bm25,claim_first_citation_v1,heuristic,1.0,1.0,1.0,0.0,,0.0,0.0,0.0,0.0,1.0,0.74,0.0,"eham_092_primary_a,eham_092_primary_b","eham_092_pollutant_root,eham_092_repost_00,eham_092_repost_01,eham_092_repost_03,eham_092_repost_04",refuted,refuted
eham_092,L3,L3_false_consensus,heuristic-sim,primary_preserve_top8,primary_preserve,claim_first_citation_v1,heuristic,1.0,1.0,1.0,0.0,,0.0,0.0,0.0,0.0,1.0,0.74,0.0,"eham_092_primary_a,eham_092_primary_b","eham_092_pollutant_root,eham_092_repost_00,eham_092_repost_01,eham_092_repost_03,eham_092_repost_04",refuted,refuted
eham_092,L3,L3_false_consensus,heuristic-sim,hygienic_combo_top8,hygienic_combo,claim_first_citation_v1,heuristic,1.0,1.0,1.0,0.0,,0.0,0.0,0.0,0.0,1.0,0.74,0.0,"eham_092_primary_a,eham_092_primary_b","eham_092_pollutant_root,eham_092_repost_00,eham_092_repost_01,eham_092_repost_03,eham_092_repost_04",refuted,refuted
eham_093,L3,L3_false_consensus,heuristic-sim,bm25_top8,naive_bm25,simple_answer_v1,heuristic,1.0,0.0,0.0,1.0,,1.0,0.0,0.0,1.0,1.0,0.82,0.0,"eham_093_pollutant_root,eham_093_repost_00,eham_093_repost_02",eham_093_primary_a,refuted,supported
eham_093,L3,L3_false_consensus,heuristic-sim,bm25_top8,careful_bm25,claim_first_citation_v1,heuristic,1.0,1.0,1.0,0.0,,0.0,0.0,0.0,0.0,1.0,0.74,0.0,"eham_093_primary_a,eham_093_primary_b","eham_093_pollutant_root,eham_093_repost_00,eham_093_repost_02,eham_093_repost_03,eham_093_repost_04",refuted,refuted
eham_093,L3,L3_false_consensus,heuristic-sim,primary_preserve_top8,primary_preserve,claim_first_citation_v1,heuristic,1.0,1.0,1.0,0.0,,0.0,0.0,0.0,0.0,1.0,0.74,0.0,"eham_093_primary_a,eham_093_primary_b","eham_093_pollutant_root,eham_093_repost_00,eham_093_repost_02,eham_093_repost_03,eham_093_repost_04",refuted,refuted
eham_093,L3,L3_false_consensus,heuristic-sim,hygienic_combo_top8,hygienic_combo,claim_first_citation_v1,heuristic,1.0,1.0,1.0,0.0,,0.0,0.0,0.0,0.0,1.0,0.74,0.0,"eham_093_primary_a,eham_093_primary_b","eham_093_pollutant_root,eham_093_repost_00,eham_093_repost_02,eham_093_repost_03,eham_093_repost_04",refuted,refuted
eham_094,L3,L3_false_consensus,heuristic-sim,bm25_top8,naive_bm25,simple_answer_v1,heuristic,1.0,0.0,0.0,1.0,,1.0,0.0,0.0,1.0,1.0,0.82,0.0,"eham_094_pollutant_root,eham_094_repost_01,eham_094_repost_02",eham_094_primary_a,refuted,supported
eham_094,L3,L3_false_consensus,heuristic-sim,bm25_top8,careful_bm25,claim_first_citation_v1,heuristic,1.0,1.0,1.0,0.0,,0.0,0.0,0.0,0.0,1.0,0.74,0.0,"eham_094_primary_a,eham_094_primary_b","eham_094_pollutant_root,eham_094_repost_01,eham_094_repost_02,eham_094_repost_03,eham_094_repost_04",refuted,refuted
eham_094,L3,L3_false_consensus,heuristic-sim,primary_preserve_top8,primary_preserve,claim_first_citation_v1,heuristic,1.0,1.0,1.0,0.0,,0.0,0.0,0.0,0.0,1.0,0.74,0.0,"eham_094_primary_a,eham_094_primary_b","eham_094_pollutant_root,eham_094_repost_01,eham_094_repost_02,eham_094_repost_03,eham_094_repost_04",refuted,refuted
eham_094,L3,L3_false_consensus,heuristic-sim,hygienic_combo_top8,hygienic_combo,claim_first_citation_v1,heuristic,1.0,1.0,1.0,0.0,,0.0,0.0,0.0,0.0,1.0,0.74,0.0,"eham_094_primary_a,eham_094_primary_b","eham_094_pollutant_root,eham_094_repost_01,eham_094_repost_02,eham_094_repost_03,eham_094_repost_04",refuted,refuted
eham_095,L3,L3_false_consensus,heuristic-sim,bm25_top8,naive_bm25,simple_answer_v1,heuristic,1.0,0.0,0.0,1.0,,1.0,0.0,0.0,1.0,1.0,0.82,0.0,"eham_095_pollutant_root,eham_095_repost_00,eham_095_repost_01",eham_095_primary_a,refuted,supported
eham_095,L3,L3_false_consensus,heuristic-sim,bm25_top8,careful_bm25,claim_first_citation_v1,heuristic,1.0,1.0,1.0,0.0,,0.0,0.0,0.0,0.0,1.0,0.74,0.0,"eham_095_primary_a,eham_095_primary_b","eham_095_pollutant_root,eham_095_repost_00,eham_095_repost_01,eham_095_repost_02,eham_095_repost_03",refuted,refuted
eham_095,L3,L3_false_consensus,heuristic-sim,primary_preserve_top8,primary_preserve,claim_first_citation_v1,heuristic,1.0,1.0,1.0,0.0,,0.0,0.0,0.0,0.0,1.0,0.74,0.0,"eham_095_primary_a,eham_095_primary_b","eham_095_pollutant_root,eham_095_repost_00,eham_095_repost_01,eham_095_repost_02,eham_095_repost_03",refuted,refuted
eham_095,L3,L3_false_consensus,heuristic-sim,hygienic_combo_top8,hygienic_combo,claim_first_citation_v1,heuristic,1.0,1.0,1.0,0.0,,0.0,0.0,0.0,0.0,1.0,0.74,0.0,"eham_095_primary_a,eham_095_primary_b","eham_095_pollutant_root,eham_095_repost_00,eham_095_repost_01,eham_095_repost_02,eham_095_repost_03",refuted,refuted
eham_096,L4,L4_hidden_primary,heuristic-sim,bm25_top8,naive_bm25,simple_answer_v1,heuristic,1.0,0.0,0.0,1.0,,1.0,0.0,0.0,1.0,0.0,0.82,0.0,"eham_096_pollutant_root,eham_096_repost_00,eham_096_repost_01",,refuted,supported
eham_096,L4,L4_hidden_primary,heuristic-sim,bm25_top8,careful_bm25,claim_first_citation_v1,heuristic,1.0,0.0,0.0,1.0,,1.0,0.0,0.0,1.0,0.0,0.82,0.0,"eham_096_pollutant_root,eham_096_repost_00,eham_096_repost_01",,refuted,supported
eham_096,L4,L4_hidden_primary,heuristic-sim,primary_preserve_top8,primary_preserve,claim_first_citation_v1,heuristic,1.0,1.0,1.0,0.0,,0.0,0.0,0.0,0.0,1.0,0.74,0.0,"eham_096_primary_a,eham_096_primary_b","eham_096_pollutant_root,eham_096_repost_00,eham_096_repost_01,eham_096_repost_02,eham_096_repost_04",refuted,refuted
eham_096,L4,L4_hidden_primary,heuristic-sim,hygienic_combo_top8,hygienic_combo,claim_first_citation_v1,heuristic,1.0,1.0,1.0,0.0,,0.0,0.0,0.0,0.0,1.0,0.74,0.0,"eham_096_primary_a,eham_096_primary_b","eham_096_pollutant_root,eham_096_repost_00,eham_096_repost_01,eham_096_repost_02,eham_096_repost_04",refuted,refuted
eham_097,L4,L4_hidden_primary,heuristic-sim,bm25_top8,naive_bm25,simple_answer_v1,heuristic,1.0,0.0,0.0,1.0,,1.0,0.0,0.0,1.0,0.0,0.82,0.0,"eham_097_pollutant_root,eham_097_repost_00,eham_097_repost_01",,refuted,supported
eham_097,L4,L4_hidden_primary,heuristic-sim,bm25_top8,careful_bm25,claim_first_citation_v1,heuristic,1.0,0.0,0.0,1.0,,1.0,0.0,0.0,1.0,0.0,0.82,0.0,"eham_097_pollutant_root,eham_097_repost_00,eham_097_repost_01",,refuted,supported
eham_097,L4,L4_hidden_primary,heuristic-sim,primary_preserve_top8,primary_preserve,claim_first_citation_v1,heuristic,1.0,1.0,1.0,0.0,,0.0,0.0,0.0,0.0,1.0,0.74,0.0,"eham_097_primary_a,eham_097_primary_b","eham_097_pollutant_root,eham_097_repost_00,eham_097_repost_01,eham_097_repost_03,eham_097_repost_04",refuted,refuted
eham_097,L4,L4_hidden_primary,heuristic-sim,hygienic_combo_top8,hygienic_combo,claim_first_citation_v1,heuristic,1.0,1.0,1.0,0.0,,0.0,0.0,0.0,0.0,1.0,0.74,0.0,"eham_097_primary_a,eham_097_primary_b","eham_097_pollutant_root,eham_097_repost_00,eham_097_repost_01,eham_097_repost_03,eham_097_repost_04",refuted,refuted
eham_098,L4,L4_hidden_primary,heuristic-sim,bm25_top8,naive_bm25,simple_answer_v1,heuristic,1.0,0.0,0.0,1.0,,1.0,0.0,0.0,1.0,0.0,0.82,0.0,"eham_098_pollutant_root,eham_098_repost_00,eham_098_repost_02",,refuted,supported
eham_098,L4,L4_hidden_primary,heuristic-sim,bm25_top8,careful_bm25,claim_first_citation_v1,heuristic,1.0,0.0,0.0,1.0,,1.0,0.0,0.0,1.0,0.0,0.82,0.0,"eham_098_pollutant_root,eham_098_repost_00,eham_098_repost_02",,refuted,supported
eham_098,L4,L4_hidden_primary,heuristic-sim,primary_preserve_top8,primary_preserve,claim_first_citation_v1,heuristic,1.0,1.0,1.0,0.0,,0.0,0.0,0.0,0.0,1.0,0.74,0.0,"eham_098_primary_a,eham_098_primary_b","eham_098_pollutant_root,eham_098_repost_00,eham_098_repost_02,eham_098_repost_03,eham_098_repost_04",refuted,refuted
eham_098,L4,L4_hidden_primary,heuristic-sim,hygienic_combo_top8,hygienic_combo,claim_first_citation_v1,heuristic,1.0,1.0,1.0,0.0,,0.0,0.0,0.0,0.0,1.0,0.74,0.0,"eham_098_primary_a,eham_098_primary_b","eham_098_pollutant_root,eham_098_repost_00,eham_098_repost_02,eham_098_repost_03,eham_098_repost_04",refuted,refuted
eham_099,L4,L4_hidden_primary,heuristic-sim,bm25_top8,naive_bm25,simple_answer_v1,heuristic,1.0,0.0,0.0,1.0,,1.0,0.0,0.0,1.0,0.0,0.82,0.0,"eham_099_pollutant_root,eham_099_repost_01,eham_099_repost_02",,refuted,supported
eham_099,L4,L4_hidden_primary,heuristic-sim,bm25_top8,careful_bm25,claim_first_citation_v1,heuristic,1.0,0.0,0.0,1.0,,1.0,0.0,0.0,1.0,0.0,0.82,0.0,"eham_099_pollutant_root,eham_099_repost_01,eham_099_repost_02",,refuted,supported
eham_099,L4,L4_hidden_primary,heuristic-sim,primary_preserve_top8,primary_preserve,claim_first_citation_v1,heuristic,1.0,1.0,1.0,0.0,,0.0,0.0,0.0,0.0,1.0,0.74,0.0,"eham_099_primary_a,eham_099_primary_b","eham_099_pollutant_root,eham_099_repost_01,eham_099_repost_02,eham_099_repost_03,eham_099_repost_04",refuted,refuted
eham_099,L4,L4_hidden_primary,heuristic-sim,hygienic_combo_top8,hygienic_combo,claim_first_citation_v1,heuristic,1.0,1.0,1.0,0.0,,0.0,0.0,0.0,0.0,1.0,0.74,0.0,"eham_099_primary_a,eham_099_primary_b","eham_099_pollutant_root,eham_099_repost_01,eham_099_repost_02,eham_099_repost_03,eham_099_repost_04",refuted,refuted
eham_100,L4,L4_hidden_primary,heuristic-sim,bm25_top8,naive_bm25,simple_answer_v1,heuristic,1.0,0.0,0.0,1.0,,1.0,0.0,0.0,1.0,0.0,0.82,0.0,"eham_100_pollutant_root,eham_100_repost_00,eham_100_repost_01",,refuted,supported
eham_100,L4,L4_hidden_primary,heuristic-sim,bm25_top8,careful_bm25,claim_first_citation_v1,heuristic,1.0,0.0,0.0,1.0,,1.0,0.0,0.0,1.0,0.0,0.82,0.0,"eham_100_pollutant_root,eham_100_repost_00,eham_100_repost_01",,refuted,supported
eham_100,L4,L4_hidden_primary,heuristic-sim,primary_preserve_top8,primary_preserve,claim_first_citation_v1,heuristic,1.0,1.0,1.0,0.0,,0.0,0.0,0.0,0.0,1.0,0.74,0.0,"eham_100_primary_a,eham_100_primary_b","eham_100_pollutant_root,eham_100_repost_00,eham_100_repost_01,eham_100_repost_02,eham_100_repost_03",refuted,refuted
eham_100,L4,L4_hidden_primary,heuristic-sim,hygienic_combo_top8,hygienic_combo,claim_first_citation_v1,heuristic,1.0,1.0,1.0,0.0,,0.0,0.0,0.0,0.0,1.0,0.74,0.0,"eham_100_primary_a,eham_100_primary_b","eham_100_pollutant_root,eham_100_repost_00,eham_100_repost_01,eham_100_repost_02,eham_100_repost_03",refuted,refuted
eham_101,L4,L4_hidden_primary,heuristic-sim,bm25_top8,naive_bm25,simple_answer_v1,heuristic,1.0,0.0,0.0,1.0,,1.0,0.0,0.0,1.0,0.0,0.82,0.0,"eham_101_pollutant_root,eham_101_repost_00,eham_101_repost_01",,refuted,supported
eham_101,L4,L4_hidden_primary,heuristic-sim,bm25_top8,careful_bm25,claim_first_citation_v1,heuristic,1.0,0.0,0.0,1.0,,1.0,0.0,0.0,1.0,0.0,0.82,0.0,"eham_101_pollutant_root,eham_101_repost_00,eham_101_repost_01",,refuted,supported
eham_101,L4,L4_hidden_primary,heuristic-sim,primary_preserve_top8,primary_preserve,claim_first_citation_v1,heuristic,1.0,1.0,1.0,0.0,,0.0,0.0,0.0,0.0,1.0,0.74,0.0,"eham_101_primary_a,eham_101_primary_b","eham_101_pollutant_root,eham_101_repost_00,eham_101_repost_01,eham_101_repost_02,eham_101_repost_04",refuted,refuted
eham_101,L4,L4_hidden_primary,heuristic-sim,hygienic_combo_top8,hygienic_combo,claim_first_citation_v1,heuristic,1.0,1.0,1.0,0.0,,0.0,0.0,0.0,0.0,1.0,0.74,0.0,"eham_101_primary_a,eham_101_primary_b","eham_101_pollutant_root,eham_101_repost_00,eham_101_repost_01,eham_101_repost_02,eham_101_repost_04",refuted,refuted
eham_102,L4,L4_hidden_primary,heuristic-sim,bm25_top8,naive_bm25,simple_answer_v1,heuristic,1.0,0.0,0.0,1.0,,1.0,0.0,0.0,1.0,0.0,0.82,0.0,"eham_102_pollutant_root,eham_102_repost_00,eham_102_repost_01",,refuted,supported
eham_102,L4,L4_hidden_primary,heuristic-sim,bm25_top8,careful_bm25,claim_first_citation_v1,heuristic,1.0,0.0,0.0,1.0,,1.0,0.0,0.0,1.0,0.0,0.82,0.0,"eham_102_pollutant_root,eham_102_repost_00,eham_102_repost_01",,refuted,supported
eham_102,L4,L4_hidden_primary,heuristic-sim,primary_preserve_top8,primary_preserve,claim_first_citation_v1,heuristic,1.0,1.0,1.0,0.0,,0.0,0.0,0.0,0.0,1.0,0.74,0.0,"eham_102_primary_a,eham_102_primary_b","eham_102_pollutant_root,eham_102_repost_00,eham_102_repost_01,eham_102_repost_03,eham_102_repost_04",refuted,refuted
eham_102,L4,L4_hidden_primary,heuristic-sim,hygienic_combo_top8,hygienic_combo,claim_first_citation_v1,heuristic,1.0,1.0,1.0,0.0,,0.0,0.0,0.0,0.0,1.0,0.74,0.0,"eham_102_primary_a,eham_102_primary_b","eham_102_pollutant_root,eham_102_repost_00,eham_102_repost_01,eham_102_repost_03,eham_102_repost_04",refuted,refuted
eham_103,L4,L4_hidden_primary,heuristic-sim,bm25_top8,naive_bm25,simple_answer_v1,heuristic,1.0,0.0,0.0,1.0,,1.0,0.0,0.0,1.0,0.0,0.82,0.0,"eham_103_pollutant_root,eham_103_repost_00,eham_103_repost_02",,refuted,supported
eham_103,L4,L4_hidden_primary,heuristic-sim,bm25_top8,careful_bm25,claim_first_citation_v1,heuristic,1.0,0.0,0.0,1.0,,1.0,0.0,0.0,1.0,0.0,0.82,0.0,"eham_103_pollutant_root,eham_103_repost_00,eham_103_repost_02",,refuted,supported
eham_103,L4,L4_hidden_primary,heuristic-sim,primary_preserve_top8,primary_preserve,claim_first_citation_v1,heuristic,1.0,1.0,1.0,0.0,,0.0,0.0,0.0,0.0,1.0,0.74,0.0,"eham_103_primary_a,eham_103_primary_b","eham_103_pollutant_root,eham_103_repost_00,eham_103_repost_02,eham_103_repost_03,eham_103_repost_04",refuted,refuted
eham_103,L4,L4_hidden_primary,heuristic-sim,hygienic_combo_top8,hygienic_combo,claim_first_citation_v1,heuristic,1.0,1.0,1.0,0.0,,0.0,0.0,0.0,0.0,1.0,0.74,0.0,"eham_103_primary_a,eham_103_primary_b","eham_103_pollutant_root,eham_103_repost_00,eham_103_repost_02,eham_103_repost_03,eham_103_repost_04",refuted,refuted
eham_104,L4,L4_hidden_primary,heuristic-sim,bm25_top8,naive_bm25,simple_answer_v1,heuristic,1.0,0.0,0.0,1.0,,1.0,0.0,0.0,1.0,0.0,0.82,0.0,"eham_104_pollutant_root,eham_104_repost_01,eham_104_repost_02",,refuted,supported
eham_104,L4,L4_hidden_primary,heuristic-sim,bm25_top8,careful_bm25,claim_first_citation_v1,heuristic,1.0,0.0,0.0,1.0,,1.0,0.0,0.0,1.0,0.0,0.82,0.0,"eham_104_pollutant_root,eham_104_repost_01,eham_104_repost_02",,refuted,supported
eham_104,L4,L4_hidden_primary,heuristic-sim,primary_preserve_top8,primary_preserve,claim_first_citation_v1,heuristic,1.0,1.0,1.0,0.0,,0.0,0.0,0.0,0.0,1.0,0.74,0.0,"eham_104_primary_a,eham_104_primary_b","eham_104_pollutant_root,eham_104_repost_01,eham_104_repost_02,eham_104_repost_03,eham_104_repost_04",refuted,refuted
eham_104,L4,L4_hidden_primary,heuristic-sim,hygienic_combo_top8,hygienic_combo,claim_first_citation_v1,heuristic,1.0,1.0,1.0,0.0,,0.0,0.0,0.0,0.0,1.0,0.74,0.0,"eham_104_primary_a,eham_104_primary_b","eham_104_pollutant_root,eham_104_repost_01,eham_104_repost_02,eham_104_repost_03,eham_104_repost_04",refuted,refuted
eham_105,L4,L4_hidden_primary,heuristic-sim,bm25_top8,naive_bm25,simple_answer_v1,heuristic,1.0,0.0,0.0,1.0,,1.0,0.0,0.0,1.0,0.0,0.82,0.0,"eham_105_pollutant_root,eham_105_repost_00,eham_105_repost_01",,refuted,supported
eham_105,L4,L4_hidden_primary,heuristic-sim,bm25_top8,careful_bm25,claim_first_citation_v1,heuristic,1.0,0.0,0.0,1.0,,1.0,0.0,0.0,1.0,0.0,0.82,0.0,"eham_105_pollutant_root,eham_105_repost_00,eham_105_repost_01",,refuted,supported
eham_105,L4,L4_hidden_primary,heuristic-sim,primary_preserve_top8,primary_preserve,claim_first_citation_v1,heuristic,1.0,1.0,1.0,0.0,,0.0,0.0,0.0,0.0,1.0,0.74,0.0,"eham_105_primary_a,eham_105_primary_b","eham_105_pollutant_root,eham_105_repost_00,eham_105_repost_01,eham_105_repost_02,eham_105_repost_03",refuted,refuted
eham_105,L4,L4_hidden_primary,heuristic-sim,hygienic_combo_top8,hygienic_combo,claim_first_citation_v1,heuristic,1.0,1.0,1.0,0.0,,0.0,0.0,0.0,0.0,1.0,0.74,0.0,"eham_105_primary_a,eham_105_primary_b","eham_105_pollutant_root,eham_105_repost_00,eham_105_repost_01,eham_105_repost_02,eham_105_repost_03",refuted,refuted
eham_106,L4,L4_hidden_primary,heuristic-sim,bm25_top8,naive_bm25,simple_answer_v1,heuristic,1.0,0.0,0.0,1.0,,1.0,0.0,0.0,1.0,0.0,0.82,0.0,"eham_106_pollutant_root,eham_106_repost_00,eham_106_repost_01",,refuted,supported
eham_106,L4,L4_hidden_primary,heuristic-sim,bm25_top8,careful_bm25,claim_first_citation_v1,heuristic,1.0,0.0,0.0,1.0,,1.0,0.0,0.0,1.0,0.0,0.82,0.0,"eham_106_pollutant_root,eham_106_repost_00,eham_106_repost_01",,refuted,supported
eham_106,L4,L4_hidden_primary,heuristic-sim,primary_preserve_top8,primary_preserve,claim_first_citation_v1,heuristic,1.0,1.0,1.0,0.0,,0.0,0.0,0.0,0.0,1.0,0.74,0.0,"eham_106_primary_a,eham_106_primary_b","eham_106_pollutant_root,eham_106_repost_00,eham_106_repost_01,eham_106_repost_02,eham_106_repost_04",refuted,refuted
eham_106,L4,L4_hidden_primary,heuristic-sim,hygienic_combo_top8,hygienic_combo,claim_first_citation_v1,heuristic,1.0,1.0,1.0,0.0,,0.0,0.0,0.0,0.0,1.0,0.74,0.0,"eham_106_primary_a,eham_106_primary_b","eham_106_pollutant_root,eham_106_repost_00,eham_106_repost_01,eham_106_repost_02,eham_106_repost_04",refuted,refuted
eham_107,L4,L4_hidden_primary,heuristic-sim,bm25_top8,naive_bm25,simple_answer_v1,heuristic,1.0,0.0,0.0,1.0,,1.0,0.0,0.0,1.0,0.0,0.82,0.0,"eham_107_pollutant_root,eham_107_repost_00,eham_107_repost_01",,refuted,supported
eham_107,L4,L4_hidden_primary,heuristic-sim,bm25_top8,careful_bm25,claim_first_citation_v1,heuristic,1.0,0.0,0.0,1.0,,1.0,0.0,0.0,1.0,0.0,0.82,0.0,"eham_107_pollutant_root,eham_107_repost_00,eham_107_repost_01",,refuted,supported
eham_107,L4,L4_hidden_primary,heuristic-sim,primary_preserve_top8,primary_preserve,claim_first_citation_v1,heuristic,1.0,1.0,1.0,0.0,,0.0,0.0,0.0,0.0,1.0,0.74,0.0,"eham_107_primary_a,eham_107_primary_b","eham_107_pollutant_root,eham_107_repost_00,eham_107_repost_01,eham_107_repost_03,eham_107_repost_04",refuted,refuted
eham_107,L4,L4_hidden_primary,heuristic-sim,hygienic_combo_top8,hygienic_combo,claim_first_citation_v1,heuristic,1.0,1.0,1.0,0.0,,0.0,0.0,0.0,0.0,1.0,0.74,0.0,"eham_107_primary_a,eham_107_primary_b","eham_107_pollutant_root,eham_107_repost_00,eham_107_repost_01,eham_107_repost_03,eham_107_repost_04",refuted,refuted
eham_108,L4,L4_hidden_primary,heuristic-sim,bm25_top8,naive_bm25,simple_answer_v1,heuristic,1.0,0.0,0.0,1.0,,1.0,0.0,0.0,1.0,0.0,0.82,0.0,"eham_108_pollutant_root,eham_108_repost_00,eham_108_repost_02",,refuted,supported
eham_108,L4,L4_hidden_primary,heuristic-sim,bm25_top8,careful_bm25,claim_first_citation_v1,heuristic,1.0,0.0,0.0,1.0,,1.0,0.0,0.0,1.0,0.0,0.82,0.0,"eham_108_pollutant_root,eham_108_repost_00,eham_108_repost_02",,refuted,supported
eham_108,L4,L4_hidden_primary,heuristic-sim,primary_preserve_top8,primary_preserve,claim_first_citation_v1,heuristic,1.0,1.0,1.0,0.0,,0.0,0.0,0.0,0.0,1.0,0.74,0.0,"eham_108_primary_a,eham_108_primary_b","eham_108_pollutant_root,eham_108_repost_00,eham_108_repost_02,eham_108_repost_03,eham_108_repost_04",refuted,refuted
eham_108,L4,L4_hidden_primary,heuristic-sim,hygienic_combo_top8,hygienic_combo,claim_first_citation_v1,heuristic,1.0,1.0,1.0,0.0,,0.0,0.0,0.0,0.0,1.0,0.74,0.0,"eham_108_primary_a,eham_108_primary_b","eham_108_pollutant_root,eham_108_repost_00,eham_108_repost_02,eham_108_repost_03,eham_108_repost_04",refuted,refuted
eham_109,L4,L4_hidden_primary,heuristic-sim,bm25_top8,naive_bm25,simple_answer_v1,heuristic,1.0,0.0,0.0,1.0,,1.0,0.0,0.0,1.0,0.0,0.82,0.0,"eham_109_pollutant_root,eham_109_repost_01,eham_109_repost_02",,refuted,supported
eham_109,L4,L4_hidden_primary,heuristic-sim,bm25_top8,careful_bm25,claim_first_citation_v1,heuristic,1.0,0.0,0.0,1.0,,1.0,0.0,0.0,1.0,0.0,0.82,0.0,"eham_109_pollutant_root,eham_109_repost_01,eham_109_repost_02",,refuted,supported
eham_109,L4,L4_hidden_primary,heuristic-sim,primary_preserve_top8,primary_preserve,claim_first_citation_v1,heuristic,1.0,1.0,1.0,0.0,,0.0,0.0,0.0,0.0,1.0,0.74,0.0,"eham_109_primary_a,eham_109_primary_b","eham_109_pollutant_root,eham_109_repost_01,eham_109_repost_02,eham_109_repost_03,eham_109_repost_04",refuted,refuted
eham_109,L4,L4_hidden_primary,heuristic-sim,hygienic_combo_top8,hygienic_combo,claim_first_citation_v1,heuristic,1.0,1.0,1.0,0.0,,0.0,0.0,0.0,0.0,1.0,0.74,0.0,"eham_109_primary_a,eham_109_primary_b","eham_109_pollutant_root,eham_109_repost_01,eham_109_repost_02,eham_109_repost_03,eham_109_repost_04",refuted,refuted
eham_110,L4,L4_hidden_primary,heuristic-sim,bm25_top8,naive_bm25,simple_answer_v1,heuristic,1.0,0.0,0.0,1.0,,1.0,0.0,0.0,1.0,0.0,0.82,0.0,"eham_110_pollutant_root,eham_110_repost_00,eham_110_repost_01",,refuted,supported
eham_110,L4,L4_hidden_primary,heuristic-sim,bm25_top8,careful_bm25,claim_first_citation_v1,heuristic,1.0,0.0,0.0,1.0,,1.0,0.0,0.0,1.0,0.0,0.82,0.0,"eham_110_pollutant_root,eham_110_repost_00,eham_110_repost_01",,refuted,supported
eham_110,L4,L4_hidden_primary,heuristic-sim,primary_preserve_top8,primary_preserve,claim_first_citation_v1,heuristic,1.0,1.0,1.0,0.0,,0.0,0.0,0.0,0.0,1.0,0.74,0.0,"eham_110_primary_a,eham_110_primary_b","eham_110_pollutant_root,eham_110_repost_00,eham_110_repost_01,eham_110_repost_02,eham_110_repost_03",refuted,refuted
eham_110,L4,L4_hidden_primary,heuristic-sim,hygienic_combo_top8,hygienic_combo,claim_first_citation_v1,heuristic,1.0,1.0,1.0,0.0,,0.0,0.0,0.0,0.0,1.0,0.74,0.0,"eham_110_primary_a,eham_110_primary_b","eham_110_pollutant_root,eham_110_repost_00,eham_110_repost_01,eham_110_repost_02,eham_110_repost_03",refuted,refuted
eham_111,L4,L4_hidden_primary,heuristic-sim,bm25_top8,naive_bm25,simple_answer_v1,heuristic,1.0,0.0,0.0,1.0,,1.0,0.0,0.0,1.0,0.0,0.82,0.0,"eham_111_pollutant_root,eham_111_repost_00,eham_111_repost_01",,refuted,supported
eham_111,L4,L4_hidden_primary,heuristic-sim,bm25_top8,careful_bm25,claim_first_citation_v1,heuristic,1.0,0.0,0.0,1.0,,1.0,0.0,0.0,1.0,0.0,0.82,0.0,"eham_111_pollutant_root,eham_111_repost_00,eham_111_repost_01",,refuted,supported
eham_111,L4,L4_hidden_primary,heuristic-sim,primary_preserve_top8,primary_preserve,claim_first_citation_v1,heuristic,1.0,1.0,1.0,0.0,,0.0,0.0,0.0,0.0,1.0,0.74,0.0,"eham_111_primary_a,eham_111_primary_b","eham_111_pollutant_root,eham_111_repost_00,eham_111_repost_01,eham_111_repost_02,eham_111_repost_04",refuted,refuted
eham_111,L4,L4_hidden_primary,heuristic-sim,hygienic_combo_top8,hygienic_combo,claim_first_citation_v1,heuristic,1.0,1.0,1.0,0.0,,0.0,0.0,0.0,0.0,1.0,0.74,0.0,"eham_111_primary_a,eham_111_primary_b","eham_111_pollutant_root,eham_111_repost_00,eham_111_repost_01,eham_111_repost_02,eham_111_repost_04",refuted,refuted
eham_112,L4,L4_hidden_primary,heuristic-sim,bm25_top8,naive_bm25,simple_answer_v1,heuristic,1.0,0.0,0.0,1.0,,1.0,0.0,0.0,1.0,0.0,0.82,0.0,"eham_112_pollutant_root,eham_112_repost_00,eham_112_repost_01",,refuted,supported
eham_112,L4,L4_hidden_primary,heuristic-sim,bm25_top8,careful_bm25,claim_first_citation_v1,heuristic,1.0,0.0,0.0,1.0,,1.0,0.0,0.0,1.0,0.0,0.82,0.0,"eham_112_pollutant_root,eham_112_repost_00,eham_112_repost_01",,refuted,supported
eham_112,L4,L4_hidden_primary,heuristic-sim,primary_preserve_top8,primary_preserve,claim_first_citation_v1,heuristic,1.0,1.0,1.0,0.0,,0.0,0.0,0.0,0.0,1.0,0.74,0.0,"eham_112_primary_a,eham_112_primary_b","eham_112_pollutant_root,eham_112_repost_00,eham_112_repost_01,eham_112_repost_03,eham_112_repost_04",refuted,refuted
eham_112,L4,L4_hidden_primary,heuristic-sim,hygienic_combo_top8,hygienic_combo,claim_first_citation_v1,heuristic,1.0,1.0,1.0,0.0,,0.0,0.0,0.0,0.0,1.0,0.74,0.0,"eham_112_primary_a,eham_112_primary_b","eham_112_pollutant_root,eham_112_repost_00,eham_112_repost_01,eham_112_repost_03,eham_112_repost_04",refuted,refuted
eham_113,L4,L4_hidden_primary,heuristic-sim,bm25_top8,naive_bm25,simple_answer_v1,heuristic,1.0,0.0,0.0,1.0,,1.0,0.0,0.0,1.0,0.0,0.82,0.0,"eham_113_pollutant_root,eham_113_repost_00,eham_113_repost_02",,refuted,supported
eham_113,L4,L4_hidden_primary,heuristic-sim,bm25_top8,careful_bm25,claim_first_citation_v1,heuristic,1.0,0.0,0.0,1.0,,1.0,0.0,0.0,1.0,0.0,0.82,0.0,"eham_113_pollutant_root,eham_113_repost_00,eham_113_repost_02",,refuted,supported
eham_113,L4,L4_hidden_primary,heuristic-sim,primary_preserve_top8,primary_preserve,claim_first_citation_v1,heuristic,1.0,1.0,1.0,0.0,,0.0,0.0,0.0,0.0,1.0,0.74,0.0,"eham_113_primary_a,eham_113_primary_b","eham_113_pollutant_root,eham_113_repost_00,eham_113_repost_02,eham_113_repost_03,eham_113_repost_04",refuted,refuted
eham_113,L4,L4_hidden_primary,heuristic-sim,hygienic_combo_top8,hygienic_combo,claim_first_citation_v1,heuristic,1.0,1.0,1.0,0.0,,0.0,0.0,0.0,0.0,1.0,0.74,0.0,"eham_113_primary_a,eham_113_primary_b","eham_113_pollutant_root,eham_113_repost_00,eham_113_repost_02,eham_113_repost_03,eham_113_repost_04",refuted,refuted
eham_114,L4,L4_hidden_primary,heuristic-sim,bm25_top8,naive_bm25,simple_answer_v1,heuristic,1.0,0.0,0.0,1.0,,1.0,0.0,0.0,1.0,0.0,0.82,0.0,"eham_114_pollutant_root,eham_114_repost_01,eham_114_repost_02",,refuted,supported
eham_114,L4,L4_hidden_primary,heuristic-sim,bm25_top8,careful_bm25,claim_first_citation_v1,heuristic,1.0,0.0,0.0,1.0,,1.0,0.0,0.0,1.0,0.0,0.82,0.0,"eham_114_pollutant_root,eham_114_repost_01,eham_114_repost_02",,refuted,supported
eham_114,L4,L4_hidden_primary,heuristic-sim,primary_preserve_top8,primary_preserve,claim_first_citation_v1,heuristic,1.0,1.0,1.0,0.0,,0.0,0.0,0.0,0.0,1.0,0.74,0.0,"eham_114_primary_a,eham_114_primary_b","eham_114_pollutant_root,eham_114_repost_01,eham_114_repost_02,eham_114_repost_03,eham_114_repost_04",refuted,refuted
eham_114,L4,L4_hidden_primary,heuristic-sim,hygienic_combo_top8,hygienic_combo,claim_first_citation_v1,heuristic,1.0,1.0,1.0,0.0,,0.0,0.0,0.0,0.0,1.0,0.74,0.0,"eham_114_primary_a,eham_114_primary_b","eham_114_pollutant_root,eham_114_repost_01,eham_114_repost_02,eham_114_repost_03,eham_114_repost_04",refuted,refuted
eham_115,L4,L4_hidden_primary,heuristic-sim,bm25_top8,naive_bm25,simple_answer_v1,heuristic,1.0,0.0,0.0,1.0,,1.0,0.0,0.0,1.0,0.0,0.82,0.0,"eham_115_pollutant_root,eham_115_repost_00,eham_115_repost_01",,refuted,supported
eham_115,L4,L4_hidden_primary,heuristic-sim,bm25_top8,careful_bm25,claim_first_citation_v1,heuristic,1.0,0.0,0.0,1.0,,1.0,0.0,0.0,1.0,0.0,0.82,0.0,"eham_115_pollutant_root,eham_115_repost_00,eham_115_repost_01",,refuted,supported
eham_115,L4,L4_hidden_primary,heuristic-sim,primary_preserve_top8,primary_preserve,claim_first_citation_v1,heuristic,1.0,1.0,1.0,0.0,,0.0,0.0,0.0,0.0,1.0,0.74,0.0,"eham_115_primary_a,eham_115_primary_b","eham_115_pollutant_root,eham_115_repost_00,eham_115_repost_01,eham_115_repost_02,eham_115_repost_03",refuted,refuted
eham_115,L4,L4_hidden_primary,heuristic-sim,hygienic_combo_top8,hygienic_combo,claim_first_citation_v1,heuristic,1.0,1.0,1.0,0.0,,0.0,0.0,0.0,0.0,1.0,0.74,0.0,"eham_115_primary_a,eham_115_primary_b","eham_115_pollutant_root,eham_115_repost_00,eham_115_repost_01,eham_115_repost_02,eham_115_repost_03",refuted,refuted
eham_116,L4,L4_hidden_primary,heuristic-sim,bm25_top8,naive_bm25,simple_answer_v1,heuristic,1.0,0.0,0.0,1.0,,1.0,0.0,0.0,1.0,0.0,0.82,0.0,"eham_116_pollutant_root,eham_116_repost_00,eham_116_repost_01",,refuted,supported
eham_116,L4,L4_hidden_primary,heuristic-sim,bm25_top8,careful_bm25,claim_first_citation_v1,heuristic,1.0,0.0,0.0,1.0,,1.0,0.0,0.0,1.0,0.0,0.82,0.0,"eham_116_pollutant_root,eham_116_repost_00,eham_116_repost_01",,refuted,supported
eham_116,L4,L4_hidden_primary,heuristic-sim,primary_preserve_top8,primary_preserve,claim_first_citation_v1,heuristic,1.0,1.0,1.0,0.0,,0.0,0.0,0.0,0.0,1.0,0.74,0.0,"eham_116_primary_a,eham_116_primary_b","eham_116_pollutant_root,eham_116_repost_00,eham_116_repost_01,eham_116_repost_02,eham_116_repost_04",refuted,refuted
eham_116,L4,L4_hidden_primary,heuristic-sim,hygienic_combo_top8,hygienic_combo,claim_first_citation_v1,heuristic,1.0,1.0,1.0,0.0,,0.0,0.0,0.0,0.0,1.0,0.74,0.0,"eham_116_primary_a,eham_116_primary_b","eham_116_pollutant_root,eham_116_repost_00,eham_116_repost_01,eham_116_repost_02,eham_116_repost_04",refuted,refuted
eham_117,L4,L4_hidden_primary,heuristic-sim,bm25_top8,naive_bm25,simple_answer_v1,heuristic,1.0,0.0,0.0,1.0,,1.0,0.0,0.0,1.0,0.0,0.82,0.0,"eham_117_pollutant_root,eham_117_repost_00,eham_117_repost_01",,refuted,supported
eham_117,L4,L4_hidden_primary,heuristic-sim,bm25_top8,careful_bm25,claim_first_citation_v1,heuristic,1.0,0.0,0.0,1.0,,1.0,0.0,0.0,1.0,0.0,0.82,0.0,"eham_117_pollutant_root,eham_117_repost_00,eham_117_repost_01",,refuted,supported
eham_117,L4,L4_hidden_primary,heuristic-sim,primary_preserve_top8,primary_preserve,claim_first_citation_v1,heuristic,1.0,1.0,1.0,0.0,,0.0,0.0,0.0,0.0,1.0,0.74,0.0,"eham_117_primary_a,eham_117_primary_b","eham_117_pollutant_root,eham_117_repost_00,eham_117_repost_01,eham_117_repost_03,eham_117_repost_04",refuted,refuted
eham_117,L4,L4_hidden_primary,heuristic-sim,hygienic_combo_top8,hygienic_combo,claim_first_citation_v1,heuristic,1.0,1.0,1.0,0.0,,0.0,0.0,0.0,0.0,1.0,0.74,0.0,"eham_117_primary_a,eham_117_primary_b","eham_117_pollutant_root,eham_117_repost_00,eham_117_repost_01,eham_117_repost_03,eham_117_repost_04",refuted,refuted
eham_118,L4,L4_hidden_primary,heuristic-sim,bm25_top8,naive_bm25,simple_answer_v1,heuristic,1.0,0.0,0.0,1.0,,1.0,0.0,0.0,1.0,0.0,0.82,0.0,"eham_118_pollutant_root,eham_118_repost_00,eham_118_repost_02",,refuted,supported
eham_118,L4,L4_hidden_primary,heuristic-sim,bm25_top8,careful_bm25,claim_first_citation_v1,heuristic,1.0,0.0,0.0,1.0,,1.0,0.0,0.0,1.0,0.0,0.82,0.0,"eham_118_pollutant_root,eham_118_repost_00,eham_118_repost_02",,refuted,supported
eham_118,L4,L4_hidden_primary,heuristic-sim,primary_preserve_top8,primary_preserve,claim_first_citation_v1,heuristic,1.0,1.0,1.0,0.0,,0.0,0.0,0.0,0.0,1.0,0.74,0.0,"eham_118_primary_a,eham_118_primary_b","eham_118_pollutant_root,eham_118_repost_00,eham_118_repost_02,eham_118_repost_03,eham_118_repost_04",refuted,refuted
eham_118,L4,L4_hidden_primary,heuristic-sim,hygienic_combo_top8,hygienic_combo,claim_first_citation_v1,heuristic,1.0,1.0,1.0,0.0,,0.0,0.0,0.0,0.0,1.0,0.74,0.0,"eham_118_primary_a,eham_118_primary_b","eham_118_pollutant_root,eham_118_repost_00,eham_118_repost_02,eham_118_repost_03,eham_118_repost_04",refuted,refuted
eham_119,L4,L4_hidden_primary,heuristic-sim,bm25_top8,naive_bm25,simple_answer_v1,heuristic,1.0,0.0,0.0,1.0,,1.0,0.0,0.0,1.0,0.0,0.82,0.0,"eham_119_pollutant_root,eham_119_repost_01,eham_119_repost_02",,refuted,supported
eham_119,L4,L4_hidden_primary,heuristic-sim,bm25_top8,careful_bm25,claim_first_citation_v1,heuristic,1.0,0.0,0.0,1.0,,1.0,0.0,0.0,1.0,0.0,0.82,0.0,"eham_119_pollutant_root,eham_119_repost_01,eham_119_repost_02",,refuted,supported
eham_119,L4,L4_hidden_primary,heuristic-sim,primary_preserve_top8,primary_preserve,claim_first_citation_v1,heuristic,1.0,1.0,1.0,0.0,,0.0,0.0,0.0,0.0,1.0,0.74,0.0,"eham_119_primary_a,eham_119_primary_b","eham_119_pollutant_root,eham_119_repost_01,eham_119_repost_02,eham_119_repost_03,eham_119_repost_04",refuted,refuted
eham_119,L4,L4_hidden_primary,heuristic-sim,hygienic_combo_top8,hygienic_combo,claim_first_citation_v1,heuristic,1.0,1.0,1.0,0.0,,0.0,0.0,0.0,0.0,1.0,0.74,0.0,"eham_119_primary_a,eham_119_primary_b","eham_119_pollutant_root,eham_119_repost_01,eham_119_repost_02,eham_119_repost_03,eham_119_repost_04",refuted,refuted
eham_120,L5,L5_halluweb_generated_lore,heuristic-sim,bm25_top8,naive_bm25,simple_answer_v1,heuristic,1.0,0.0,0.0,1.0,0.0,1.0,0.0,1.0,0.0,0.0,0.72,0.0,"eham_120_pollutant_root,eham_120_repost_00,eham_120_repost_01",,insufficient,supported
eham_120,L5,L5_halluweb_generated_lore,heuristic-sim,bm25_top8,careful_bm25,claim_first_citation_v1,heuristic,1.0,1.0,1.0,0.0,1.0,0.0,0.0,0.0,0.0,0.0,0.55,0.0,,"eham_120_pollutant_root,eham_120_repost_00,eham_120_repost_01,eham_120_repost_02,eham_120_repost_03",insufficient,insufficient
eham_120,L5,L5_halluweb_generated_lore,heuristic-sim,primary_preserve_top8,primary_preserve,claim_first_citation_v1,heuristic,1.0,1.0,1.0,0.0,1.0,0.0,0.0,0.0,0.0,0.0,0.55,0.0,,"eham_120_pollutant_root,eham_120_repost_00,eham_120_repost_01,eham_120_repost_02,eham_120_repost_03",insufficient,insufficient
eham_120,L5,L5_halluweb_generated_lore,heuristic-sim,hygienic_combo_top8,hygienic_combo,claim_first_citation_v1,heuristic,1.0,1.0,1.0,0.0,1.0,0.0,0.0,0.0,0.0,0.0,0.55,0.0,,"eham_120_pollutant_root,eham_120_repost_00,eham_120_repost_01",insufficient,insufficient
eham_121,L5,L5_halluweb_generated_lore,heuristic-sim,bm25_top8,naive_bm25,simple_answer_v1,heuristic,1.0,0.0,0.0,1.0,0.0,1.0,0.0,1.0,0.0,0.0,0.72,0.0,"eham_121_pollutant_root,eham_121_repost_00,eham_121_repost_01",,insufficient,supported
eham_121,L5,L5_halluweb_generated_lore,heuristic-sim,bm25_top8,careful_bm25,claim_first_citation_v1,heuristic,1.0,1.0,1.0,0.0,1.0,0.0,0.0,0.0,0.0,0.0,0.55,0.0,,"eham_121_pollutant_root,eham_121_repost_00,eham_121_repost_01,eham_121_repost_02,eham_121_repost_04",insufficient,insufficient
eham_121,L5,L5_halluweb_generated_lore,heuristic-sim,primary_preserve_top8,primary_preserve,claim_first_citation_v1,heuristic,1.0,1.0,1.0,0.0,1.0,0.0,0.0,0.0,0.0,0.0,0.55,0.0,,"eham_121_pollutant_root,eham_121_repost_00,eham_121_repost_01,eham_121_repost_02,eham_121_repost_04",insufficient,insufficient
eham_121,L5,L5_halluweb_generated_lore,heuristic-sim,hygienic_combo_top8,hygienic_combo,claim_first_citation_v1,heuristic,1.0,1.0,1.0,0.0,1.0,0.0,0.0,0.0,0.0,0.0,0.55,0.0,,"eham_121_pollutant_root,eham_121_repost_00,eham_121_repost_01",insufficient,insufficient
eham_122,L5,L5_halluweb_generated_lore,heuristic-sim,bm25_top8,naive_bm25,simple_answer_v1,heuristic,1.0,0.0,0.0,1.0,0.0,1.0,0.0,1.0,0.0,0.0,0.72,0.0,"eham_122_pollutant_root,eham_122_repost_00,eham_122_repost_01",,insufficient,supported
eham_122,L5,L5_halluweb_generated_lore,heuristic-sim,bm25_top8,careful_bm25,claim_first_citation_v1,heuristic,1.0,1.0,1.0,0.0,1.0,0.0,0.0,0.0,0.0,0.0,0.55,0.0,,"eham_122_pollutant_root,eham_122_repost_00,eham_122_repost_01,eham_122_repost_03,eham_122_repost_04",insufficient,insufficient
eham_122,L5,L5_halluweb_generated_lore,heuristic-sim,primary_preserve_top8,primary_preserve,claim_first_citation_v1,heuristic,1.0,1.0,1.0,0.0,1.0,0.0,0.0,0.0,0.0,0.0,0.55,0.0,,"eham_122_pollutant_root,eham_122_repost_00,eham_122_repost_01,eham_122_repost_03,eham_122_repost_04",insufficient,insufficient
eham_122,L5,L5_halluweb_generated_lore,heuristic-sim,hygienic_combo_top8,hygienic_combo,claim_first_citation_v1,heuristic,1.0,1.0,1.0,0.0,1.0,0.0,0.0,0.0,0.0,0.0,0.55,0.0,,"eham_122_pollutant_root,eham_122_repost_00,eham_122_repost_01",insufficient,insufficient
eham_123,L5,L5_halluweb_generated_lore,heuristic-sim,bm25_top8,naive_bm25,simple_answer_v1,heuristic,1.0,0.0,0.0,1.0,0.0,1.0,0.0,1.0,0.0,0.0,0.72,0.0,"eham_123_pollutant_root,eham_123_repost_00,eham_123_repost_02",,insufficient,supported
eham_123,L5,L5_halluweb_generated_lore,heuristic-sim,bm25_top8,careful_bm25,claim_first_citation_v1,heuristic,1.0,1.0,1.0,0.0,1.0,0.0,0.0,0.0,0.0,0.0,0.55,0.0,,"eham_123_pollutant_root,eham_123_repost_00,eham_123_repost_02,eham_123_repost_03,eham_123_repost_04",insufficient,insufficient
eham_123,L5,L5_halluweb_generated_lore,heuristic-sim,primary_preserve_top8,primary_preserve,claim_first_citation_v1,heuristic,1.0,1.0,1.0,0.0,1.0,0.0,0.0,0.0,0.0,0.0,0.55,0.0,,"eham_123_pollutant_root,eham_123_repost_00,eham_123_repost_02,eham_123_repost_03,eham_123_repost_04",insufficient,insufficient
eham_123,L5,L5_halluweb_generated_lore,heuristic-sim,hygienic_combo_top8,hygienic_combo,claim_first_citation_v1,heuristic,1.0,1.0,1.0,0.0,1.0,0.0,0.0,0.0,0.0,0.0,0.55,0.0,,"eham_123_pollutant_root,eham_123_repost_00,eham_123_repost_02",insufficient,insufficient
eham_124,L5,L5_halluweb_generated_lore,heuristic-sim,bm25_top8,naive_bm25,simple_answer_v1,heuristic,1.0,0.0,0.0,1.0,0.0,1.0,0.0,1.0,0.0,0.0,0.72,0.0,"eham_124_pollutant_root,eham_124_repost_01,eham_124_repost_02",,insufficient,supported
eham_124,L5,L5_halluweb_generated_lore,heuristic-sim,bm25_top8,careful_bm25,claim_first_citation_v1,heuristic,1.0,1.0,1.0,0.0,1.0,0.0,0.0,0.0,0.0,0.0,0.55,0.0,,"eham_124_pollutant_root,eham_124_repost_01,eham_124_repost_02,eham_124_repost_00",insufficient,insufficient
eham_124,L5,L5_halluweb_generated_lore,heuristic-sim,primary_preserve_top8,primary_preserve,claim_first_citation_v1,heuristic,1.0,1.0,1.0,0.0,1.0,0.0,0.0,0.0,0.0,0.0,0.55,0.0,,"eham_124_pollutant_root,eham_124_repost_01,eham_124_repost_02,eham_124_repost_00",insufficient,insufficient
eham_124,L5,L5_halluweb_generated_lore,heuristic-sim,hygienic_combo_top8,hygienic_combo,claim_first_citation_v1,heuristic,1.0,1.0,1.0,0.0,1.0,0.0,0.0,0.0,0.0,0.0,0.55,0.0,,"eham_124_pollutant_root,eham_124_repost_01,eham_124_repost_02",insufficient,insufficient
eham_125,L5,L5_halluweb_generated_lore,heuristic-sim,bm25_top8,naive_bm25,simple_answer_v1,heuristic,1.0,0.0,0.0,1.0,0.0,1.0,0.0,1.0,0.0,0.0,0.72,0.0,"eham_125_pollutant_root,eham_125_repost_00,eham_125_repost_01",,insufficient,supported
eham_125,L5,L5_halluweb_generated_lore,heuristic-sim,bm25_top8,careful_bm25,claim_first_citation_v1,heuristic,1.0,1.0,1.0,0.0,1.0,0.0,0.0,0.0,0.0,0.0,0.55,0.0,,"eham_125_pollutant_root,eham_125_repost_00,eham_125_repost_01,eham_125_repost_02,eham_125_repost_03",insufficient,insufficient
eham_125,L5,L5_halluweb_generated_lore,heuristic-sim,primary_preserve_top8,primary_preserve,claim_first_citation_v1,heuristic,1.0,1.0,1.0,0.0,1.0,0.0,0.0,0.0,0.0,0.0,0.55,0.0,,"eham_125_pollutant_root,eham_125_repost_00,eham_125_repost_01,eham_125_repost_02,eham_125_repost_03",insufficient,insufficient
eham_125,L5,L5_halluweb_generated_lore,heuristic-sim,hygienic_combo_top8,hygienic_combo,claim_first_citation_v1,heuristic,1.0,1.0,1.0,0.0,1.0,0.0,0.0,0.0,0.0,0.0,0.55,0.0,,"eham_125_pollutant_root,eham_125_repost_00,eham_125_repost_01",insufficient,insufficient
eham_126,L5,L5_halluweb_generated_lore,heuristic-sim,bm25_top8,naive_bm25,simple_answer_v1,heuristic,1.0,0.0,0.0,1.0,0.0,1.0,0.0,1.0,0.0,0.0,0.72,0.0,"eham_126_pollutant_root,eham_126_repost_00,eham_126_repost_01",,insufficient,supported
eham_126,L5,L5_halluweb_generated_lore,heuristic-sim,bm25_top8,careful_bm25,claim_first_citation_v1,heuristic,1.0,1.0,1.0,0.0,1.0,0.0,0.0,0.0,0.0,0.0,0.55,0.0,,"eham_126_pollutant_root,eham_126_repost_00,eham_126_repost_01,eham_126_repost_02",insufficient,insufficient
eham_126,L5,L5_halluweb_generated_lore,heuristic-sim,primary_preserve_top8,primary_preserve,claim_first_citation_v1,heuristic,1.0,1.0,1.0,0.0,1.0,0.0,0.0,0.0,0.0,0.0,0.55,0.0,,"eham_126_pollutant_root,eham_126_repost_00,eham_126_repost_01,eham_126_repost_02",insufficient,insufficient
eham_126,L5,L5_halluweb_generated_lore,heuristic-sim,hygienic_combo_top8,hygienic_combo,claim_first_citation_v1,heuristic,1.0,1.0,1.0,0.0,1.0,0.0,0.0,0.0,0.0,0.0,0.55,0.0,,"eham_126_pollutant_root,eham_126_repost_00,eham_126_repost_01",insufficient,insufficient
eham_127,L5,L5_halluweb_generated_lore,heuristic-sim,bm25_top8,naive_bm25,simple_answer_v1,heuristic,1.0,0.0,0.0,1.0,0.0,1.0,0.0,1.0,0.0,0.0,0.72,0.0,"eham_127_pollutant_root,eham_127_repost_00,eham_127_repost_01",,insufficient,supported
eham_127,L5,L5_halluweb_generated_lore,heuristic-sim,bm25_top8,careful_bm25,claim_first_citation_v1,heuristic,1.0,1.0,1.0,0.0,1.0,0.0,0.0,0.0,0.0,0.0,0.55,0.0,,"eham_127_pollutant_root,eham_127_repost_00,eham_127_repost_01,eham_127_repost_03,eham_127_repost_04",insufficient,insufficient
eham_127,L5,L5_halluweb_generated_lore,heuristic-sim,primary_preserve_top8,primary_preserve,claim_first_citation_v1,heuristic,1.0,1.0,1.0,0.0,1.0,0.0,0.0,0.0,0.0,0.0,0.55,0.0,,"eham_127_pollutant_root,eham_127_repost_00,eham_127_repost_01,eham_127_repost_03,eham_127_repost_04",insufficient,insufficient
eham_127,L5,L5_halluweb_generated_lore,heuristic-sim,hygienic_combo_top8,hygienic_combo,claim_first_citation_v1,heuristic,1.0,1.0,1.0,0.0,1.0,0.0,0.0,0.0,0.0,0.0,0.55,0.0,,"eham_127_pollutant_root,eham_127_repost_00,eham_127_repost_01",insufficient,insufficient
eham_128,L5,L5_halluweb_generated_lore,heuristic-sim,bm25_top8,naive_bm25,simple_answer_v1,heuristic,1.0,0.0,0.0,1.0,0.0,1.0,0.0,1.0,0.0,0.0,0.72,0.0,"eham_128_pollutant_root,eham_128_repost_00,eham_128_repost_02",,insufficient,supported
eham_128,L5,L5_halluweb_generated_lore,heuristic-sim,bm25_top8,careful_bm25,claim_first_citation_v1,heuristic,1.0,1.0,1.0,0.0,1.0,0.0,0.0,0.0,0.0,0.0,0.55,0.0,,"eham_128_pollutant_root,eham_128_repost_00,eham_128_repost_02,eham_128_repost_01",insufficient,insufficient
eham_128,L5,L5_halluweb_generated_lore,heuristic-sim,primary_preserve_top8,primary_preserve,claim_first_citation_v1,heuristic,1.0,1.0,1.0,0.0,1.0,0.0,0.0,0.0,0.0,0.0,0.55,0.0,,"eham_128_pollutant_root,eham_128_repost_00,eham_128_repost_02,eham_128_repost_01",insufficient,insufficient
eham_128,L5,L5_halluweb_generated_lore,heuristic-sim,hygienic_combo_top8,hygienic_combo,claim_first_citation_v1,heuristic,1.0,1.0,1.0,0.0,1.0,0.0,0.0,0.0,0.0,0.0,0.55,0.0,,"eham_128_pollutant_root,eham_128_repost_00,eham_128_repost_02",insufficient,insufficient
eham_129,L5,L5_halluweb_generated_lore,heuristic-sim,bm25_top8,naive_bm25,simple_answer_v1,heuristic,1.0,0.0,0.0,1.0,0.0,1.0,0.0,1.0,0.0,0.0,0.72,0.0,"eham_129_pollutant_root,eham_129_repost_01,eham_129_repost_02",,insufficient,supported
eham_129,L5,L5_halluweb_generated_lore,heuristic-sim,bm25_top8,careful_bm25,claim_first_citation_v1,heuristic,1.0,1.0,1.0,0.0,1.0,0.0,0.0,0.0,0.0,0.0,0.55,0.0,,"eham_129_pollutant_root,eham_129_repost_01,eham_129_repost_02,eham_129_repost_03,eham_129_repost_04",insufficient,insufficient
eham_129,L5,L5_halluweb_generated_lore,heuristic-sim,primary_preserve_top8,primary_preserve,claim_first_citation_v1,heuristic,1.0,1.0,1.0,0.0,1.0,0.0,0.0,0.0,0.0,0.0,0.55,0.0,,"eham_129_pollutant_root,eham_129_repost_01,eham_129_repost_02,eham_129_repost_03,eham_129_repost_04",insufficient,insufficient
eham_129,L5,L5_halluweb_generated_lore,heuristic-sim,hygienic_combo_top8,hygienic_combo,claim_first_citation_v1,heuristic,1.0,1.0,1.0,0.0,1.0,0.0,0.0,0.0,0.0,0.0,0.55,0.0,,"eham_129_pollutant_root,eham_129_repost_01,eham_129_repost_02",insufficient,insufficient
eham_130,L5,L5_halluweb_generated_lore,heuristic-sim,bm25_top8,naive_bm25,simple_answer_v1,heuristic,1.0,0.0,0.0,1.0,0.0,1.0,0.0,1.0,0.0,0.0,0.72,0.0,"eham_130_pollutant_root,eham_130_repost_00,eham_130_repost_01",,insufficient,supported
eham_130,L5,L5_halluweb_generated_lore,heuristic-sim,bm25_top8,careful_bm25,claim_first_citation_v1,heuristic,1.0,1.0,1.0,0.0,1.0,0.0,0.0,0.0,0.0,0.0,0.55,0.0,,"eham_130_pollutant_root,eham_130_repost_00,eham_130_repost_01,eham_130_repost_02",insufficient,insufficient
eham_130,L5,L5_halluweb_generated_lore,heuristic-sim,primary_preserve_top8,primary_preserve,claim_first_citation_v1,heuristic,1.0,1.0,1.0,0.0,1.0,0.0,0.0,0.0,0.0,0.0,0.55,0.0,,"eham_130_pollutant_root,eham_130_repost_00,eham_130_repost_01,eham_130_repost_02",insufficient,insufficient
eham_130,L5,L5_halluweb_generated_lore,heuristic-sim,hygienic_combo_top8,hygienic_combo,claim_first_citation_v1,heuristic,1.0,1.0,1.0,0.0,1.0,0.0,0.0,0.0,0.0,0.0,0.55,0.0,,"eham_130_pollutant_root,eham_130_repost_00,eham_130_repost_01",insufficient,insufficient
eham_131,L5,L5_halluweb_generated_lore,heuristic-sim,bm25_top8,naive_bm25,simple_answer_v1,heuristic,1.0,0.0,0.0,1.0,0.0,1.0,0.0,1.0,0.0,0.0,0.72,0.0,"eham_131_pollutant_root,eham_131_repost_00,eham_131_repost_01",,insufficient,supported
eham_131,L5,L5_halluweb_generated_lore,heuristic-sim,bm25_top8,careful_bm25,claim_first_citation_v1,heuristic,1.0,1.0,1.0,0.0,1.0,0.0,0.0,0.0,0.0,0.0,0.55,0.0,,"eham_131_pollutant_root,eham_131_repost_00,eham_131_repost_01,eham_131_repost_02,eham_131_repost_04",insufficient,insufficient
eham_131,L5,L5_halluweb_generated_lore,heuristic-sim,primary_preserve_top8,primary_preserve,claim_first_citation_v1,heuristic,1.0,1.0,1.0,0.0,1.0,0.0,0.0,0.0,0.0,0.0,0.55,0.0,,"eham_131_pollutant_root,eham_131_repost_00,eham_131_repost_01,eham_131_repost_02,eham_131_repost_04",insufficient,insufficient
eham_131,L5,L5_halluweb_generated_lore,heuristic-sim,hygienic_combo_top8,hygienic_combo,claim_first_citation_v1,heuristic,1.0,1.0,1.0,0.0,1.0,0.0,0.0,0.0,0.0,0.0,0.55,0.0,,"eham_131_pollutant_root,eham_131_repost_00,eham_131_repost_01",insufficient,insufficient
eham_132,L5,L5_halluweb_generated_lore,heuristic-sim,bm25_top8,naive_bm25,simple_answer_v1,heuristic,1.0,0.0,0.0,1.0,0.0,1.0,0.0,1.0,0.0,0.0,0.72,0.0,"eham_132_pollutant_root,eham_132_repost_00,eham_132_repost_01",,insufficient,supported
eham_132,L5,L5_halluweb_generated_lore,heuristic-sim,bm25_top8,careful_bm25,claim_first_citation_v1,heuristic,1.0,1.0,1.0,0.0,1.0,0.0,0.0,0.0,0.0,0.0,0.55,0.0,,"eham_132_pollutant_root,eham_132_repost_00,eham_132_repost_01,eham_132_repost_03,eham_132_repost_02",insufficient,insufficient
eham_132,L5,L5_halluweb_generated_lore,heuristic-sim,primary_preserve_top8,primary_preserve,claim_first_citation_v1,heuristic,1.0,1.0,1.0,0.0,1.0,0.0,0.0,0.0,0.0,0.0,0.55,0.0,,"eham_132_pollutant_root,eham_132_repost_00,eham_132_repost_01,eham_132_repost_03,eham_132_repost_02",insufficient,insufficient
eham_132,L5,L5_halluweb_generated_lore,heuristic-sim,hygienic_combo_top8,hygienic_combo,claim_first_citation_v1,heuristic,1.0,1.0,1.0,0.0,1.0,0.0,0.0,0.0,0.0,0.0,0.55,0.0,,"eham_132_pollutant_root,eham_132_repost_00,eham_132_repost_01",insufficient,insufficient
eham_133,L5,L5_halluweb_generated_lore,heuristic-sim,bm25_top8,naive_bm25,simple_answer_v1,heuristic,1.0,0.0,0.0,1.0,0.0,1.0,0.0,1.0,0.0,0.0,0.72,0.0,"eham_133_pollutant_root,eham_133_repost_00,eham_133_repost_02",,insufficient,supported
eham_133,L5,L5_halluweb_generated_lore,heuristic-sim,bm25_top8,careful_bm25,claim_first_citation_v1,heuristic,1.0,1.0,1.0,0.0,1.0,0.0,0.0,0.0,0.0,0.0,0.55,0.0,,"eham_133_pollutant_root,eham_133_repost_00,eham_133_repost_02,eham_133_repost_03,eham_133_repost_01",insufficient,insufficient
eham_133,L5,L5_halluweb_generated_lore,heuristic-sim,primary_preserve_top8,primary_preserve,claim_first_citation_v1,heuristic,1.0,1.0,1.0,0.0,1.0,0.0,0.0,0.0,0.0,0.0,0.55,0.0,,"eham_133_pollutant_root,eham_133_repost_00,eham_133_repost_02,eham_133_repost_03,eham_133_repost_01",insufficient,insufficient
eham_133,L5,L5_halluweb_generated_lore,heuristic-sim,hygienic_combo_top8,hygienic_combo,claim_first_citation_v1,heuristic,1.0,1.0,1.0,0.0,1.0,0.0,0.0,0.0,0.0,0.0,0.55,0.0,,"eham_133_pollutant_root,eham_133_repost_00,eham_133_repost_02",insufficient,insufficient
eham_134,L5,L5_halluweb_generated_lore,heuristic-sim,bm25_top8,naive_bm25,simple_answer_v1,heuristic,1.0,0.0,0.0,1.0,0.0,1.0,0.0,1.0,0.0,0.0,0.72,0.0,"eham_134_pollutant_root,eham_134_repost_01,eham_134_repost_02",,insufficient,supported
eham_134,L5,L5_halluweb_generated_lore,heuristic-sim,bm25_top8,careful_bm25,claim_first_citation_v1,heuristic,1.0,1.0,1.0,0.0,1.0,0.0,0.0,0.0,0.0,0.0,0.55,0.0,,"eham_134_pollutant_root,eham_134_repost_01,eham_134_repost_02,eham_134_repost_03,eham_134_repost_00",insufficient,insufficient
eham_134,L5,L5_halluweb_generated_lore,heuristic-sim,primary_preserve_top8,primary_preserve,claim_first_citation_v1,heuristic,1.0,1.0,1.0,0.0,1.0,0.0,0.0,0.0,0.0,0.0,0.55,0.0,,"eham_134_pollutant_root,eham_134_repost_01,eham_134_repost_02,eham_134_repost_03,eham_134_repost_00",insufficient,insufficient
eham_134,L5,L5_halluweb_generated_lore,heuristic-sim,hygienic_combo_top8,hygienic_combo,claim_first_citation_v1,heuristic,1.0,1.0,1.0,0.0,1.0,0.0,0.0,0.0,0.0,0.0,0.55,0.0,,"eham_134_pollutant_root,eham_134_repost_01,eham_134_repost_02",insufficient,insufficient
eham_135,L5,L5_halluweb_generated_lore,heuristic-sim,bm25_top8,naive_bm25,simple_answer_v1,heuristic,1.0,0.0,0.0,1.0,0.0,1.0,0.0,1.0,0.0,0.0,0.72,0.0,"eham_135_pollutant_root,eham_135_repost_00,eham_135_repost_01",,insufficient,supported
eham_135,L5,L5_halluweb_generated_lore,heuristic-sim,bm25_top8,careful_bm25,claim_first_citation_v1,heuristic,1.0,1.0,1.0,0.0,1.0,0.0,0.0,0.0,0.0,0.0,0.55,0.0,,"eham_135_pollutant_root,eham_135_repost_00,eham_135_repost_01,eham_135_repost_02,eham_135_repost_03",insufficient,insufficient
eham_135,L5,L5_halluweb_generated_lore,heuristic-sim,primary_preserve_top8,primary_preserve,claim_first_citation_v1,heuristic,1.0,1.0,1.0,0.0,1.0,0.0,0.0,0.0,0.0,0.0,0.55,0.0,,"eham_135_pollutant_root,eham_135_repost_00,eham_135_repost_01,eham_135_repost_02,eham_135_repost_03",insufficient,insufficient
eham_135,L5,L5_halluweb_generated_lore,heuristic-sim,hygienic_combo_top8,hygienic_combo,claim_first_citation_v1,heuristic,1.0,1.0,1.0,0.0,1.0,0.0,0.0,0.0,0.0,0.0,0.55,0.0,,"eham_135_pollutant_root,eham_135_repost_00,eham_135_repost_01",insufficient,insufficient
eham_136,L5,L5_halluweb_generated_lore,heuristic-sim,bm25_top8,naive_bm25,simple_answer_v1,heuristic,1.0,0.0,0.0,1.0,0.0,1.0,0.0,1.0,0.0,0.0,0.72,0.0,"eham_136_pollutant_root,eham_136_repost_00,eham_136_repost_01",,insufficient,supported
eham_136,L5,L5_halluweb_generated_lore,heuristic-sim,bm25_top8,careful_bm25,claim_first_citation_v1,heuristic,1.0,1.0,1.0,0.0,1.0,0.0,0.0,0.0,0.0,0.0,0.55,0.0,,"eham_136_pollutant_root,eham_136_repost_00,eham_136_repost_01,eham_136_repost_02,eham_136_repost_04",insufficient,insufficient
eham_136,L5,L5_halluweb_generated_lore,heuristic-sim,primary_preserve_top8,primary_preserve,claim_first_citation_v1,heuristic,1.0,1.0,1.0,0.0,1.0,0.0,0.0,0.0,0.0,0.0,0.55,0.0,,"eham_136_pollutant_root,eham_136_repost_00,eham_136_repost_01,eham_136_repost_02,eham_136_repost_04",insufficient,insufficient
eham_136,L5,L5_halluweb_generated_lore,heuristic-sim,hygienic_combo_top8,hygienic_combo,claim_first_citation_v1,heuristic,1.0,1.0,1.0,0.0,1.0,0.0,0.0,0.0,0.0,0.0,0.55,0.0,,"eham_136_pollutant_root,eham_136_repost_00,eham_136_repost_01",insufficient,insufficient
eham_137,L5,L5_halluweb_generated_lore,heuristic-sim,bm25_top8,naive_bm25,simple_answer_v1,heuristic,1.0,0.0,0.0,1.0,0.0,1.0,0.0,1.0,0.0,0.0,0.72,0.0,"eham_137_pollutant_root,eham_137_repost_00,eham_137_repost_01",,insufficient,supported
eham_137,L5,L5_halluweb_generated_lore,heuristic-sim,bm25_top8,careful_bm25,claim_first_citation_v1,heuristic,1.0,1.0,1.0,0.0,1.0,0.0,0.0,0.0,0.0,0.0,0.55,0.0,,"eham_137_pollutant_root,eham_137_repost_00,eham_137_repost_01,eham_137_repost_03,eham_137_repost_04",insufficient,insufficient
eham_137,L5,L5_halluweb_generated_lore,heuristic-sim,primary_preserve_top8,primary_preserve,claim_first_citation_v1,heuristic,1.0,1.0,1.0,0.0,1.0,0.0,0.0,0.0,0.0,0.0,0.55,0.0,,"eham_137_pollutant_root,eham_137_repost_00,eham_137_repost_01,eham_137_repost_03,eham_137_repost_04",insufficient,insufficient
eham_137,L5,L5_halluweb_generated_lore,heuristic-sim,hygienic_combo_top8,hygienic_combo,claim_first_citation_v1,heuristic,1.0,1.0,1.0,0.0,1.0,0.0,0.0,0.0,0.0,0.0,0.55,0.0,,"eham_137_pollutant_root,eham_137_repost_00,eham_137_repost_01",insufficient,insufficient
eham_138,L5,L5_halluweb_generated_lore,heuristic-sim,bm25_top8,naive_bm25,simple_answer_v1,heuristic,1.0,0.0,0.0,1.0,0.0,1.0,0.0,1.0,0.0,0.0,0.72,0.0,"eham_138_pollutant_root,eham_138_repost_00,eham_138_repost_02",,insufficient,supported
eham_138,L5,L5_halluweb_generated_lore,heuristic-sim,bm25_top8,careful_bm25,claim_first_citation_v1,heuristic,1.0,1.0,1.0,0.0,1.0,0.0,0.0,0.0,0.0,0.0,0.55,0.0,,"eham_138_pollutant_root,eham_138_repost_00,eham_138_repost_02,eham_138_repost_03,eham_138_repost_04",insufficient,insufficient
eham_138,L5,L5_halluweb_generated_lore,heuristic-sim,primary_preserve_top8,primary_preserve,claim_first_citation_v1,heuristic,1.0,1.0,1.0,0.0,1.0,0.0,0.0,0.0,0.0,0.0,0.55,0.0,,"eham_138_pollutant_root,eham_138_repost_00,eham_138_repost_02,eham_138_repost_03,eham_138_repost_04",insufficient,insufficient
eham_138,L5,L5_halluweb_generated_lore,heuristic-sim,hygienic_combo_top8,hygienic_combo,claim_first_citation_v1,heuristic,1.0,1.0,1.0,0.0,1.0,0.0,0.0,0.0,0.0,0.0,0.55,0.0,,"eham_138_pollutant_root,eham_138_repost_00,eham_138_repost_02",insufficient,insufficient
eham_139,L5,L5_halluweb_generated_lore,heuristic-sim,bm25_top8,naive_bm25,simple_answer_v1,heuristic,1.0,0.0,0.0,1.0,0.0,1.0,0.0,1.0,0.0,0.0,0.72,0.0,"eham_139_pollutant_root,eham_139_repost_01,eham_139_repost_02",,insufficient,supported
eham_139,L5,L5_halluweb_generated_lore,heuristic-sim,bm25_top8,careful_bm25,claim_first_citation_v1,heuristic,1.0,1.0,1.0,0.0,1.0,0.0,0.0,0.0,0.0,0.0,0.55,0.0,,"eham_139_pollutant_root,eham_139_repost_01,eham_139_repost_02,eham_139_repost_03,eham_139_repost_04",insufficient,insufficient
eham_139,L5,L5_halluweb_generated_lore,heuristic-sim,primary_preserve_top8,primary_preserve,claim_first_citation_v1,heuristic,1.0,1.0,1.0,0.0,1.0,0.0,0.0,0.0,0.0,0.0,0.55,0.0,,"eham_139_pollutant_root,eham_139_repost_01,eham_139_repost_02,eham_139_repost_03,eham_139_repost_04",insufficient,insufficient
eham_139,L5,L5_halluweb_generated_lore,heuristic-sim,hygienic_combo_top8,hygienic_combo,claim_first_citation_v1,heuristic,1.0,1.0,1.0,0.0,1.0,0.0,0.0,0.0,0.0,0.0,0.55,0.0,,"eham_139_pollutant_root,eham_139_repost_01,eham_139_repost_02",insufficient,insufficient
eham_140,L5,L5_halluweb_generated_lore,heuristic-sim,bm25_top8,naive_bm25,simple_answer_v1,heuristic,1.0,0.0,0.0,1.0,0.0,1.0,0.0,1.0,0.0,0.0,0.72,0.0,"eham_140_pollutant_root,eham_140_repost_00,eham_140_repost_01",,insufficient,supported
eham_140,L5,L5_halluweb_generated_lore,heuristic-sim,bm25_top8,careful_bm25,claim_first_citation_v1,heuristic,1.0,1.0,1.0,0.0,1.0,0.0,0.0,0.0,0.0,0.0,0.55,0.0,,"eham_140_pollutant_root,eham_140_repost_00,eham_140_repost_01,eham_140_repost_02",insufficient,insufficient
eham_140,L5,L5_halluweb_generated_lore,heuristic-sim,primary_preserve_top8,primary_preserve,claim_first_citation_v1,heuristic,1.0,1.0,1.0,0.0,1.0,0.0,0.0,0.0,0.0,0.0,0.55,0.0,,"eham_140_pollutant_root,eham_140_repost_00,eham_140_repost_01,eham_140_repost_02",insufficient,insufficient
eham_140,L5,L5_halluweb_generated_lore,heuristic-sim,hygienic_combo_top8,hygienic_combo,claim_first_citation_v1,heuristic,1.0,1.0,1.0,0.0,1.0,0.0,0.0,0.0,0.0,0.0,0.55,0.0,,"eham_140_pollutant_root,eham_140_repost_00,eham_140_repost_01",insufficient,insufficient
eham_141,L5,L5_halluweb_generated_lore,heuristic-sim,bm25_top8,naive_bm25,simple_answer_v1,heuristic,1.0,0.0,0.0,1.0,0.0,1.0,0.0,1.0,0.0,0.0,0.72,0.0,"eham_141_pollutant_root,eham_141_repost_00,eham_141_repost_01",,insufficient,supported
eham_141,L5,L5_halluweb_generated_lore,heuristic-sim,bm25_top8,careful_bm25,claim_first_citation_v1,heuristic,1.0,1.0,1.0,0.0,1.0,0.0,0.0,0.0,0.0,0.0,0.55,0.0,,"eham_141_pollutant_root,eham_141_repost_00,eham_141_repost_01,eham_141_repost_02,eham_141_repost_04",insufficient,insufficient
eham_141,L5,L5_halluweb_generated_lore,heuristic-sim,primary_preserve_top8,primary_preserve,claim_first_citation_v1,heuristic,1.0,1.0,1.0,0.0,1.0,0.0,0.0,0.0,0.0,0.0,0.55,0.0,,"eham_141_pollutant_root,eham_141_repost_00,eham_141_repost_01,eham_141_repost_02,eham_141_repost_04",insufficient,insufficient
eham_141,L5,L5_halluweb_generated_lore,heuristic-sim,hygienic_combo_top8,hygienic_combo,claim_first_citation_v1,heuristic,1.0,1.0,1.0,0.0,1.0,0.0,0.0,0.0,0.0,0.0,0.55,0.0,,"eham_141_pollutant_root,eham_141_repost_00,eham_141_repost_01",insufficient,insufficient
eham_142,L5,L5_halluweb_generated_lore,heuristic-sim,bm25_top8,naive_bm25,simple_answer_v1,heuristic,1.0,0.0,0.0,1.0,0.0,1.0,0.0,1.0,0.0,0.0,0.72,0.0,"eham_142_pollutant_root,eham_142_repost_00,eham_142_repost_01",,insufficient,supported
eham_142,L5,L5_halluweb_generated_lore,heuristic-sim,bm25_top8,careful_bm25,claim_first_citation_v1,heuristic,1.0,1.0,1.0,0.0,1.0,0.0,0.0,0.0,0.0,0.0,0.55,0.0,,"eham_142_pollutant_root,eham_142_repost_00,eham_142_repost_01,eham_142_repost_02",insufficient,insufficient
eham_142,L5,L5_halluweb_generated_lore,heuristic-sim,primary_preserve_top8,primary_preserve,claim_first_citation_v1,heuristic,1.0,1.0,1.0,0.0,1.0,0.0,0.0,0.0,0.0,0.0,0.55,0.0,,"eham_142_pollutant_root,eham_142_repost_00,eham_142_repost_01,eham_142_repost_02",insufficient,insufficient
eham_142,L5,L5_halluweb_generated_lore,heuristic-sim,hygienic_combo_top8,hygienic_combo,claim_first_citation_v1,heuristic,1.0,1.0,1.0,0.0,1.0,0.0,0.0,0.0,0.0,0.0,0.55,0.0,,"eham_142_pollutant_root,eham_142_repost_00,eham_142_repost_01",insufficient,insufficient
eham_143,L5,L5_halluweb_generated_lore,heuristic-sim,bm25_top8,naive_bm25,simple_answer_v1,heuristic,1.0,0.0,0.0,1.0,0.0,1.0,0.0,1.0,0.0,0.0,0.72,0.0,"eham_143_pollutant_root,eham_143_repost_00,eham_143_repost_02",,insufficient,supported
eham_143,L5,L5_halluweb_generated_lore,heuristic-sim,bm25_top8,careful_bm25,claim_first_citation_v1,heuristic,1.0,1.0,1.0,0.0,1.0,0.0,0.0,0.0,0.0,0.0,0.55,0.0,,"eham_143_pollutant_root,eham_143_repost_00,eham_143_repost_02,eham_143_repost_03,eham_143_repost_04",insufficient,insufficient
eham_143,L5,L5_halluweb_generated_lore,heuristic-sim,primary_preserve_top8,primary_preserve,claim_first_citation_v1,heuristic,1.0,1.0,1.0,0.0,1.0,0.0,0.0,0.0,0.0,0.0,0.55,0.0,,"eham_143_pollutant_root,eham_143_repost_00,eham_143_repost_02,eham_143_repost_03,eham_143_repost_04",insufficient,insufficient
eham_143,L5,L5_halluweb_generated_lore,heuristic-sim,hygienic_combo_top8,hygienic_combo,claim_first_citation_v1,heuristic,1.0,1.0,1.0,0.0,1.0,0.0,0.0,0.0,0.0,0.0,0.55,0.0,,"eham_143_pollutant_root,eham_143_repost_00,eham_143_repost_02",insufficient,insufficient
