task_id,episode_type,duplicate_count,primary_visibility_under_bm25_top8,retriever,k,retrieved_doc_ids,primary_recall_at_k,gold_evidence_recall_at_k,contradiction_candidate_recall_at_k,contaminant_fraction_at_k,unique_upstream_roots_at_k,source_type_entropy_at_k,primary_rank,pollutant_saturation_at_k,stress_score
eha2r_000,clean_control,1,True,bm25_top8,8,"eha2r_000_pollutant_root,eha2r_000_primary_a,eha2r_000_primary_b,eha2r_000_repost_00,eha2r_000_repost_01,eha2r_000_repost_02,eha2r_000_repost_03,eha2r_000_repost_04",1.0,1.0,1.0,0.75,3,3.0,2,0.75,1
eha2r_000,clean_control,1,True,bm25_top12,12,"eha2r_000_pollutant_root,eha2r_000_primary_a,eha2r_000_primary_b,eha2r_000_repost_00,eha2r_000_repost_01,eha2r_000_repost_02,eha2r_000_repost_03,eha2r_000_repost_04,eha2r_000_context_08,eha2r_000_context_09,eha2r_000_context_10,eha2r_000_context_11",1.0,1.0,1.0,0.5,7,3.584962500721156,2,0.5,1
eha2r_000,clean_control,1,True,primary_preserve_top8,8,"eha2r_000_primary_a,eha2r_000_primary_b,eha2r_000_pollutant_root,eha2r_000_repost_00,eha2r_000_repost_01,eha2r_000_repost_02,eha2r_000_repost_03,eha2r_000_repost_04",1.0,1.0,1.0,0.75,3,3.0,2,0.75,1
eha2r_000,clean_control,1,True,heuristic_root_dedup_top8,8,"eha2r_000_pollutant_root,eha2r_000_primary_a,eha2r_000_repost_00,eha2r_000_context_08,eha2r_000_primary_b,eha2r_000_repost_01,eha2r_000_repost_02,eha2r_000_repost_03",1.0,1.0,1.0,0.625,4,3.0,2,0.625,1
eha2r_000,clean_control,1,True,hygienic_combo_top8,8,"eha2r_000_primary_a,eha2r_000_primary_b,eha2r_000_pollutant_root,eha2r_000_repost_03,eha2r_000_repost_02,eha2r_000_context_13,eha2r_000_context_12,eha2r_000_context_11",1.0,1.0,1.0,0.375,6,3.0,2,0.375,1
eha2r_000,clean_control,1,True,oracle_root_dedup_top8,8,"eha2r_000_pollutant_root,eha2r_000_primary_a,eha2r_000_primary_b,eha2r_000_context_08,eha2r_000_context_09,eha2r_000_context_10,eha2r_000_context_11,eha2r_000_context_12",1.0,1.0,1.0,0.125,8,2.75,2,0.125,1
eha2r_001,clean_control,1,True,bm25_top8,8,"eha2r_001_pollutant_root,eha2r_001_primary_a,eha2r_001_primary_b,eha2r_001_repost_00,eha2r_001_repost_01,eha2r_001_repost_02,eha2r_001_repost_04,eha2r_001_repost_03",1.0,1.0,1.0,0.75,3,3.0,2,0.75,1
eha2r_001,clean_control,1,True,bm25_top12,12,"eha2r_001_pollutant_root,eha2r_001_primary_a,eha2r_001_primary_b,eha2r_001_repost_00,eha2r_001_repost_01,eha2r_001_repost_02,eha2r_001_repost_04,eha2r_001_repost_03,eha2r_001_context_08,eha2r_001_context_09,eha2r_001_context_10,eha2r_001_context_11",1.0,1.0,1.0,0.5,7,3.4182958340544896,2,0.5,1
eha2r_001,clean_control,1,True,primary_preserve_top8,8,"eha2r_001_primary_a,eha2r_001_primary_b,eha2r_001_pollutant_root,eha2r_001_repost_00,eha2r_001_repost_01,eha2r_001_repost_02,eha2r_001_repost_04,eha2r_001_repost_03",1.0,1.0,1.0,0.75,3,3.0,2,0.75,1
eha2r_001,clean_control,1,True,heuristic_root_dedup_top8,8,"eha2r_001_pollutant_root,eha2r_001_primary_a,eha2r_001_repost_00,eha2r_001_context_08,eha2r_001_primary_b,eha2r_001_repost_01,eha2r_001_repost_02,eha2r_001_repost_04",1.0,1.0,1.0,0.625,4,3.0,2,0.625,1
eha2r_001,clean_control,1,True,hygienic_combo_top8,8,"eha2r_001_primary_a,eha2r_001_primary_b,eha2r_001_pollutant_root,eha2r_001_repost_04,eha2r_001_repost_02,eha2r_001_context_13,eha2r_001_context_12,eha2r_001_context_11",1.0,1.0,1.0,0.375,6,3.0,2,0.375,1
eha2r_001,clean_control,1,True,oracle_root_dedup_top8,8,"eha2r_001_pollutant_root,eha2r_001_primary_a,eha2r_001_primary_b,eha2r_001_context_08,eha2r_001_context_09,eha2r_001_context_10,eha2r_001_context_11,eha2r_001_context_12",1.0,1.0,1.0,0.125,8,2.75,2,0.125,1
eha2r_002,clean_control,1,True,bm25_top8,8,"eha2r_002_pollutant_root,eha2r_002_primary_a,eha2r_002_primary_b,eha2r_002_repost_00,eha2r_002_repost_01,eha2r_002_repost_03,eha2r_002_repost_02,eha2r_002_context_07",1.0,1.0,1.0,0.625,4,3.0,2,0.625,0
eha2r_002,clean_control,1,True,bm25_top12,12,"eha2r_002_pollutant_root,eha2r_002_primary_a,eha2r_002_primary_b,eha2r_002_repost_00,eha2r_002_repost_01,eha2r_002_repost_03,eha2r_002_repost_02,eha2r_002_context_07,eha2r_002_context_08,eha2r_002_context_09,eha2r_002_context_10,eha2r_002_context_11",1.0,1.0,1.0,0.4166666666666667,8,2.9182958340544896,2,0.4166666666666667,0
eha2r_002,clean_control,1,True,primary_preserve_top8,8,"eha2r_002_primary_a,eha2r_002_primary_b,eha2r_002_pollutant_root,eha2r_002_repost_00,eha2r_002_repost_01,eha2r_002_repost_03,eha2r_002_repost_02,eha2r_002_context_07",1.0,1.0,1.0,0.625,4,3.0,2,0.625,0
eha2r_002,clean_control,1,True,heuristic_root_dedup_top8,8,"eha2r_002_pollutant_root,eha2r_002_primary_a,eha2r_002_repost_00,eha2r_002_context_07,eha2r_002_primary_b,eha2r_002_repost_01,eha2r_002_repost_03,eha2r_002_repost_02",1.0,1.0,1.0,0.625,4,3.0,2,0.625,0
eha2r_002,clean_control,1,True,hygienic_combo_top8,8,"eha2r_002_primary_a,eha2r_002_primary_b,eha2r_002_pollutant_root,eha2r_002_repost_03,eha2r_002_repost_01,eha2r_002_context_13,eha2r_002_context_12,eha2r_002_context_11",1.0,1.0,1.0,0.375,6,2.75,2,0.375,0
eha2r_002,clean_control,1,True,oracle_root_dedup_top8,8,"eha2r_002_pollutant_root,eha2r_002_primary_a,eha2r_002_primary_b,eha2r_002_context_07,eha2r_002_context_08,eha2r_002_context_09,eha2r_002_context_10,eha2r_002_context_11",1.0,1.0,1.0,0.125,8,2.0,2,0.125,0
eha2r_003,clean_control,1,True,bm25_top8,8,"eha2r_003_pollutant_root,eha2r_003_primary_a,eha2r_003_primary_b,eha2r_003_repost_00,eha2r_003_repost_02,eha2r_003_repost_01,eha2r_003_context_06,eha2r_003_context_07",1.0,1.0,1.0,0.5,5,2.75,2,0.5,0
eha2r_003,clean_control,1,True,bm25_top12,12,"eha2r_003_pollutant_root,eha2r_003_primary_a,eha2r_003_primary_b,eha2r_003_repost_00,eha2r_003_repost_02,eha2r_003_repost_01,eha2r_003_context_06,eha2r_003_context_07,eha2r_003_context_08,eha2r_003_context_09,eha2r_003_context_10,eha2r_003_context_11",1.0,1.0,1.0,0.3333333333333333,9,3.084962500721156,2,0.3333333333333333,0
eha2r_003,clean_control,1,True,primary_preserve_top8,8,"eha2r_003_primary_a,eha2r_003_primary_b,eha2r_003_pollutant_root,eha2r_003_repost_00,eha2r_003_repost_02,eha2r_003_repost_01,eha2r_003_context_06,eha2r_003_context_07",1.0,1.0,1.0,0.5,5,2.75,2,0.5,0
eha2r_003,clean_control,1,True,heuristic_root_dedup_top8,8,"eha2r_003_pollutant_root,eha2r_003_primary_a,eha2r_003_repost_00,eha2r_003_context_06,eha2r_003_primary_b,eha2r_003_repost_02,eha2r_003_repost_01,eha2r_003_context_07",1.0,1.0,1.0,0.5,5,2.75,2,0.5,0
eha2r_003,clean_control,1,True,hygienic_combo_top8,8,"eha2r_003_primary_a,eha2r_003_primary_b,eha2r_003_pollutant_root,eha2r_003_repost_02,eha2r_003_repost_00,eha2r_003_context_13,eha2r_003_context_12,eha2r_003_context_11",1.0,1.0,1.0,0.375,6,2.75,2,0.375,0
eha2r_003,clean_control,1,True,oracle_root_dedup_top8,8,"eha2r_003_pollutant_root,eha2r_003_primary_a,eha2r_003_primary_b,eha2r_003_context_06,eha2r_003_context_07,eha2r_003_context_08,eha2r_003_context_09,eha2r_003_context_10",1.0,1.0,1.0,0.125,8,2.5,2,0.125,0
eha2r_004,clean_control,1,True,bm25_top8,8,"eha2r_004_pollutant_root,eha2r_004_primary_a,eha2r_004_primary_b,eha2r_004_repost_01,eha2r_004_repost_02,eha2r_004_repost_03,eha2r_004_repost_00,eha2r_004_context_07",1.0,1.0,1.0,0.625,4,3.0,2,0.625,0
eha2r_004,clean_control,1,True,bm25_top12,12,"eha2r_004_pollutant_root,eha2r_004_primary_a,eha2r_004_primary_b,eha2r_004_repost_01,eha2r_004_repost_02,eha2r_004_repost_03,eha2r_004_repost_00,eha2r_004_context_07,eha2r_004_context_08,eha2r_004_context_09,eha2r_004_context_10,eha2r_004_context_11",1.0,1.0,1.0,0.4166666666666667,8,3.2516291673878226,2,0.4166666666666667,0
eha2r_004,clean_control,1,True,primary_preserve_top8,8,"eha2r_004_primary_a,eha2r_004_primary_b,eha2r_004_pollutant_root,eha2r_004_repost_01,eha2r_004_repost_02,eha2r_004_repost_03,eha2r_004_repost_00,eha2r_004_context_07",1.0,1.0,1.0,0.625,4,3.0,2,0.625,0
eha2r_004,clean_control,1,True,heuristic_root_dedup_top8,8,"eha2r_004_pollutant_root,eha2r_004_primary_a,eha2r_004_repost_01,eha2r_004_context_07,eha2r_004_primary_b,eha2r_004_repost_02,eha2r_004_repost_03,eha2r_004_repost_00",1.0,1.0,1.0,0.625,4,3.0,2,0.625,0
eha2r_004,clean_control,1,True,hygienic_combo_top8,8,"eha2r_004_primary_a,eha2r_004_primary_b,eha2r_004_pollutant_root,eha2r_004_repost_03,eha2r_004_repost_02,eha2r_004_context_13,eha2r_004_context_12,eha2r_004_context_11",1.0,1.0,1.0,0.375,6,2.75,2,0.375,0
eha2r_004,clean_control,1,True,oracle_root_dedup_top8,8,"eha2r_004_pollutant_root,eha2r_004_primary_a,eha2r_004_primary_b,eha2r_004_context_07,eha2r_004_context_08,eha2r_004_context_09,eha2r_004_context_10,eha2r_004_context_11",1.0,1.0,1.0,0.125,8,2.5,2,0.125,0
eha2r_005,clean_control,1,True,bm25_top8,8,"eha2r_005_pollutant_root,eha2r_005_primary_a,eha2r_005_primary_b,eha2r_005_repost_00,eha2r_005_repost_01,eha2r_005_repost_02,eha2r_005_context_06,eha2r_005_context_07",1.0,1.0,1.0,0.5,5,2.75,2,0.5,0
eha2r_005,clean_control,1,True,bm25_top12,12,"eha2r_005_pollutant_root,eha2r_005_primary_a,eha2r_005_primary_b,eha2r_005_repost_00,eha2r_005_repost_01,eha2r_005_repost_02,eha2r_005_context_06,eha2r_005_context_07,eha2r_005_context_08,eha2r_005_context_09,eha2r_005_context_10,eha2r_005_context_11",1.0,1.0,1.0,0.3333333333333333,9,3.2516291673878226,2,0.3333333333333333,0
eha2r_005,clean_control,1,True,primary_preserve_top8,8,"eha2r_005_primary_a,eha2r_005_primary_b,eha2r_005_pollutant_root,eha2r_005_repost_00,eha2r_005_repost_01,eha2r_005_repost_02,eha2r_005_context_06,eha2r_005_context_07",1.0,1.0,1.0,0.5,5,2.75,2,0.5,0
eha2r_005,clean_control,1,True,heuristic_root_dedup_top8,8,"eha2r_005_pollutant_root,eha2r_005_primary_a,eha2r_005_repost_00,eha2r_005_context_06,eha2r_005_primary_b,eha2r_005_repost_01,eha2r_005_repost_02,eha2r_005_context_07",1.0,1.0,1.0,0.5,5,2.75,2,0.5,0
eha2r_005,clean_control,1,True,hygienic_combo_top8,8,"eha2r_005_primary_a,eha2r_005_primary_b,eha2r_005_pollutant_root,eha2r_005_repost_02,eha2r_005_repost_01,eha2r_005_context_13,eha2r_005_context_12,eha2r_005_context_11",1.0,1.0,1.0,0.375,6,2.75,2,0.375,0
eha2r_005,clean_control,1,True,oracle_root_dedup_top8,8,"eha2r_005_pollutant_root,eha2r_005_primary_a,eha2r_005_primary_b,eha2r_005_context_06,eha2r_005_context_07,eha2r_005_context_08,eha2r_005_context_09,eha2r_005_context_10",1.0,1.0,1.0,0.125,8,2.75,2,0.125,0
eha2r_006,clean_control,1,True,bm25_top8,8,"eha2r_006_pollutant_root,eha2r_006_primary_a,eha2r_006_primary_b,eha2r_006_repost_00,eha2r_006_repost_01,eha2r_006_repost_02,eha2r_006_repost_03,eha2r_006_context_07",1.0,1.0,1.0,0.625,4,3.0,2,0.625,0
eha2r_006,clean_control,1,True,bm25_top12,12,"eha2r_006_pollutant_root,eha2r_006_primary_a,eha2r_006_primary_b,eha2r_006_repost_00,eha2r_006_repost_01,eha2r_006_repost_02,eha2r_006_repost_03,eha2r_006_context_07,eha2r_006_context_08,eha2r_006_context_09,eha2r_006_context_10,eha2r_006_context_11",1.0,1.0,1.0,0.4166666666666667,8,3.0220552088742005,2,0.4166666666666667,0
eha2r_006,clean_control,1,True,primary_preserve_top8,8,"eha2r_006_primary_a,eha2r_006_primary_b,eha2r_006_pollutant_root,eha2r_006_repost_00,eha2r_006_repost_01,eha2r_006_repost_02,eha2r_006_repost_03,eha2r_006_context_07",1.0,1.0,1.0,0.625,4,3.0,2,0.625,0
eha2r_006,clean_control,1,True,heuristic_root_dedup_top8,8,"eha2r_006_pollutant_root,eha2r_006_primary_a,eha2r_006_repost_00,eha2r_006_context_07,eha2r_006_primary_b,eha2r_006_repost_01,eha2r_006_repost_02,eha2r_006_repost_03",1.0,1.0,1.0,0.625,4,3.0,2,0.625,0
eha2r_006,clean_control,1,True,hygienic_combo_top8,8,"eha2r_006_primary_a,eha2r_006_primary_b,eha2r_006_pollutant_root,eha2r_006_repost_02,eha2r_006_repost_01,eha2r_006_context_13,eha2r_006_context_12,eha2r_006_context_11",1.0,1.0,1.0,0.375,6,2.75,2,0.375,0
eha2r_006,clean_control,1,True,oracle_root_dedup_top8,8,"eha2r_006_pollutant_root,eha2r_006_primary_a,eha2r_006_primary_b,eha2r_006_context_07,eha2r_006_context_08,eha2r_006_context_09,eha2r_006_context_10,eha2r_006_context_11",1.0,1.0,1.0,0.125,8,2.1556390622295662,2,0.125,0
eha2r_007,clean_control,1,True,bm25_top8,8,"eha2r_007_pollutant_root,eha2r_007_primary_a,eha2r_007_primary_b,eha2r_007_repost_00,eha2r_007_repost_01,eha2r_007_repost_02,eha2r_007_context_06,eha2r_007_context_07",1.0,1.0,1.0,0.5,5,3.0,2,0.5,0
eha2r_007,clean_control,1,True,bm25_top12,12,"eha2r_007_pollutant_root,eha2r_007_primary_a,eha2r_007_primary_b,eha2r_007_repost_00,eha2r_007_repost_01,eha2r_007_repost_02,eha2r_007_context_06,eha2r_007_context_07,eha2r_007_context_08,eha2r_007_context_09,eha2r_007_context_10,eha2r_007_context_11",1.0,1.0,1.0,0.3333333333333333,9,2.9182958340544896,2,0.3333333333333333,0
eha2r_007,clean_control,1,True,primary_preserve_top8,8,"eha2r_007_primary_a,eha2r_007_primary_b,eha2r_007_pollutant_root,eha2r_007_repost_00,eha2r_007_repost_01,eha2r_007_repost_02,eha2r_007_context_06,eha2r_007_context_07",1.0,1.0,1.0,0.5,5,3.0,2,0.5,0
eha2r_007,clean_control,1,True,heuristic_root_dedup_top8,8,"eha2r_007_pollutant_root,eha2r_007_primary_a,eha2r_007_repost_00,eha2r_007_context_06,eha2r_007_primary_b,eha2r_007_repost_01,eha2r_007_repost_02,eha2r_007_context_07",1.0,1.0,1.0,0.5,5,3.0,2,0.5,0
eha2r_007,clean_control,1,True,hygienic_combo_top8,8,"eha2r_007_primary_a,eha2r_007_primary_b,eha2r_007_pollutant_root,eha2r_007_repost_01,eha2r_007_repost_00,eha2r_007_context_13,eha2r_007_context_12,eha2r_007_context_11",1.0,1.0,1.0,0.375,6,3.0,2,0.375,0
eha2r_007,clean_control,1,True,oracle_root_dedup_top8,8,"eha2r_007_pollutant_root,eha2r_007_primary_a,eha2r_007_primary_b,eha2r_007_context_06,eha2r_007_context_07,eha2r_007_context_08,eha2r_007_context_09,eha2r_007_context_10",1.0,1.0,1.0,0.125,8,2.0,2,0.125,0
eha2r_008,false_consensus_stress,5,True,bm25_top8,8,"eha2r_008_pollutant_root,eha2r_008_primary_a,eha2r_008_primary_b,eha2r_008_repost_00,eha2r_008_repost_02,eha2r_008_repost_03,eha2r_008_repost_04,eha2r_008_repost_05",1.0,1.0,1.0,0.75,3,2.4056390622295662,2,0.75,1
eha2r_008,false_consensus_stress,5,True,bm25_top12,12,"eha2r_008_pollutant_root,eha2r_008_primary_a,eha2r_008_primary_b,eha2r_008_repost_00,eha2r_008_repost_02,eha2r_008_repost_03,eha2r_008_repost_04,eha2r_008_repost_05,eha2r_008_repost_01,eha2r_008_repost_06,eha2r_008_context_10,eha2r_008_context_11",1.0,1.0,1.0,0.6666666666666666,5,3.0220552088742005,2,0.6666666666666666,1
eha2r_008,false_consensus_stress,5,True,primary_preserve_top8,8,"eha2r_008_primary_a,eha2r_008_primary_b,eha2r_008_pollutant_root,eha2r_008_repost_00,eha2r_008_repost_02,eha2r_008_repost_03,eha2r_008_repost_04,eha2r_008_repost_05",1.0,1.0,1.0,0.75,3,2.4056390622295662,2,0.75,1
eha2r_008,false_consensus_stress,5,True,heuristic_root_dedup_top8,8,"eha2r_008_pollutant_root,eha2r_008_primary_a,eha2r_008_repost_00,eha2r_008_context_10,eha2r_008_primary_b,eha2r_008_repost_02,eha2r_008_repost_03,eha2r_008_repost_04",1.0,1.0,1.0,0.625,4,2.75,2,0.625,1
eha2r_008,false_consensus_stress,5,True,hygienic_combo_top8,8,"eha2r_008_primary_a,eha2r_008_primary_b,eha2r_008_pollutant_root,eha2r_008_repost_00,eha2r_008_repost_02,eha2r_008_context_10,eha2r_008_context_11,eha2r_008_context_12",1.0,1.0,1.0,0.375,6,2.75,2,0.375,1
eha2r_008,false_consensus_stress,5,True,oracle_root_dedup_top8,8,"eha2r_008_pollutant_root,eha2r_008_primary_a,eha2r_008_primary_b,eha2r_008_context_10,eha2r_008_context_11,eha2r_008_context_12,eha2r_008_context_13,eha2r_008_repost_00",1.0,1.0,1.0,0.25,7,2.5,2,0.25,1
eha2r_009,false_consensus_stress,5,True,bm25_top8,8,"eha2r_009_pollutant_root,eha2r_009_primary_a,eha2r_009_primary_b,eha2r_009_repost_01,eha2r_009_repost_02,eha2r_009_repost_03,eha2r_009_repost_04,eha2r_009_repost_06",1.0,1.0,1.0,0.75,3,2.75,2,0.75,1
eha2r_009,false_consensus_stress,5,True,bm25_top12,12,"eha2r_009_pollutant_root,eha2r_009_primary_a,eha2r_009_primary_b,eha2r_009_repost_01,eha2r_009_repost_02,eha2r_009_repost_03,eha2r_009_repost_04,eha2r_009_repost_06,eha2r_009_repost_00,eha2r_009_repost_05,eha2r_009_context_10,eha2r_009_context_11",1.0,1.0,1.0,0.6666666666666666,5,3.0220552088742005,2,0.6666666666666666,1
eha2r_009,false_consensus_stress,5,True,primary_preserve_top8,8,"eha2r_009_primary_a,eha2r_009_primary_b,eha2r_009_pollutant_root,eha2r_009_repost_01,eha2r_009_repost_02,eha2r_009_repost_03,eha2r_009_repost_04,eha2r_009_repost_06",1.0,1.0,1.0,0.75,3,2.75,2,0.75,1
eha2r_009,false_consensus_stress,5,True,heuristic_root_dedup_top8,8,"eha2r_009_pollutant_root,eha2r_009_primary_a,eha2r_009_repost_01,eha2r_009_context_10,eha2r_009_primary_b,eha2r_009_repost_02,eha2r_009_repost_03,eha2r_009_repost_04",1.0,1.0,1.0,0.625,4,3.0,2,0.625,1
eha2r_009,false_consensus_stress,5,True,hygienic_combo_top8,8,"eha2r_009_primary_a,eha2r_009_primary_b,eha2r_009_pollutant_root,eha2r_009_repost_01,eha2r_009_repost_02,eha2r_009_context_10,eha2r_009_context_11,eha2r_009_context_12",1.0,1.0,1.0,0.375,6,2.75,2,0.375,1
eha2r_009,false_consensus_stress,5,True,oracle_root_dedup_top8,8,"eha2r_009_pollutant_root,eha2r_009_primary_a,eha2r_009_primary_b,eha2r_009_context_10,eha2r_009_context_11,eha2r_009_context_12,eha2r_009_context_13,eha2r_009_repost_01",1.0,1.0,1.0,0.25,7,2.4056390622295662,2,0.25,1
eha2r_010,false_consensus_stress,5,True,bm25_top8,8,"eha2r_010_pollutant_root,eha2r_010_primary_a,eha2r_010_primary_b,eha2r_010_repost_00,eha2r_010_repost_01,eha2r_010_repost_02,eha2r_010_repost_03,eha2r_010_repost_05",1.0,1.0,1.0,0.75,3,2.4056390622295662,2,0.75,1
eha2r_010,false_consensus_stress,5,True,bm25_top12,12,"eha2r_010_pollutant_root,eha2r_010_primary_a,eha2r_010_primary_b,eha2r_010_repost_00,eha2r_010_repost_01,eha2r_010_repost_02,eha2r_010_repost_03,eha2r_010_repost_05,eha2r_010_repost_06,eha2r_010_repost_04,eha2r_010_context_10,eha2r_010_context_11",1.0,1.0,1.0,0.6666666666666666,5,3.0220552088742005,2,0.6666666666666666,1
eha2r_010,false_consensus_stress,5,True,primary_preserve_top8,8,"eha2r_010_primary_a,eha2r_010_primary_b,eha2r_010_pollutant_root,eha2r_010_repost_00,eha2r_010_repost_01,eha2r_010_repost_02,eha2r_010_repost_03,eha2r_010_repost_05",1.0,1.0,1.0,0.75,3,2.4056390622295662,2,0.75,1
eha2r_010,false_consensus_stress,5,True,heuristic_root_dedup_top8,8,"eha2r_010_pollutant_root,eha2r_010_primary_a,eha2r_010_repost_00,eha2r_010_context_10,eha2r_010_primary_b,eha2r_010_repost_01,eha2r_010_repost_02,eha2r_010_repost_03",1.0,1.0,1.0,0.625,4,2.75,2,0.625,1
eha2r_010,false_consensus_stress,5,True,hygienic_combo_top8,8,"eha2r_010_primary_a,eha2r_010_primary_b,eha2r_010_pollutant_root,eha2r_010_repost_00,eha2r_010_repost_01,eha2r_010_context_10,eha2r_010_context_11,eha2r_010_context_12",1.0,1.0,1.0,0.375,6,2.5,2,0.375,1
eha2r_010,false_consensus_stress,5,True,oracle_root_dedup_top8,8,"eha2r_010_pollutant_root,eha2r_010_primary_a,eha2r_010_primary_b,eha2r_010_context_10,eha2r_010_context_11,eha2r_010_context_12,eha2r_010_context_13,eha2r_010_repost_00",1.0,1.0,1.0,0.25,7,2.25,2,0.25,1
eha2r_011,false_consensus_stress,5,True,bm25_top8,8,"eha2r_011_pollutant_root,eha2r_011_primary_a,eha2r_011_primary_b,eha2r_011_repost_00,eha2r_011_repost_01,eha2r_011_repost_02,eha2r_011_repost_04,eha2r_011_repost_05",1.0,1.0,1.0,0.75,3,2.4056390622295662,2,0.75,1
eha2r_011,false_consensus_stress,5,True,bm25_top12,12,"eha2r_011_pollutant_root,eha2r_011_primary_a,eha2r_011_primary_b,eha2r_011_repost_00,eha2r_011_repost_01,eha2r_011_repost_02,eha2r_011_repost_04,eha2r_011_repost_05,eha2r_011_repost_06,eha2r_011_repost_03,eha2r_011_context_10,eha2r_011_context_11",1.0,1.0,1.0,0.6666666666666666,5,2.8553885422075336,2,0.6666666666666666,1
eha2r_011,false_consensus_stress,5,True,primary_preserve_top8,8,"eha2r_011_primary_a,eha2r_011_primary_b,eha2r_011_pollutant_root,eha2r_011_repost_00,eha2r_011_repost_01,eha2r_011_repost_02,eha2r_011_repost_04,eha2r_011_repost_05",1.0,1.0,1.0,0.75,3,2.4056390622295662,2,0.75,1
eha2r_011,false_consensus_stress,5,True,heuristic_root_dedup_top8,8,"eha2r_011_pollutant_root,eha2r_011_primary_a,eha2r_011_repost_00,eha2r_011_context_10,eha2r_011_primary_b,eha2r_011_repost_01,eha2r_011_repost_02,eha2r_011_repost_04",1.0,1.0,1.0,0.625,4,2.75,2,0.625,1
eha2r_011,false_consensus_stress,5,True,hygienic_combo_top8,8,"eha2r_011_primary_a,eha2r_011_primary_b,eha2r_011_pollutant_root,eha2r_011_repost_00,eha2r_011_repost_01,eha2r_011_context_10,eha2r_011_context_11,eha2r_011_context_12",1.0,1.0,1.0,0.375,6,2.5,2,0.375,1
eha2r_011,false_consensus_stress,5,True,oracle_root_dedup_top8,8,"eha2r_011_pollutant_root,eha2r_011_primary_a,eha2r_011_primary_b,eha2r_011_context_10,eha2r_011_context_11,eha2r_011_context_12,eha2r_011_context_13,eha2r_011_repost_00",1.0,1.0,1.0,0.25,7,2.5,2,0.25,1
eha2r_012,false_consensus_stress,5,False,bm25_top8,8,"eha2r_012_pollutant_root,eha2r_012_repost_00,eha2r_012_repost_01,eha2r_012_repost_03,eha2r_012_repost_04,eha2r_012_repost_05,eha2r_012_repost_06,eha2r_012_repost_02",0.0,0.0,0.0,1.0,1,2.1556390622295662,9,1.0,3
eha2r_012,false_consensus_stress,5,False,bm25_top12,12,"eha2r_012_pollutant_root,eha2r_012_repost_00,eha2r_012_repost_01,eha2r_012_repost_03,eha2r_012_repost_04,eha2r_012_repost_05,eha2r_012_repost_06,eha2r_012_repost_02,eha2r_012_primary_a,eha2r_012_primary_b,eha2r_012_context_10,eha2r_012_context_11",1.0,1.0,1.0,0.6666666666666666,5,3.0220552088742005,9,0.6666666666666666,3
eha2r_012,false_consensus_stress,5,False,primary_preserve_top8,8,"eha2r_012_primary_a,eha2r_012_primary_b,eha2r_012_pollutant_root,eha2r_012_repost_00,eha2r_012_repost_01,eha2r_012_repost_03,eha2r_012_repost_04,eha2r_012_repost_05",1.0,1.0,1.0,0.75,3,2.4056390622295662,9,0.75,3
eha2r_012,false_consensus_stress,5,False,heuristic_root_dedup_top8,8,"eha2r_012_pollutant_root,eha2r_012_repost_00,eha2r_012_primary_a,eha2r_012_context_10,eha2r_012_repost_01,eha2r_012_repost_03,eha2r_012_repost_04,eha2r_012_repost_05",0.5,0.5,0.5,0.75,3,2.4056390622295662,9,0.75,3
eha2r_012,false_consensus_stress,5,False,hygienic_combo_top8,8,"eha2r_012_primary_a,eha2r_012_primary_b,eha2r_012_pollutant_root,eha2r_012_repost_00,eha2r_012_repost_01,eha2r_012_context_10,eha2r_012_context_11,eha2r_012_context_12",1.0,1.0,1.0,0.375,6,2.5,9,0.375,3
eha2r_012,false_consensus_stress,5,False,oracle_root_dedup_top8,8,"eha2r_012_pollutant_root,eha2r_012_primary_a,eha2r_012_primary_b,eha2r_012_context_10,eha2r_012_context_11,eha2r_012_context_12,eha2r_012_context_13,eha2r_012_repost_00",1.0,1.0,1.0,0.25,7,2.25,9,0.25,3
eha2r_013,false_consensus_stress,5,False,bm25_top8,8,"eha2r_013_pollutant_root,eha2r_013_repost_00,eha2r_013_repost_02,eha2r_013_repost_03,eha2r_013_repost_04,eha2r_013_repost_05,eha2r_013_repost_01,eha2r_013_repost_06",0.0,0.0,0.0,1.0,1,2.1556390622295662,9,1.0,3
eha2r_013,false_consensus_stress,5,False,bm25_top12,12,"eha2r_013_pollutant_root,eha2r_013_repost_00,eha2r_013_repost_02,eha2r_013_repost_03,eha2r_013_repost_04,eha2r_013_repost_05,eha2r_013_repost_01,eha2r_013_repost_06,eha2r_013_primary_a,eha2r_013_primary_b,eha2r_013_context_10,eha2r_013_context_11",1.0,1.0,1.0,0.6666666666666666,5,3.0220552088742005,9,0.6666666666666666,3
eha2r_013,false_consensus_stress,5,False,primary_preserve_top8,8,"eha2r_013_primary_a,eha2r_013_primary_b,eha2r_013_pollutant_root,eha2r_013_repost_00,eha2r_013_repost_02,eha2r_013_repost_03,eha2r_013_repost_04,eha2r_013_repost_05",1.0,1.0,1.0,0.75,3,2.4056390622295662,9,0.75,3
eha2r_013,false_consensus_stress,5,False,heuristic_root_dedup_top8,8,"eha2r_013_pollutant_root,eha2r_013_repost_00,eha2r_013_primary_a,eha2r_013_context_10,eha2r_013_repost_02,eha2r_013_repost_03,eha2r_013_repost_04,eha2r_013_repost_05",0.5,0.5,0.5,0.75,3,2.4056390622295662,9,0.75,3
eha2r_013,false_consensus_stress,5,False,hygienic_combo_top8,8,"eha2r_013_primary_a,eha2r_013_primary_b,eha2r_013_pollutant_root,eha2r_013_repost_00,eha2r_013_repost_02,eha2r_013_context_10,eha2r_013_context_11,eha2r_013_context_12",1.0,1.0,1.0,0.375,6,2.75,9,0.375,3
eha2r_013,false_consensus_stress,5,False,oracle_root_dedup_top8,8,"eha2r_013_pollutant_root,eha2r_013_primary_a,eha2r_013_primary_b,eha2r_013_context_10,eha2r_013_context_11,eha2r_013_context_12,eha2r_013_context_13,eha2r_013_repost_00",1.0,1.0,1.0,0.25,7,2.5,9,0.25,3
eha2r_014,false_consensus_stress,5,False,bm25_top8,8,"eha2r_014_pollutant_root,eha2r_014_repost_01,eha2r_014_repost_02,eha2r_014_repost_03,eha2r_014_repost_04,eha2r_014_repost_06,eha2r_014_repost_00,eha2r_014_repost_05",0.0,0.0,0.0,1.0,1,2.1556390622295662,9,1.0,3
eha2r_014,false_consensus_stress,5,False,bm25_top12,12,"eha2r_014_pollutant_root,eha2r_014_repost_01,eha2r_014_repost_02,eha2r_014_repost_03,eha2r_014_repost_04,eha2r_014_repost_06,eha2r_014_repost_00,eha2r_014_repost_05,eha2r_014_primary_a,eha2r_014_primary_b,eha2r_014_context_10,eha2r_014_context_11",1.0,1.0,1.0,0.6666666666666666,5,3.0220552088742005,9,0.6666666666666666,3
eha2r_014,false_consensus_stress,5,False,primary_preserve_top8,8,"eha2r_014_primary_a,eha2r_014_primary_b,eha2r_014_pollutant_root,eha2r_014_repost_01,eha2r_014_repost_02,eha2r_014_repost_03,eha2r_014_repost_04,eha2r_014_repost_06",1.0,1.0,1.0,0.75,3,2.75,9,0.75,3
eha2r_014,false_consensus_stress,5,False,heuristic_root_dedup_top8,8,"eha2r_014_pollutant_root,eha2r_014_repost_01,eha2r_014_primary_a,eha2r_014_context_10,eha2r_014_repost_02,eha2r_014_repost_03,eha2r_014_repost_04,eha2r_014_repost_06",0.5,0.5,0.5,0.75,3,2.75,9,0.75,3
eha2r_014,false_consensus_stress,5,False,hygienic_combo_top8,8,"eha2r_014_primary_a,eha2r_014_primary_b,eha2r_014_pollutant_root,eha2r_014_repost_01,eha2r_014_repost_02,eha2r_014_context_10,eha2r_014_context_11,eha2r_014_context_12",1.0,1.0,1.0,0.375,6,2.75,9,0.375,3
eha2r_014,false_consensus_stress,5,False,oracle_root_dedup_top8,8,"eha2r_014_pollutant_root,eha2r_014_primary_a,eha2r_014_primary_b,eha2r_014_context_10,eha2r_014_context_11,eha2r_014_context_12,eha2r_014_context_13,eha2r_014_repost_01",1.0,1.0,1.0,0.25,7,2.75,9,0.25,3
eha2r_015,false_consensus_stress,5,False,bm25_top8,8,"eha2r_015_pollutant_root,eha2r_015_repost_00,eha2r_015_repost_01,eha2r_015_repost_02,eha2r_015_repost_03,eha2r_015_repost_05,eha2r_015_repost_06,eha2r_015_repost_04",0.0,0.0,0.0,1.0,1,2.1556390622295662,9,1.0,3
eha2r_015,false_consensus_stress,5,False,bm25_top12,12,"eha2r_015_pollutant_root,eha2r_015_repost_00,eha2r_015_repost_01,eha2r_015_repost_02,eha2r_015_repost_03,eha2r_015_repost_05,eha2r_015_repost_06,eha2r_015_repost_04,eha2r_015_primary_a,eha2r_015_primary_b,eha2r_015_context_10,eha2r_015_context_11",1.0,1.0,1.0,0.6666666666666666,5,3.0220552088742005,9,0.6666666666666666,3
eha2r_015,false_consensus_stress,5,False,primary_preserve_top8,8,"eha2r_015_primary_a,eha2r_015_primary_b,eha2r_015_pollutant_root,eha2r_015_repost_00,eha2r_015_repost_01,eha2r_015_repost_02,eha2r_015_repost_03,eha2r_015_repost_05",1.0,1.0,1.0,0.75,3,2.4056390622295662,9,0.75,3
eha2r_015,false_consensus_stress,5,False,heuristic_root_dedup_top8,8,"eha2r_015_pollutant_root,eha2r_015_repost_00,eha2r_015_primary_a,eha2r_015_context_10,eha2r_015_repost_01,eha2r_015_repost_02,eha2r_015_repost_03,eha2r_015_repost_05",0.5,0.5,0.5,0.75,3,2.4056390622295662,9,0.75,3
eha2r_015,false_consensus_stress,5,False,hygienic_combo_top8,8,"eha2r_015_primary_a,eha2r_015_primary_b,eha2r_015_pollutant_root,eha2r_015_repost_00,eha2r_015_repost_01,eha2r_015_context_10,eha2r_015_context_11,eha2r_015_context_12",1.0,1.0,1.0,0.375,6,2.5,9,0.375,3
eha2r_015,false_consensus_stress,5,False,oracle_root_dedup_top8,8,"eha2r_015_pollutant_root,eha2r_015_primary_a,eha2r_015_primary_b,eha2r_015_context_10,eha2r_015_context_11,eha2r_015_context_12,eha2r_015_context_13,eha2r_015_repost_00",1.0,1.0,1.0,0.25,7,2.5,9,0.25,3
eha2r_016,false_consensus_stress,20,True,bm25_top8,8,"eha2r_016_pollutant_root,eha2r_016_primary_a,eha2r_016_primary_b,eha2r_016_repost_00,eha2r_016_repost_01,eha2r_016_repost_02,eha2r_016_repost_04,eha2r_016_repost_05",1.0,1.0,1.0,0.75,3,2.4056390622295662,2,0.75,2
eha2r_016,false_consensus_stress,20,True,bm25_top12,12,"eha2r_016_pollutant_root,eha2r_016_primary_a,eha2r_016_primary_b,eha2r_016_repost_00,eha2r_016_repost_01,eha2r_016_repost_02,eha2r_016_repost_04,eha2r_016_repost_05,eha2r_016_repost_06,eha2r_016_repost_07,eha2r_016_repost_09,eha2r_016_repost_03",1.0,1.0,1.0,0.8333333333333334,3,2.688721875540867,2,0.8333333333333334,2
eha2r_016,false_consensus_stress,20,True,primary_preserve_top8,8,"eha2r_016_primary_a,eha2r_016_primary_b,eha2r_016_pollutant_root,eha2r_016_repost_00,eha2r_016_repost_01,eha2r_016_repost_02,eha2r_016_repost_04,eha2r_016_repost_05",1.0,1.0,1.0,0.75,3,2.4056390622295662,2,0.75,2
eha2r_016,false_consensus_stress,20,True,heuristic_root_dedup_top8,8,"eha2r_016_pollutant_root,eha2r_016_primary_a,eha2r_016_repost_00,eha2r_016_context_13,eha2r_016_primary_b,eha2r_016_repost_01,eha2r_016_repost_02,eha2r_016_repost_04",1.0,1.0,1.0,0.625,4,2.75,2,0.625,2
eha2r_016,false_consensus_stress,20,True,hygienic_combo_top8,8,"eha2r_016_primary_a,eha2r_016_primary_b,eha2r_016_pollutant_root,eha2r_016_repost_00,eha2r_016_repost_01,eha2r_016_context_13,eha2r_016_repost_02,eha2r_016_repost_04",1.0,1.0,1.0,0.625,4,2.75,2,0.625,2
eha2r_016,false_consensus_stress,20,True,oracle_root_dedup_top8,8,"eha2r_016_pollutant_root,eha2r_016_primary_a,eha2r_016_primary_b,eha2r_016_context_13,eha2r_016_repost_00,eha2r_016_repost_01,eha2r_016_repost_02,eha2r_016_repost_04",1.0,1.0,1.0,0.625,4,2.75,2,0.625,2
eha2r_017,false_consensus_stress,20,True,bm25_top8,8,"eha2r_017_pollutant_root,eha2r_017_primary_a,eha2r_017_primary_b,eha2r_017_repost_00,eha2r_017_repost_01,eha2r_017_repost_03,eha2r_017_repost_04,eha2r_017_repost_05",1.0,1.0,1.0,0.75,3,2.4056390622295662,2,0.75,2
eha2r_017,false_consensus_stress,20,True,bm25_top12,12,"eha2r_017_pollutant_root,eha2r_017_primary_a,eha2r_017_primary_b,eha2r_017_repost_00,eha2r_017_repost_01,eha2r_017_repost_03,eha2r_017_repost_04,eha2r_017_repost_05,eha2r_017_repost_06,eha2r_017_repost_08,eha2r_017_repost_09,eha2r_017_repost_02",1.0,1.0,1.0,0.8333333333333334,3,2.688721875540867,2,0.8333333333333334,2
eha2r_017,false_consensus_stress,20,True,primary_preserve_top8,8,"eha2r_017_primary_a,eha2r_017_primary_b,eha2r_017_pollutant_root,eha2r_017_repost_00,eha2r_017_repost_01,eha2r_017_repost_03,eha2r_017_repost_04,eha2r_017_repost_05",1.0,1.0,1.0,0.75,3,2.4056390622295662,2,0.75,2
eha2r_017,false_consensus_stress,20,True,heuristic_root_dedup_top8,8,"eha2r_017_pollutant_root,eha2r_017_primary_a,eha2r_017_repost_00,eha2r_017_context_13,eha2r_017_primary_b,eha2r_017_repost_01,eha2r_017_repost_03,eha2r_017_repost_04",1.0,1.0,1.0,0.625,4,2.75,2,0.625,2
eha2r_017,false_consensus_stress,20,True,hygienic_combo_top8,8,"eha2r_017_primary_a,eha2r_017_primary_b,eha2r_017_pollutant_root,eha2r_017_repost_00,eha2r_017_repost_01,eha2r_017_context_13,eha2r_017_repost_03,eha2r_017_repost_04",1.0,1.0,1.0,0.625,4,2.75,2,0.625,2
eha2r_017,false_consensus_stress,20,True,oracle_root_dedup_top8,8,"eha2r_017_pollutant_root,eha2r_017_primary_a,eha2r_017_primary_b,eha2r_017_context_13,eha2r_017_repost_00,eha2r_017_repost_01,eha2r_017_repost_03,eha2r_017_repost_04",1.0,1.0,1.0,0.625,4,2.75,2,0.625,2
eha2r_018,false_consensus_stress,20,True,bm25_top8,8,"eha2r_018_pollutant_root,eha2r_018_primary_a,eha2r_018_primary_b,eha2r_018_repost_00,eha2r_018_repost_02,eha2r_018_repost_03,eha2r_018_repost_04,eha2r_018_repost_05",1.0,1.0,1.0,0.75,3,2.4056390622295662,2,0.75,2
eha2r_018,false_consensus_stress,20,True,bm25_top12,12,"eha2r_018_pollutant_root,eha2r_018_primary_a,eha2r_018_primary_b,eha2r_018_repost_00,eha2r_018_repost_02,eha2r_018_repost_03,eha2r_018_repost_04,eha2r_018_repost_05,eha2r_018_repost_07,eha2r_018_repost_08,eha2r_018_repost_09,eha2r_018_repost_01",1.0,1.0,1.0,0.8333333333333334,3,2.688721875540867,2,0.8333333333333334,2
eha2r_018,false_consensus_stress,20,True,primary_preserve_top8,8,"eha2r_018_primary_a,eha2r_018_primary_b,eha2r_018_pollutant_root,eha2r_018_repost_00,eha2r_018_repost_02,eha2r_018_repost_03,eha2r_018_repost_04,eha2r_018_repost_05",1.0,1.0,1.0,0.75,3,2.4056390622295662,2,0.75,2
eha2r_018,false_consensus_stress,20,True,heuristic_root_dedup_top8,8,"eha2r_018_pollutant_root,eha2r_018_primary_a,eha2r_018_repost_00,eha2r_018_context_13,eha2r_018_primary_b,eha2r_018_repost_02,eha2r_018_repost_03,eha2r_018_repost_04",1.0,1.0,1.0,0.625,4,2.75,2,0.625,2
eha2r_018,false_consensus_stress,20,True,hygienic_combo_top8,8,"eha2r_018_primary_a,eha2r_018_primary_b,eha2r_018_pollutant_root,eha2r_018_repost_00,eha2r_018_repost_02,eha2r_018_context_13,eha2r_018_repost_03,eha2r_018_repost_04",1.0,1.0,1.0,0.625,4,2.75,2,0.625,2
eha2r_018,false_consensus_stress,20,True,oracle_root_dedup_top8,8,"eha2r_018_pollutant_root,eha2r_018_primary_a,eha2r_018_primary_b,eha2r_018_context_13,eha2r_018_repost_00,eha2r_018_repost_02,eha2r_018_repost_03,eha2r_018_repost_04",1.0,1.0,1.0,0.625,4,2.75,2,0.625,2
eha2r_019,false_consensus_stress,20,True,bm25_top8,8,"eha2r_019_pollutant_root,eha2r_019_primary_a,eha2r_019_primary_b,eha2r_019_repost_01,eha2r_019_repost_02,eha2r_019_repost_03,eha2r_019_repost_04,eha2r_019_repost_06",1.0,1.0,1.0,0.75,3,2.75,2,0.75,2
eha2r_019,false_consensus_stress,20,True,bm25_top12,12,"eha2r_019_pollutant_root,eha2r_019_primary_a,eha2r_019_primary_b,eha2r_019_repost_01,eha2r_019_repost_02,eha2r_019_repost_03,eha2r_019_repost_04,eha2r_019_repost_06,eha2r_019_repost_07,eha2r_019_repost_08,eha2r_019_repost_09,eha2r_019_repost_00",1.0,1.0,1.0,0.8333333333333334,3,2.7516291673878226,2,0.8333333333333334,2
eha2r_019,false_consensus_stress,20,True,primary_preserve_top8,8,"eha2r_019_primary_a,eha2r_019_primary_b,eha2r_019_pollutant_root,eha2r_019_repost_01,eha2r_019_repost_02,eha2r_019_repost_03,eha2r_019_repost_04,eha2r_019_repost_06",1.0,1.0,1.0,0.75,3,2.75,2,0.75,2
eha2r_019,false_consensus_stress,20,True,heuristic_root_dedup_top8,8,"eha2r_019_pollutant_root,eha2r_019_primary_a,eha2r_019_repost_01,eha2r_019_context_13,eha2r_019_primary_b,eha2r_019_repost_02,eha2r_019_repost_03,eha2r_019_repost_04",1.0,1.0,1.0,0.625,4,3.0,2,0.625,2
eha2r_019,false_consensus_stress,20,True,hygienic_combo_top8,8,"eha2r_019_primary_a,eha2r_019_primary_b,eha2r_019_pollutant_root,eha2r_019_repost_01,eha2r_019_repost_02,eha2r_019_context_13,eha2r_019_repost_03,eha2r_019_repost_04",1.0,1.0,1.0,0.625,4,3.0,2,0.625,2
eha2r_019,false_consensus_stress,20,True,oracle_root_dedup_top8,8,"eha2r_019_pollutant_root,eha2r_019_primary_a,eha2r_019_primary_b,eha2r_019_context_13,eha2r_019_repost_01,eha2r_019_repost_02,eha2r_019_repost_03,eha2r_019_repost_04",1.0,1.0,1.0,0.625,4,3.0,2,0.625,2
eha2r_020,false_consensus_stress,20,False,bm25_top8,8,"eha2r_020_pollutant_root,eha2r_020_repost_00,eha2r_020_repost_01,eha2r_020_repost_02,eha2r_020_repost_03,eha2r_020_repost_05,eha2r_020_repost_06,eha2r_020_repost_07",0.0,0.0,0.0,1.0,1,1.9056390622295665,12,1.0,4
eha2r_020,false_consensus_stress,20,False,bm25_top12,12,"eha2r_020_pollutant_root,eha2r_020_repost_00,eha2r_020_repost_01,eha2r_020_repost_02,eha2r_020_repost_03,eha2r_020_repost_05,eha2r_020_repost_06,eha2r_020_repost_07,eha2r_020_repost_08,eha2r_020_repost_04,eha2r_020_repost_09,eha2r_020_primary_a",0.5,0.5,0.5,0.9166666666666666,2,2.5220552088742005,12,0.9166666666666666,4
eha2r_020,false_consensus_stress,20,False,primary_preserve_top8,8,"eha2r_020_primary_a,eha2r_020_primary_b,eha2r_020_pollutant_root,eha2r_020_repost_00,eha2r_020_repost_01,eha2r_020_repost_02,eha2r_020_repost_03,eha2r_020_repost_05",1.0,1.0,1.0,0.75,3,2.4056390622295662,12,0.75,4
eha2r_020,false_consensus_stress,20,False,heuristic_root_dedup_top8,8,"eha2r_020_pollutant_root,eha2r_020_repost_00,eha2r_020_primary_a,eha2r_020_context_13,eha2r_020_repost_01,eha2r_020_repost_02,eha2r_020_repost_03,eha2r_020_repost_05",0.5,0.5,0.5,0.75,3,2.4056390622295662,12,0.75,4
eha2r_020,false_consensus_stress,20,False,hygienic_combo_top8,8,"eha2r_020_primary_a,eha2r_020_primary_b,eha2r_020_pollutant_root,eha2r_020_repost_00,eha2r_020_repost_01,eha2r_020_context_13,eha2r_020_repost_02,eha2r_020_repost_03",1.0,1.0,1.0,0.625,4,2.75,12,0.625,4
eha2r_020,false_consensus_stress,20,False,oracle_root_dedup_top8,8,"eha2r_020_pollutant_root,eha2r_020_primary_a,eha2r_020_context_13,eha2r_020_primary_b,eha2r_020_repost_00,eha2r_020_repost_01,eha2r_020_repost_02,eha2r_020_repost_03",1.0,1.0,1.0,0.625,4,2.75,12,0.625,4
eha2r_021,false_consensus_stress,20,False,bm25_top8,8,"eha2r_021_pollutant_root,eha2r_021_repost_00,eha2r_021_repost_01,eha2r_021_repost_02,eha2r_021_repost_04,eha2r_021_repost_05,eha2r_021_repost_06,eha2r_021_repost_07",0.0,0.0,0.0,1.0,1,1.9056390622295665,12,1.0,4
eha2r_021,false_consensus_stress,20,False,bm25_top12,12,"eha2r_021_pollutant_root,eha2r_021_repost_00,eha2r_021_repost_01,eha2r_021_repost_02,eha2r_021_repost_04,eha2r_021_repost_05,eha2r_021_repost_06,eha2r_021_repost_07,eha2r_021_repost_09,eha2r_021_repost_03,eha2r_021_repost_08,eha2r_021_primary_a",0.5,0.5,0.5,0.9166666666666666,2,2.5220552088742005,12,0.9166666666666666,4
eha2r_021,false_consensus_stress,20,False,primary_preserve_top8,8,"eha2r_021_primary_a,eha2r_021_primary_b,eha2r_021_pollutant_root,eha2r_021_repost_00,eha2r_021_repost_01,eha2r_021_repost_02,eha2r_021_repost_04,eha2r_021_repost_05",1.0,1.0,1.0,0.75,3,2.4056390622295662,12,0.75,4
eha2r_021,false_consensus_stress,20,False,heuristic_root_dedup_top8,8,"eha2r_021_pollutant_root,eha2r_021_repost_00,eha2r_021_primary_a,eha2r_021_context_13,eha2r_021_repost_01,eha2r_021_repost_02,eha2r_021_repost_04,eha2r_021_repost_05",0.5,0.5,0.5,0.75,3,2.4056390622295662,12,0.75,4
eha2r_021,false_consensus_stress,20,False,hygienic_combo_top8,8,"eha2r_021_primary_a,eha2r_021_primary_b,eha2r_021_pollutant_root,eha2r_021_repost_00,eha2r_021_repost_01,eha2r_021_context_13,eha2r_021_repost_02,eha2r_021_repost_04",1.0,1.0,1.0,0.625,4,2.75,12,0.625,4
eha2r_021,false_consensus_stress,20,False,oracle_root_dedup_top8,8,"eha2r_021_pollutant_root,eha2r_021_primary_a,eha2r_021_context_13,eha2r_021_primary_b,eha2r_021_repost_00,eha2r_021_repost_01,eha2r_021_repost_02,eha2r_021_repost_04",1.0,1.0,1.0,0.625,4,2.75,12,0.625,4
eha2r_022,false_consensus_stress,20,False,bm25_top8,8,"eha2r_022_pollutant_root,eha2r_022_repost_00,eha2r_022_repost_01,eha2r_022_repost_03,eha2r_022_repost_04,eha2r_022_repost_05,eha2r_022_repost_06,eha2r_022_repost_08",0.0,0.0,0.0,1.0,1,1.9056390622295665,12,1.0,4
eha2r_022,false_consensus_stress,20,False,bm25_top12,12,"eha2r_022_pollutant_root,eha2r_022_repost_00,eha2r_022_repost_01,eha2r_022_repost_03,eha2r_022_repost_04,eha2r_022_repost_05,eha2r_022_repost_06,eha2r_022_repost_08,eha2r_022_repost_09,eha2r_022_repost_02,eha2r_022_repost_07,eha2r_022_primary_a",0.5,0.5,0.5,0.9166666666666666,2,2.5220552088742005,12,0.9166666666666666,4
eha2r_022,false_consensus_stress,20,False,primary_preserve_top8,8,"eha2r_022_primary_a,eha2r_022_primary_b,eha2r_022_pollutant_root,eha2r_022_repost_00,eha2r_022_repost_01,eha2r_022_repost_03,eha2r_022_repost_04,eha2r_022_repost_05",1.0,1.0,1.0,0.75,3,2.4056390622295662,12,0.75,4
eha2r_022,false_consensus_stress,20,False,heuristic_root_dedup_top8,8,"eha2r_022_pollutant_root,eha2r_022_repost_00,eha2r_022_primary_a,eha2r_022_context_13,eha2r_022_repost_01,eha2r_022_repost_03,eha2r_022_repost_04,eha2r_022_repost_05",0.5,0.5,0.5,0.75,3,2.4056390622295662,12,0.75,4
eha2r_022,false_consensus_stress,20,False,hygienic_combo_top8,8,"eha2r_022_primary_a,eha2r_022_primary_b,eha2r_022_pollutant_root,eha2r_022_repost_00,eha2r_022_repost_01,eha2r_022_context_13,eha2r_022_repost_03,eha2r_022_repost_04",1.0,1.0,1.0,0.625,4,2.75,12,0.625,4
eha2r_022,false_consensus_stress,20,False,oracle_root_dedup_top8,8,"eha2r_022_pollutant_root,eha2r_022_primary_a,eha2r_022_context_13,eha2r_022_primary_b,eha2r_022_repost_00,eha2r_022_repost_01,eha2r_022_repost_03,eha2r_022_repost_04",1.0,1.0,1.0,0.625,4,2.75,12,0.625,4
eha2r_023,false_consensus_stress,20,False,bm25_top8,8,"eha2r_023_pollutant_root,eha2r_023_repost_00,eha2r_023_repost_02,eha2r_023_repost_03,eha2r_023_repost_04,eha2r_023_repost_05,eha2r_023_repost_07,eha2r_023_repost_08",0.0,0.0,0.0,1.0,1,1.9056390622295665,12,1.0,4
eha2r_023,false_consensus_stress,20,False,bm25_top12,12,"eha2r_023_pollutant_root,eha2r_023_repost_00,eha2r_023_repost_02,eha2r_023_repost_03,eha2r_023_repost_04,eha2r_023_repost_05,eha2r_023_repost_07,eha2r_023_repost_08,eha2r_023_repost_09,eha2r_023_repost_01,eha2r_023_repost_06,eha2r_023_primary_a",0.5,0.5,0.5,0.9166666666666666,2,2.5220552088742005,12,0.9166666666666666,4
eha2r_023,false_consensus_stress,20,False,primary_preserve_top8,8,"eha2r_023_primary_a,eha2r_023_primary_b,eha2r_023_pollutant_root,eha2r_023_repost_00,eha2r_023_repost_02,eha2r_023_repost_03,eha2r_023_repost_04,eha2r_023_repost_05",1.0,1.0,1.0,0.75,3,2.4056390622295662,12,0.75,4
eha2r_023,false_consensus_stress,20,False,heuristic_root_dedup_top8,8,"eha2r_023_pollutant_root,eha2r_023_repost_00,eha2r_023_primary_a,eha2r_023_context_13,eha2r_023_repost_02,eha2r_023_repost_03,eha2r_023_repost_04,eha2r_023_repost_05",0.5,0.5,0.5,0.75,3,2.4056390622295662,12,0.75,4
eha2r_023,false_consensus_stress,20,False,hygienic_combo_top8,8,"eha2r_023_primary_a,eha2r_023_primary_b,eha2r_023_pollutant_root,eha2r_023_repost_00,eha2r_023_repost_02,eha2r_023_context_13,eha2r_023_repost_03,eha2r_023_repost_04",1.0,1.0,1.0,0.625,4,2.75,12,0.625,4
eha2r_023,false_consensus_stress,20,False,oracle_root_dedup_top8,8,"eha2r_023_pollutant_root,eha2r_023_primary_a,eha2r_023_context_13,eha2r_023_primary_b,eha2r_023_repost_00,eha2r_023_repost_02,eha2r_023_repost_03,eha2r_023_repost_04",1.0,1.0,1.0,0.625,4,2.75,12,0.625,4
eha2r_024,false_consensus_stress,50,True,bm25_top8,8,"eha2r_024_pollutant_root,eha2r_024_primary_a,eha2r_024_primary_b,eha2r_024_repost_01,eha2r_024_repost_02,eha2r_024_repost_03,eha2r_024_repost_04,eha2r_024_repost_06",1.0,1.0,1.0,0.75,3,2.75,2,0.75,2
eha2r_024,false_consensus_stress,50,True,bm25_top12,12,"eha2r_024_pollutant_root,eha2r_024_primary_a,eha2r_024_primary_b,eha2r_024_repost_01,eha2r_024_repost_02,eha2r_024_repost_03,eha2r_024_repost_04,eha2r_024_repost_06,eha2r_024_repost_07,eha2r_024_repost_08,eha2r_024_repost_09,eha2r_024_repost_11",1.0,1.0,1.0,0.8333333333333334,3,2.688721875540867,2,0.8333333333333334,2
eha2r_024,false_consensus_stress,50,True,primary_preserve_top8,8,"eha2r_024_primary_a,eha2r_024_primary_b,eha2r_024_pollutant_root,eha2r_024_repost_01,eha2r_024_repost_02,eha2r_024_repost_03,eha2r_024_repost_04,eha2r_024_repost_06",1.0,1.0,1.0,0.75,3,2.75,2,0.75,2
eha2r_024,false_consensus_stress,50,True,heuristic_root_dedup_top8,8,"eha2r_024_pollutant_root,eha2r_024_primary_a,eha2r_024_repost_01,eha2r_024_primary_b,eha2r_024_repost_02,eha2r_024_repost_03,eha2r_024_repost_04,eha2r_024_repost_06",1.0,1.0,1.0,0.75,3,2.75,2,0.75,2
eha2r_024,false_consensus_stress,50,True,hygienic_combo_top8,8,"eha2r_024_primary_a,eha2r_024_primary_b,eha2r_024_pollutant_root,eha2r_024_repost_01,eha2r_024_repost_02,eha2r_024_repost_03,eha2r_024_repost_04,eha2r_024_repost_06",1.0,1.0,1.0,0.75,3,2.75,2,0.75,2
eha2r_024,false_consensus_stress,50,True,oracle_root_dedup_top8,8,"eha2r_024_pollutant_root,eha2r_024_primary_a,eha2r_024_primary_b,eha2r_024_repost_01,eha2r_024_repost_02,eha2r_024_repost_03,eha2r_024_repost_04,eha2r_024_repost_06",1.0,1.0,1.0,0.75,3,2.75,2,0.75,2
eha2r_025,false_consensus_stress,50,True,bm25_top8,8,"eha2r_025_pollutant_root,eha2r_025_primary_a,eha2r_025_primary_b,eha2r_025_repost_00,eha2r_025_repost_01,eha2r_025_repost_02,eha2r_025_repost_03,eha2r_025_repost_05",1.0,1.0,1.0,0.75,3,2.4056390622295662,2,0.75,2
eha2r_025,false_consensus_stress,50,True,bm25_top12,12,"eha2r_025_pollutant_root,eha2r_025_primary_a,eha2r_025_primary_b,eha2r_025_repost_00,eha2r_025_repost_01,eha2r_025_repost_02,eha2r_025_repost_03,eha2r_025_repost_05,eha2r_025_repost_06,eha2r_025_repost_07,eha2r_025_repost_08,eha2r_025_repost_10",1.0,1.0,1.0,0.8333333333333334,3,2.4182958340544896,2,0.8333333333333334,2
eha2r_025,false_consensus_stress,50,True,primary_preserve_top8,8,"eha2r_025_primary_a,eha2r_025_primary_b,eha2r_025_pollutant_root,eha2r_025_repost_00,eha2r_025_repost_01,eha2r_025_repost_02,eha2r_025_repost_03,eha2r_025_repost_05",1.0,1.0,1.0,0.75,3,2.4056390622295662,2,0.75,2
eha2r_025,false_consensus_stress,50,True,heuristic_root_dedup_top8,8,"eha2r_025_pollutant_root,eha2r_025_primary_a,eha2r_025_repost_00,eha2r_025_primary_b,eha2r_025_repost_01,eha2r_025_repost_02,eha2r_025_repost_03,eha2r_025_repost_05",1.0,1.0,1.0,0.75,3,2.4056390622295662,2,0.75,2
eha2r_025,false_consensus_stress,50,True,hygienic_combo_top8,8,"eha2r_025_primary_a,eha2r_025_primary_b,eha2r_025_pollutant_root,eha2r_025_repost_00,eha2r_025_repost_01,eha2r_025_repost_02,eha2r_025_repost_03,eha2r_025_repost_05",1.0,1.0,1.0,0.75,3,2.4056390622295662,2,0.75,2
eha2r_025,false_consensus_stress,50,True,oracle_root_dedup_top8,8,"eha2r_025_pollutant_root,eha2r_025_primary_a,eha2r_025_primary_b,eha2r_025_repost_00,eha2r_025_repost_01,eha2r_025_repost_02,eha2r_025_repost_03,eha2r_025_repost_05",1.0,1.0,1.0,0.75,3,2.4056390622295662,2,0.75,2
eha2r_026,false_consensus_stress,50,True,bm25_top8,8,"eha2r_026_pollutant_root,eha2r_026_primary_a,eha2r_026_primary_b,eha2r_026_repost_00,eha2r_026_repost_01,eha2r_026_repost_02,eha2r_026_repost_04,eha2r_026_repost_05",1.0,1.0,1.0,0.75,3,2.4056390622295662,2,0.75,2
eha2r_026,false_consensus_stress,50,True,bm25_top12,12,"eha2r_026_pollutant_root,eha2r_026_primary_a,eha2r_026_primary_b,eha2r_026_repost_00,eha2r_026_repost_01,eha2r_026_repost_02,eha2r_026_repost_04,eha2r_026_repost_05,eha2r_026_repost_06,eha2r_026_repost_07,eha2r_026_repost_09,eha2r_026_repost_10",1.0,1.0,1.0,0.8333333333333334,3,2.4182958340544896,2,0.8333333333333334,2
eha2r_026,false_consensus_stress,50,True,primary_preserve_top8,8,"eha2r_026_primary_a,eha2r_026_primary_b,eha2r_026_pollutant_root,eha2r_026_repost_00,eha2r_026_repost_01,eha2r_026_repost_02,eha2r_026_repost_04,eha2r_026_repost_05",1.0,1.0,1.0,0.75,3,2.4056390622295662,2,0.75,2
eha2r_026,false_consensus_stress,50,True,heuristic_root_dedup_top8,8,"eha2r_026_pollutant_root,eha2r_026_primary_a,eha2r_026_repost_00,eha2r_026_primary_b,eha2r_026_repost_01,eha2r_026_repost_02,eha2r_026_repost_04,eha2r_026_repost_05",1.0,1.0,1.0,0.75,3,2.4056390622295662,2,0.75,2
eha2r_026,false_consensus_stress,50,True,hygienic_combo_top8,8,"eha2r_026_primary_a,eha2r_026_primary_b,eha2r_026_pollutant_root,eha2r_026_repost_00,eha2r_026_repost_01,eha2r_026_repost_02,eha2r_026_repost_04,eha2r_026_repost_05",1.0,1.0,1.0,0.75,3,2.4056390622295662,2,0.75,2
eha2r_026,false_consensus_stress,50,True,oracle_root_dedup_top8,8,"eha2r_026_pollutant_root,eha2r_026_primary_a,eha2r_026_primary_b,eha2r_026_repost_00,eha2r_026_repost_01,eha2r_026_repost_02,eha2r_026_repost_04,eha2r_026_repost_05",1.0,1.0,1.0,0.75,3,2.4056390622295662,2,0.75,2
eha2r_027,false_consensus_stress,50,True,bm25_top8,8,"eha2r_027_pollutant_root,eha2r_027_primary_a,eha2r_027_primary_b,eha2r_027_repost_00,eha2r_027_repost_01,eha2r_027_repost_03,eha2r_027_repost_04,eha2r_027_repost_05",1.0,1.0,1.0,0.75,3,2.4056390622295662,2,0.75,2
eha2r_027,false_consensus_stress,50,True,bm25_top12,12,"eha2r_027_pollutant_root,eha2r_027_primary_a,eha2r_027_primary_b,eha2r_027_repost_00,eha2r_027_repost_01,eha2r_027_repost_03,eha2r_027_repost_04,eha2r_027_repost_05,eha2r_027_repost_06,eha2r_027_repost_08,eha2r_027_repost_09,eha2r_027_repost_10",1.0,1.0,1.0,0.8333333333333334,3,2.4182958340544896,2,0.8333333333333334,2
eha2r_027,false_consensus_stress,50,True,primary_preserve_top8,8,"eha2r_027_primary_a,eha2r_027_primary_b,eha2r_027_pollutant_root,eha2r_027_repost_00,eha2r_027_repost_01,eha2r_027_repost_03,eha2r_027_repost_04,eha2r_027_repost_05",1.0,1.0,1.0,0.75,3,2.4056390622295662,2,0.75,2
eha2r_027,false_consensus_stress,50,True,heuristic_root_dedup_top8,8,"eha2r_027_pollutant_root,eha2r_027_primary_a,eha2r_027_repost_00,eha2r_027_primary_b,eha2r_027_repost_01,eha2r_027_repost_03,eha2r_027_repost_04,eha2r_027_repost_05",1.0,1.0,1.0,0.75,3,2.4056390622295662,2,0.75,2
eha2r_027,false_consensus_stress,50,True,hygienic_combo_top8,8,"eha2r_027_primary_a,eha2r_027_primary_b,eha2r_027_pollutant_root,eha2r_027_repost_00,eha2r_027_repost_01,eha2r_027_repost_03,eha2r_027_repost_04,eha2r_027_repost_05",1.0,1.0,1.0,0.75,3,2.4056390622295662,2,0.75,2
eha2r_027,false_consensus_stress,50,True,oracle_root_dedup_top8,8,"eha2r_027_pollutant_root,eha2r_027_primary_a,eha2r_027_primary_b,eha2r_027_repost_00,eha2r_027_repost_01,eha2r_027_repost_03,eha2r_027_repost_04,eha2r_027_repost_05",1.0,1.0,1.0,0.75,3,2.4056390622295662,2,0.75,2
eha2r_028,false_consensus_stress,50,False,bm25_top8,8,"eha2r_028_pollutant_root,eha2r_028_repost_00,eha2r_028_repost_02,eha2r_028_repost_03,eha2r_028_repost_04,eha2r_028_repost_05,eha2r_028_repost_07,eha2r_028_repost_08",0.0,0.0,0.0,1.0,1,1.9056390622295665,15,1.0,4
eha2r_028,false_consensus_stress,50,False,bm25_top12,12,"eha2r_028_pollutant_root,eha2r_028_repost_00,eha2r_028_repost_02,eha2r_028_repost_03,eha2r_028_repost_04,eha2r_028_repost_05,eha2r_028_repost_07,eha2r_028_repost_08,eha2r_028_repost_09,eha2r_028_repost_10,eha2r_028_repost_12,eha2r_028_repost_01",0.0,0.0,0.0,1.0,1,2.188721875540867,15,1.0,4
eha2r_028,false_consensus_stress,50,False,primary_preserve_top8,8,"eha2r_028_primary_a,eha2r_028_primary_b,eha2r_028_pollutant_root,eha2r_028_repost_00,eha2r_028_repost_02,eha2r_028_repost_03,eha2r_028_repost_04,eha2r_028_repost_05",1.0,1.0,1.0,0.75,3,2.4056390622295662,15,0.75,4
eha2r_028,false_consensus_stress,50,False,heuristic_root_dedup_top8,8,"eha2r_028_pollutant_root,eha2r_028_repost_00,eha2r_028_primary_a,eha2r_028_repost_02,eha2r_028_repost_03,eha2r_028_repost_04,eha2r_028_repost_05,eha2r_028_repost_07",0.5,0.5,0.5,0.875,2,2.1556390622295662,15,0.875,4
eha2r_028,false_consensus_stress,50,False,hygienic_combo_top8,8,"eha2r_028_primary_a,eha2r_028_primary_b,eha2r_028_pollutant_root,eha2r_028_repost_00,eha2r_028_repost_02,eha2r_028_repost_03,eha2r_028_repost_04,eha2r_028_repost_05",1.0,1.0,1.0,0.75,3,2.4056390622295662,15,0.75,4
eha2r_028,false_consensus_stress,50,False,oracle_root_dedup_top8,8,"eha2r_028_pollutant_root,eha2r_028_primary_a,eha2r_028_primary_b,eha2r_028_repost_00,eha2r_028_repost_02,eha2r_028_repost_03,eha2r_028_repost_04,eha2r_028_repost_05",1.0,1.0,1.0,0.75,3,2.4056390622295662,15,0.75,4
eha2r_029,false_consensus_stress,50,False,bm25_top8,8,"eha2r_029_pollutant_root,eha2r_029_repost_01,eha2r_029_repost_02,eha2r_029_repost_03,eha2r_029_repost_04,eha2r_029_repost_06,eha2r_029_repost_07,eha2r_029_repost_08",0.0,0.0,0.0,1.0,1,2.25,15,1.0,4
eha2r_029,false_consensus_stress,50,False,bm25_top12,12,"eha2r_029_pollutant_root,eha2r_029_repost_01,eha2r_029_repost_02,eha2r_029_repost_03,eha2r_029_repost_04,eha2r_029_repost_06,eha2r_029_repost_07,eha2r_029_repost_08,eha2r_029_repost_09,eha2r_029_repost_11,eha2r_029_repost_12,eha2r_029_repost_00",0.0,0.0,0.0,1.0,1,2.292481250360578,15,1.0,4
eha2r_029,false_consensus_stress,50,False,primary_preserve_top8,8,"eha2r_029_primary_a,eha2r_029_primary_b,eha2r_029_pollutant_root,eha2r_029_repost_01,eha2r_029_repost_02,eha2r_029_repost_03,eha2r_029_repost_04,eha2r_029_repost_06",1.0,1.0,1.0,0.75,3,2.75,15,0.75,4
eha2r_029,false_consensus_stress,50,False,heuristic_root_dedup_top8,8,"eha2r_029_pollutant_root,eha2r_029_repost_01,eha2r_029_primary_a,eha2r_029_repost_02,eha2r_029_repost_03,eha2r_029_repost_04,eha2r_029_repost_06,eha2r_029_repost_07",0.5,0.5,0.5,0.875,2,2.5,15,0.875,4
eha2r_029,false_consensus_stress,50,False,hygienic_combo_top8,8,"eha2r_029_primary_a,eha2r_029_primary_b,eha2r_029_pollutant_root,eha2r_029_repost_01,eha2r_029_repost_02,eha2r_029_repost_03,eha2r_029_repost_04,eha2r_029_repost_06",1.0,1.0,1.0,0.75,3,2.75,15,0.75,4
eha2r_029,false_consensus_stress,50,False,oracle_root_dedup_top8,8,"eha2r_029_pollutant_root,eha2r_029_primary_a,eha2r_029_primary_b,eha2r_029_repost_01,eha2r_029_repost_02,eha2r_029_repost_03,eha2r_029_repost_04,eha2r_029_repost_06",1.0,1.0,1.0,0.75,3,2.75,15,0.75,4
eha2r_030,false_consensus_stress,50,False,bm25_top8,8,"eha2r_030_pollutant_root,eha2r_030_repost_00,eha2r_030_repost_01,eha2r_030_repost_02,eha2r_030_repost_03,eha2r_030_repost_05,eha2r_030_repost_06,eha2r_030_repost_07",0.0,0.0,0.0,1.0,1,1.9056390622295665,15,1.0,4
eha2r_030,false_consensus_stress,50,False,bm25_top12,12,"eha2r_030_pollutant_root,eha2r_030_repost_00,eha2r_030_repost_01,eha2r_030_repost_02,eha2r_030_repost_03,eha2r_030_repost_05,eha2r_030_repost_06,eha2r_030_repost_07,eha2r_030_repost_08,eha2r_030_repost_10,eha2r_030_repost_11,eha2r_030_repost_12",0.0,0.0,0.0,1.0,1,1.9591479170272448,15,1.0,4
eha2r_030,false_consensus_stress,50,False,primary_preserve_top8,8,"eha2r_030_primary_a,eha2r_030_primary_b,eha2r_030_pollutant_root,eha2r_030_repost_00,eha2r_030_repost_01,eha2r_030_repost_02,eha2r_030_repost_03,eha2r_030_repost_05",1.0,1.0,1.0,0.75,3,2.4056390622295662,15,0.75,4
eha2r_030,false_consensus_stress,50,False,heuristic_root_dedup_top8,8,"eha2r_030_pollutant_root,eha2r_030_repost_00,eha2r_030_primary_a,eha2r_030_repost_01,eha2r_030_repost_02,eha2r_030_repost_03,eha2r_030_repost_05,eha2r_030_repost_06",0.5,0.5,0.5,0.875,2,2.1556390622295662,15,0.875,4
eha2r_030,false_consensus_stress,50,False,hygienic_combo_top8,8,"eha2r_030_primary_a,eha2r_030_primary_b,eha2r_030_pollutant_root,eha2r_030_repost_00,eha2r_030_repost_01,eha2r_030_repost_02,eha2r_030_repost_03,eha2r_030_repost_05",1.0,1.0,1.0,0.75,3,2.4056390622295662,15,0.75,4
eha2r_030,false_consensus_stress,50,False,oracle_root_dedup_top8,8,"eha2r_030_pollutant_root,eha2r_030_primary_a,eha2r_030_primary_b,eha2r_030_repost_00,eha2r_030_repost_01,eha2r_030_repost_02,eha2r_030_repost_03,eha2r_030_repost_05",1.0,1.0,1.0,0.75,3,2.4056390622295662,15,0.75,4
eha2r_031,false_consensus_stress,50,False,bm25_top8,8,"eha2r_031_pollutant_root,eha2r_031_repost_00,eha2r_031_repost_01,eha2r_031_repost_02,eha2r_031_repost_04,eha2r_031_repost_05,eha2r_031_repost_06,eha2r_031_repost_07",0.0,0.0,0.0,1.0,1,1.9056390622295665,15,1.0,4
eha2r_031,false_consensus_stress,50,False,bm25_top12,12,"eha2r_031_pollutant_root,eha2r_031_repost_00,eha2r_031_repost_01,eha2r_031_repost_02,eha2r_031_repost_04,eha2r_031_repost_05,eha2r_031_repost_06,eha2r_031_repost_07,eha2r_031_repost_09,eha2r_031_repost_10,eha2r_031_repost_11,eha2r_031_repost_12",0.0,0.0,0.0,1.0,1,1.9591479170272448,15,1.0,4
eha2r_031,false_consensus_stress,50,False,primary_preserve_top8,8,"eha2r_031_primary_a,eha2r_031_primary_b,eha2r_031_pollutant_root,eha2r_031_repost_00,eha2r_031_repost_01,eha2r_031_repost_02,eha2r_031_repost_04,eha2r_031_repost_05",1.0,1.0,1.0,0.75,3,2.4056390622295662,15,0.75,4
eha2r_031,false_consensus_stress,50,False,heuristic_root_dedup_top8,8,"eha2r_031_pollutant_root,eha2r_031_repost_00,eha2r_031_primary_a,eha2r_031_repost_01,eha2r_031_repost_02,eha2r_031_repost_04,eha2r_031_repost_05,eha2r_031_repost_06",0.5,0.5,0.5,0.875,2,2.1556390622295662,15,0.875,4
eha2r_031,false_consensus_stress,50,False,hygienic_combo_top8,8,"eha2r_031_primary_a,eha2r_031_primary_b,eha2r_031_pollutant_root,eha2r_031_repost_00,eha2r_031_repost_01,eha2r_031_repost_02,eha2r_031_repost_04,eha2r_031_repost_05",1.0,1.0,1.0,0.75,3,2.4056390622295662,15,0.75,4
eha2r_031,false_consensus_stress,50,False,oracle_root_dedup_top8,8,"eha2r_031_pollutant_root,eha2r_031_primary_a,eha2r_031_primary_b,eha2r_031_repost_00,eha2r_031_repost_01,eha2r_031_repost_02,eha2r_031_repost_04,eha2r_031_repost_05",1.0,1.0,1.0,0.75,3,2.4056390622295662,15,0.75,4
eha2r_032,false_consensus_stress,100,True,bm25_top8,8,"eha2r_032_pollutant_root,eha2r_032_primary_a,eha2r_032_primary_b,eha2r_032_repost_00,eha2r_032_repost_01,eha2r_032_repost_03,eha2r_032_repost_04,eha2r_032_repost_05",1.0,1.0,1.0,0.75,3,2.4056390622295662,2,0.75,2
eha2r_032,false_consensus_stress,100,True,bm25_top12,12,"eha2r_032_pollutant_root,eha2r_032_primary_a,eha2r_032_primary_b,eha2r_032_repost_00,eha2r_032_repost_01,eha2r_032_repost_03,eha2r_032_repost_04,eha2r_032_repost_05,eha2r_032_repost_06,eha2r_032_repost_08,eha2r_032_repost_09,eha2r_032_repost_10",1.0,1.0,1.0,0.8333333333333334,3,2.4182958340544896,2,0.8333333333333334,2
eha2r_032,false_consensus_stress,100,True,primary_preserve_top8,8,"eha2r_032_primary_a,eha2r_032_primary_b,eha2r_032_pollutant_root,eha2r_032_repost_00,eha2r_032_repost_01,eha2r_032_repost_03,eha2r_032_repost_04,eha2r_032_repost_05",1.0,1.0,1.0,0.75,3,2.4056390622295662,2,0.75,2
eha2r_032,false_consensus_stress,100,True,heuristic_root_dedup_top8,8,"eha2r_032_pollutant_root,eha2r_032_primary_a,eha2r_032_repost_00,eha2r_032_primary_b,eha2r_032_repost_01,eha2r_032_repost_03,eha2r_032_repost_04,eha2r_032_repost_05",1.0,1.0,1.0,0.75,3,2.4056390622295662,2,0.75,2
eha2r_032,false_consensus_stress,100,True,hygienic_combo_top8,8,"eha2r_032_primary_a,eha2r_032_primary_b,eha2r_032_pollutant_root,eha2r_032_repost_00,eha2r_032_repost_01,eha2r_032_repost_03,eha2r_032_repost_04,eha2r_032_repost_05",1.0,1.0,1.0,0.75,3,2.4056390622295662,2,0.75,2
eha2r_032,false_consensus_stress,100,True,oracle_root_dedup_top8,8,"eha2r_032_pollutant_root,eha2r_032_primary_a,eha2r_032_primary_b,eha2r_032_repost_00,eha2r_032_repost_01,eha2r_032_repost_03,eha2r_032_repost_04,eha2r_032_repost_05",1.0,1.0,1.0,0.75,3,2.4056390622295662,2,0.75,2
eha2r_033,false_consensus_stress,100,True,bm25_top8,8,"eha2r_033_pollutant_root,eha2r_033_primary_a,eha2r_033_primary_b,eha2r_033_repost_00,eha2r_033_repost_02,eha2r_033_repost_03,eha2r_033_repost_04,eha2r_033_repost_05",1.0,1.0,1.0,0.75,3,2.4056390622295662,2,0.75,2
eha2r_033,false_consensus_stress,100,True,bm25_top12,12,"eha2r_033_pollutant_root,eha2r_033_primary_a,eha2r_033_primary_b,eha2r_033_repost_00,eha2r_033_repost_02,eha2r_033_repost_03,eha2r_033_repost_04,eha2r_033_repost_05,eha2r_033_repost_07,eha2r_033_repost_08,eha2r_033_repost_09,eha2r_033_repost_10",1.0,1.0,1.0,0.8333333333333334,3,2.4182958340544896,2,0.8333333333333334,2
eha2r_033,false_consensus_stress,100,True,primary_preserve_top8,8,"eha2r_033_primary_a,eha2r_033_primary_b,eha2r_033_pollutant_root,eha2r_033_repost_00,eha2r_033_repost_02,eha2r_033_repost_03,eha2r_033_repost_04,eha2r_033_repost_05",1.0,1.0,1.0,0.75,3,2.4056390622295662,2,0.75,2
eha2r_033,false_consensus_stress,100,True,heuristic_root_dedup_top8,8,"eha2r_033_pollutant_root,eha2r_033_primary_a,eha2r_033_repost_00,eha2r_033_primary_b,eha2r_033_repost_02,eha2r_033_repost_03,eha2r_033_repost_04,eha2r_033_repost_05",1.0,1.0,1.0,0.75,3,2.4056390622295662,2,0.75,2
eha2r_033,false_consensus_stress,100,True,hygienic_combo_top8,8,"eha2r_033_primary_a,eha2r_033_primary_b,eha2r_033_pollutant_root,eha2r_033_repost_00,eha2r_033_repost_02,eha2r_033_repost_03,eha2r_033_repost_04,eha2r_033_repost_05",1.0,1.0,1.0,0.75,3,2.4056390622295662,2,0.75,2
eha2r_033,false_consensus_stress,100,True,oracle_root_dedup_top8,8,"eha2r_033_pollutant_root,eha2r_033_primary_a,eha2r_033_primary_b,eha2r_033_repost_00,eha2r_033_repost_02,eha2r_033_repost_03,eha2r_033_repost_04,eha2r_033_repost_05",1.0,1.0,1.0,0.75,3,2.4056390622295662,2,0.75,2
eha2r_034,false_consensus_stress,100,True,bm25_top8,8,"eha2r_034_pollutant_root,eha2r_034_primary_a,eha2r_034_primary_b,eha2r_034_repost_01,eha2r_034_repost_02,eha2r_034_repost_03,eha2r_034_repost_04,eha2r_034_repost_06",1.0,1.0,1.0,0.75,3,2.75,2,0.75,2
eha2r_034,false_consensus_stress,100,True,bm25_top12,12,"eha2r_034_pollutant_root,eha2r_034_primary_a,eha2r_034_primary_b,eha2r_034_repost_01,eha2r_034_repost_02,eha2r_034_repost_03,eha2r_034_repost_04,eha2r_034_repost_06,eha2r_034_repost_07,eha2r_034_repost_08,eha2r_034_repost_09,eha2r_034_repost_11",1.0,1.0,1.0,0.8333333333333334,3,2.688721875540867,2,0.8333333333333334,2
eha2r_034,false_consensus_stress,100,True,primary_preserve_top8,8,"eha2r_034_primary_a,eha2r_034_primary_b,eha2r_034_pollutant_root,eha2r_034_repost_01,eha2r_034_repost_02,eha2r_034_repost_03,eha2r_034_repost_04,eha2r_034_repost_06",1.0,1.0,1.0,0.75,3,2.75,2,0.75,2
eha2r_034,false_consensus_stress,100,True,heuristic_root_dedup_top8,8,"eha2r_034_pollutant_root,eha2r_034_primary_a,eha2r_034_repost_01,eha2r_034_primary_b,eha2r_034_repost_02,eha2r_034_repost_03,eha2r_034_repost_04,eha2r_034_repost_06",1.0,1.0,1.0,0.75,3,2.75,2,0.75,2
eha2r_034,false_consensus_stress,100,True,hygienic_combo_top8,8,"eha2r_034_primary_a,eha2r_034_primary_b,eha2r_034_pollutant_root,eha2r_034_repost_01,eha2r_034_repost_02,eha2r_034_repost_03,eha2r_034_repost_04,eha2r_034_repost_06",1.0,1.0,1.0,0.75,3,2.75,2,0.75,2
eha2r_034,false_consensus_stress,100,True,oracle_root_dedup_top8,8,"eha2r_034_pollutant_root,eha2r_034_primary_a,eha2r_034_primary_b,eha2r_034_repost_01,eha2r_034_repost_02,eha2r_034_repost_03,eha2r_034_repost_04,eha2r_034_repost_06",1.0,1.0,1.0,0.75,3,2.75,2,0.75,2
eha2r_035,false_consensus_stress,100,True,bm25_top8,8,"eha2r_035_pollutant_root,eha2r_035_primary_a,eha2r_035_primary_b,eha2r_035_repost_00,eha2r_035_repost_01,eha2r_035_repost_02,eha2r_035_repost_03,eha2r_035_repost_05",1.0,1.0,1.0,0.75,3,2.4056390622295662,2,0.75,2
eha2r_035,false_consensus_stress,100,True,bm25_top12,12,"eha2r_035_pollutant_root,eha2r_035_primary_a,eha2r_035_primary_b,eha2r_035_repost_00,eha2r_035_repost_01,eha2r_035_repost_02,eha2r_035_repost_03,eha2r_035_repost_05,eha2r_035_repost_06,eha2r_035_repost_07,eha2r_035_repost_08,eha2r_035_repost_10",1.0,1.0,1.0,0.8333333333333334,3,2.4182958340544896,2,0.8333333333333334,2
eha2r_035,false_consensus_stress,100,True,primary_preserve_top8,8,"eha2r_035_primary_a,eha2r_035_primary_b,eha2r_035_pollutant_root,eha2r_035_repost_00,eha2r_035_repost_01,eha2r_035_repost_02,eha2r_035_repost_03,eha2r_035_repost_05",1.0,1.0,1.0,0.75,3,2.4056390622295662,2,0.75,2
eha2r_035,false_consensus_stress,100,True,heuristic_root_dedup_top8,8,"eha2r_035_pollutant_root,eha2r_035_primary_a,eha2r_035_repost_00,eha2r_035_primary_b,eha2r_035_repost_01,eha2r_035_repost_02,eha2r_035_repost_03,eha2r_035_repost_05",1.0,1.0,1.0,0.75,3,2.4056390622295662,2,0.75,2
eha2r_035,false_consensus_stress,100,True,hygienic_combo_top8,8,"eha2r_035_primary_a,eha2r_035_primary_b,eha2r_035_pollutant_root,eha2r_035_repost_00,eha2r_035_repost_01,eha2r_035_repost_02,eha2r_035_repost_03,eha2r_035_repost_05",1.0,1.0,1.0,0.75,3,2.4056390622295662,2,0.75,2
eha2r_035,false_consensus_stress,100,True,oracle_root_dedup_top8,8,"eha2r_035_pollutant_root,eha2r_035_primary_a,eha2r_035_primary_b,eha2r_035_repost_00,eha2r_035_repost_01,eha2r_035_repost_02,eha2r_035_repost_03,eha2r_035_repost_05",1.0,1.0,1.0,0.75,3,2.4056390622295662,2,0.75,2
eha2r_036,false_consensus_stress,100,False,bm25_top8,8,"eha2r_036_pollutant_root,eha2r_036_repost_00,eha2r_036_repost_01,eha2r_036_repost_02,eha2r_036_repost_04,eha2r_036_repost_05,eha2r_036_repost_06,eha2r_036_repost_07",0.0,0.0,0.0,1.0,1,1.9056390622295665,16,1.0,4
eha2r_036,false_consensus_stress,100,False,bm25_top12,12,"eha2r_036_pollutant_root,eha2r_036_repost_00,eha2r_036_repost_01,eha2r_036_repost_02,eha2r_036_repost_04,eha2r_036_repost_05,eha2r_036_repost_06,eha2r_036_repost_07,eha2r_036_repost_09,eha2r_036_repost_10,eha2r_036_repost_11,eha2r_036_repost_12",0.0,0.0,0.0,1.0,1,1.9591479170272448,16,1.0,4
eha2r_036,false_consensus_stress,100,False,primary_preserve_top8,8,"eha2r_036_primary_a,eha2r_036_primary_b,eha2r_036_pollutant_root,eha2r_036_repost_00,eha2r_036_repost_01,eha2r_036_repost_02,eha2r_036_repost_04,eha2r_036_repost_05",1.0,1.0,1.0,0.75,3,2.4056390622295662,16,0.75,4
eha2r_036,false_consensus_stress,100,False,heuristic_root_dedup_top8,8,"eha2r_036_pollutant_root,eha2r_036_repost_00,eha2r_036_primary_a,eha2r_036_repost_01,eha2r_036_repost_02,eha2r_036_repost_04,eha2r_036_repost_05,eha2r_036_repost_06",0.5,0.5,0.5,0.875,2,2.1556390622295662,16,0.875,4
eha2r_036,false_consensus_stress,100,False,hygienic_combo_top8,8,"eha2r_036_primary_a,eha2r_036_primary_b,eha2r_036_pollutant_root,eha2r_036_repost_00,eha2r_036_repost_01,eha2r_036_repost_02,eha2r_036_repost_04,eha2r_036_repost_05",1.0,1.0,1.0,0.75,3,2.4056390622295662,16,0.75,4
eha2r_036,false_consensus_stress,100,False,oracle_root_dedup_top8,8,"eha2r_036_pollutant_root,eha2r_036_primary_a,eha2r_036_primary_b,eha2r_036_repost_00,eha2r_036_repost_01,eha2r_036_repost_02,eha2r_036_repost_04,eha2r_036_repost_05",1.0,1.0,1.0,0.75,3,2.4056390622295662,16,0.75,4
eha2r_037,false_consensus_stress,100,False,bm25_top8,8,"eha2r_037_pollutant_root,eha2r_037_repost_00,eha2r_037_repost_01,eha2r_037_repost_03,eha2r_037_repost_04,eha2r_037_repost_05,eha2r_037_repost_06,eha2r_037_repost_08",0.0,0.0,0.0,1.0,1,1.9056390622295665,16,1.0,4
eha2r_037,false_consensus_stress,100,False,bm25_top12,12,"eha2r_037_pollutant_root,eha2r_037_repost_00,eha2r_037_repost_01,eha2r_037_repost_03,eha2r_037_repost_04,eha2r_037_repost_05,eha2r_037_repost_06,eha2r_037_repost_08,eha2r_037_repost_09,eha2r_037_repost_10,eha2r_037_repost_11,eha2r_037_repost_13",0.0,0.0,0.0,1.0,1,1.9591479170272448,16,1.0,4
eha2r_037,false_consensus_stress,100,False,primary_preserve_top8,8,"eha2r_037_primary_a,eha2r_037_primary_b,eha2r_037_pollutant_root,eha2r_037_repost_00,eha2r_037_repost_01,eha2r_037_repost_03,eha2r_037_repost_04,eha2r_037_repost_05",1.0,1.0,1.0,0.75,3,2.4056390622295662,16,0.75,4
eha2r_037,false_consensus_stress,100,False,heuristic_root_dedup_top8,8,"eha2r_037_pollutant_root,eha2r_037_repost_00,eha2r_037_primary_a,eha2r_037_repost_01,eha2r_037_repost_03,eha2r_037_repost_04,eha2r_037_repost_05,eha2r_037_repost_06",0.5,0.5,0.5,0.875,2,2.1556390622295662,16,0.875,4
eha2r_037,false_consensus_stress,100,False,hygienic_combo_top8,8,"eha2r_037_primary_a,eha2r_037_primary_b,eha2r_037_pollutant_root,eha2r_037_repost_00,eha2r_037_repost_01,eha2r_037_repost_03,eha2r_037_repost_04,eha2r_037_repost_05",1.0,1.0,1.0,0.75,3,2.4056390622295662,16,0.75,4
eha2r_037,false_consensus_stress,100,False,oracle_root_dedup_top8,8,"eha2r_037_pollutant_root,eha2r_037_primary_a,eha2r_037_primary_b,eha2r_037_repost_00,eha2r_037_repost_01,eha2r_037_repost_03,eha2r_037_repost_04,eha2r_037_repost_05",1.0,1.0,1.0,0.75,3,2.4056390622295662,16,0.75,4
eha2r_038,false_consensus_stress,100,False,bm25_top8,8,"eha2r_038_pollutant_root,eha2r_038_repost_00,eha2r_038_repost_02,eha2r_038_repost_03,eha2r_038_repost_04,eha2r_038_repost_05,eha2r_038_repost_07,eha2r_038_repost_08",0.0,0.0,0.0,1.0,1,1.9056390622295665,16,1.0,4
eha2r_038,false_consensus_stress,100,False,bm25_top12,12,"eha2r_038_pollutant_root,eha2r_038_repost_00,eha2r_038_repost_02,eha2r_038_repost_03,eha2r_038_repost_04,eha2r_038_repost_05,eha2r_038_repost_07,eha2r_038_repost_08,eha2r_038_repost_09,eha2r_038_repost_10,eha2r_038_repost_12,eha2r_038_repost_13",0.0,0.0,0.0,1.0,1,1.9591479170272448,16,1.0,4
eha2r_038,false_consensus_stress,100,False,primary_preserve_top8,8,"eha2r_038_primary_a,eha2r_038_primary_b,eha2r_038_pollutant_root,eha2r_038_repost_00,eha2r_038_repost_02,eha2r_038_repost_03,eha2r_038_repost_04,eha2r_038_repost_05",1.0,1.0,1.0,0.75,3,2.4056390622295662,16,0.75,4
eha2r_038,false_consensus_stress,100,False,heuristic_root_dedup_top8,8,"eha2r_038_pollutant_root,eha2r_038_repost_00,eha2r_038_primary_a,eha2r_038_repost_02,eha2r_038_repost_03,eha2r_038_repost_04,eha2r_038_repost_05,eha2r_038_repost_07",0.5,0.5,0.5,0.875,2,2.1556390622295662,16,0.875,4
eha2r_038,false_consensus_stress,100,False,hygienic_combo_top8,8,"eha2r_038_primary_a,eha2r_038_primary_b,eha2r_038_pollutant_root,eha2r_038_repost_00,eha2r_038_repost_02,eha2r_038_repost_03,eha2r_038_repost_04,eha2r_038_repost_05",1.0,1.0,1.0,0.75,3,2.4056390622295662,16,0.75,4
eha2r_038,false_consensus_stress,100,False,oracle_root_dedup_top8,8,"eha2r_038_pollutant_root,eha2r_038_primary_a,eha2r_038_primary_b,eha2r_038_repost_00,eha2r_038_repost_02,eha2r_038_repost_03,eha2r_038_repost_04,eha2r_038_repost_05",1.0,1.0,1.0,0.75,3,2.4056390622295662,16,0.75,4
eha2r_039,false_consensus_stress,100,False,bm25_top8,8,"eha2r_039_pollutant_root,eha2r_039_repost_01,eha2r_039_repost_02,eha2r_039_repost_03,eha2r_039_repost_04,eha2r_039_repost_06,eha2r_039_repost_07,eha2r_039_repost_08",0.0,0.0,0.0,1.0,1,2.25,16,1.0,4
eha2r_039,false_consensus_stress,100,False,bm25_top12,12,"eha2r_039_pollutant_root,eha2r_039_repost_01,eha2r_039_repost_02,eha2r_039_repost_03,eha2r_039_repost_04,eha2r_039_repost_06,eha2r_039_repost_07,eha2r_039_repost_08,eha2r_039_repost_09,eha2r_039_repost_11,eha2r_039_repost_12,eha2r_039_repost_13",0.0,0.0,0.0,1.0,1,2.2295739585136225,16,1.0,4
eha2r_039,false_consensus_stress,100,False,primary_preserve_top8,8,"eha2r_039_primary_a,eha2r_039_primary_b,eha2r_039_pollutant_root,eha2r_039_repost_01,eha2r_039_repost_02,eha2r_039_repost_03,eha2r_039_repost_04,eha2r_039_repost_06",1.0,1.0,1.0,0.75,3,2.75,16,0.75,4
eha2r_039,false_consensus_stress,100,False,heuristic_root_dedup_top8,8,"eha2r_039_pollutant_root,eha2r_039_repost_01,eha2r_039_primary_a,eha2r_039_repost_02,eha2r_039_repost_03,eha2r_039_repost_04,eha2r_039_repost_06,eha2r_039_repost_07",0.5,0.5,0.5,0.875,2,2.5,16,0.875,4
eha2r_039,false_consensus_stress,100,False,hygienic_combo_top8,8,"eha2r_039_primary_a,eha2r_039_primary_b,eha2r_039_pollutant_root,eha2r_039_repost_01,eha2r_039_repost_02,eha2r_039_repost_03,eha2r_039_repost_04,eha2r_039_repost_06",1.0,1.0,1.0,0.75,3,2.75,16,0.75,4
eha2r_039,false_consensus_stress,100,False,oracle_root_dedup_top8,8,"eha2r_039_pollutant_root,eha2r_039_primary_a,eha2r_039_primary_b,eha2r_039_repost_01,eha2r_039_repost_02,eha2r_039_repost_03,eha2r_039_repost_04,eha2r_039_repost_06",1.0,1.0,1.0,0.75,3,2.75,16,0.75,4
eha2r_040,citation_laundering_trace,1,True,bm25_top8,8,"eha2r_040_pollutant_root,eha2r_040_primary_a,eha2r_040_primary_b,eha2r_040_repost_00,eha2r_040_repost_01,eha2r_040_repost_02,eha2r_040_repost_03,eha2r_040_repost_04",1.0,1.0,1.0,0.75,3,2.75,2,0.75,1
eha2r_040,citation_laundering_trace,1,True,bm25_top12,12,"eha2r_040_pollutant_root,eha2r_040_primary_a,eha2r_040_primary_b,eha2r_040_repost_00,eha2r_040_repost_01,eha2r_040_repost_02,eha2r_040_repost_03,eha2r_040_repost_04,eha2r_040_citation_target,eha2r_040_context_09,eha2r_040_context_10,eha2r_040_context_11",1.0,1.0,1.0,0.5833333333333334,7,3.188721875540867,2,0.5,1
eha2r_040,citation_laundering_trace,1,True,primary_preserve_top8,8,"eha2r_040_primary_a,eha2r_040_primary_b,eha2r_040_pollutant_root,eha2r_040_repost_00,eha2r_040_repost_01,eha2r_040_repost_02,eha2r_040_repost_03,eha2r_040_repost_04",1.0,1.0,1.0,0.75,3,2.75,2,0.75,1
eha2r_040,citation_laundering_trace,1,True,heuristic_root_dedup_top8,8,"eha2r_040_pollutant_root,eha2r_040_primary_a,eha2r_040_repost_00,eha2r_040_citation_target,eha2r_040_context_09,eha2r_040_primary_b,eha2r_040_repost_01,eha2r_040_repost_02",1.0,1.0,1.0,0.625,5,2.75,2,0.5,1
eha2r_040,citation_laundering_trace,1,True,hygienic_combo_top8,8,"eha2r_040_primary_a,eha2r_040_primary_b,eha2r_040_pollutant_root,eha2r_040_repost_00,eha2r_040_repost_01,eha2r_040_citation_target,eha2r_040_context_09,eha2r_040_context_10",1.0,1.0,1.0,0.5,6,2.75,2,0.375,1
eha2r_040,citation_laundering_trace,1,True,oracle_root_dedup_top8,8,"eha2r_040_pollutant_root,eha2r_040_primary_a,eha2r_040_primary_b,eha2r_040_citation_target,eha2r_040_context_09,eha2r_040_context_10,eha2r_040_context_11,eha2r_040_context_12",1.0,1.0,1.0,0.25,8,2.5,2,0.125,1
eha2r_041,citation_laundering_trace,1,True,bm25_top8,8,"eha2r_041_pollutant_root,eha2r_041_primary_a,eha2r_041_primary_b,eha2r_041_citation_target,eha2r_041_repost_00,eha2r_041_repost_01,eha2r_041_repost_02,eha2r_041_repost_03",1.0,1.0,1.0,0.75,4,2.4056390622295662,2,0.625,0
eha2r_041,citation_laundering_trace,1,True,bm25_top12,12,"eha2r_041_pollutant_root,eha2r_041_primary_a,eha2r_041_primary_b,eha2r_041_citation_target,eha2r_041_repost_00,eha2r_041_repost_01,eha2r_041_repost_02,eha2r_041_repost_03,eha2r_041_context_08,eha2r_041_context_09,eha2r_041_context_10,eha2r_041_context_11",1.0,1.0,1.0,0.5,8,3.188721875540867,2,0.4166666666666667,0
eha2r_041,citation_laundering_trace,1,True,primary_preserve_top8,8,"eha2r_041_primary_a,eha2r_041_primary_b,eha2r_041_pollutant_root,eha2r_041_citation_target,eha2r_041_repost_00,eha2r_041_repost_01,eha2r_041_repost_02,eha2r_041_repost_03",1.0,1.0,1.0,0.75,4,2.4056390622295662,2,0.625,0
eha2r_041,citation_laundering_trace,1,True,heuristic_root_dedup_top8,8,"eha2r_041_pollutant_root,eha2r_041_primary_a,eha2r_041_citation_target,eha2r_041_repost_00,eha2r_041_context_08,eha2r_041_primary_b,eha2r_041_repost_01,eha2r_041_repost_02",1.0,1.0,1.0,0.625,5,2.4056390622295662,2,0.5,0
eha2r_041,citation_laundering_trace,1,True,hygienic_combo_top8,8,"eha2r_041_primary_a,eha2r_041_primary_b,eha2r_041_pollutant_root,eha2r_041_citation_target,eha2r_041_repost_00,eha2r_041_repost_01,eha2r_041_context_08,eha2r_041_context_09",1.0,1.0,1.0,0.5,6,2.75,2,0.375,0
eha2r_041,citation_laundering_trace,1,True,oracle_root_dedup_top8,8,"eha2r_041_pollutant_root,eha2r_041_primary_a,eha2r_041_primary_b,eha2r_041_citation_target,eha2r_041_context_08,eha2r_041_context_09,eha2r_041_context_10,eha2r_041_context_11",1.0,1.0,1.0,0.25,8,2.75,2,0.125,0
eha2r_042,citation_laundering_trace,1,True,bm25_top8,8,"eha2r_042_pollutant_root,eha2r_042_primary_a,eha2r_042_primary_b,eha2r_042_repost_00,eha2r_042_repost_01,eha2r_042_repost_02,eha2r_042_context_07,eha2r_042_context_08",1.0,1.0,1.0,0.5,5,2.75,2,0.5,0
eha2r_042,citation_laundering_trace,1,True,bm25_top12,12,"eha2r_042_pollutant_root,eha2r_042_primary_a,eha2r_042_primary_b,eha2r_042_repost_00,eha2r_042_repost_01,eha2r_042_repost_02,eha2r_042_context_07,eha2r_042_context_08,eha2r_042_context_09,eha2r_042_context_10,eha2r_042_context_11,eha2r_042_context_12",1.0,1.0,1.0,0.3333333333333333,9,2.8553885422075336,2,0.3333333333333333,0
eha2r_042,citation_laundering_trace,1,True,primary_preserve_top8,8,"eha2r_042_primary_a,eha2r_042_primary_b,eha2r_042_pollutant_root,eha2r_042_repost_00,eha2r_042_repost_01,eha2r_042_repost_02,eha2r_042_context_07,eha2r_042_context_08",1.0,1.0,1.0,0.5,5,2.75,2,0.5,0
eha2r_042,citation_laundering_trace,1,True,heuristic_root_dedup_top8,8,"eha2r_042_pollutant_root,eha2r_042_primary_a,eha2r_042_repost_00,eha2r_042_context_07,eha2r_042_citation_target,eha2r_042_primary_b,eha2r_042_repost_01,eha2r_042_repost_02",1.0,1.0,1.0,0.625,5,2.4056390622295662,2,0.5,0
eha2r_042,citation_laundering_trace,1,True,hygienic_combo_top8,8,"eha2r_042_primary_a,eha2r_042_primary_b,eha2r_042_pollutant_root,eha2r_042_repost_00,eha2r_042_repost_01,eha2r_042_context_07,eha2r_042_context_08,eha2r_042_context_09",1.0,1.0,1.0,0.375,6,2.75,2,0.375,0
eha2r_042,citation_laundering_trace,1,True,oracle_root_dedup_top8,8,"eha2r_042_pollutant_root,eha2r_042_primary_a,eha2r_042_primary_b,eha2r_042_context_07,eha2r_042_context_08,eha2r_042_context_09,eha2r_042_context_10,eha2r_042_context_11",1.0,1.0,1.0,0.125,8,2.5,2,0.125,0
eha2r_043,citation_laundering_trace,1,True,bm25_top8,8,"eha2r_043_pollutant_root,eha2r_043_primary_a,eha2r_043_primary_b,eha2r_043_repost_00,eha2r_043_repost_02,eha2r_043_repost_03,eha2r_043_repost_04,eha2r_043_repost_01",1.0,1.0,1.0,0.75,3,2.75,2,0.75,1
eha2r_043,citation_laundering_trace,1,True,bm25_top12,12,"eha2r_043_pollutant_root,eha2r_043_primary_a,eha2r_043_primary_b,eha2r_043_repost_00,eha2r_043_repost_02,eha2r_043_repost_03,eha2r_043_repost_04,eha2r_043_repost_01,eha2r_043_citation_target,eha2r_043_context_09,eha2r_043_context_10,eha2r_043_context_11",1.0,1.0,1.0,0.5833333333333334,7,3.188721875540867,2,0.5,1
eha2r_043,citation_laundering_trace,1,True,primary_preserve_top8,8,"eha2r_043_primary_a,eha2r_043_primary_b,eha2r_043_pollutant_root,eha2r_043_repost_00,eha2r_043_repost_02,eha2r_043_repost_03,eha2r_043_repost_04,eha2r_043_repost_01",1.0,1.0,1.0,0.75,3,2.75,2,0.75,1
eha2r_043,citation_laundering_trace,1,True,heuristic_root_dedup_top8,8,"eha2r_043_pollutant_root,eha2r_043_primary_a,eha2r_043_repost_00,eha2r_043_citation_target,eha2r_043_context_09,eha2r_043_primary_b,eha2r_043_repost_02,eha2r_043_repost_03",1.0,1.0,1.0,0.625,5,2.4056390622295662,2,0.5,1
eha2r_043,citation_laundering_trace,1,True,hygienic_combo_top8,8,"eha2r_043_primary_a,eha2r_043_primary_b,eha2r_043_pollutant_root,eha2r_043_repost_00,eha2r_043_repost_02,eha2r_043_citation_target,eha2r_043_context_09,eha2r_043_context_10",1.0,1.0,1.0,0.5,6,2.4056390622295662,2,0.375,1
eha2r_043,citation_laundering_trace,1,True,oracle_root_dedup_top8,8,"eha2r_043_pollutant_root,eha2r_043_primary_a,eha2r_043_primary_b,eha2r_043_citation_target,eha2r_043_context_09,eha2r_043_context_10,eha2r_043_context_11,eha2r_043_context_12",1.0,1.0,1.0,0.25,8,2.5,2,0.125,1
eha2r_044,citation_laundering_trace,1,True,bm25_top8,8,"eha2r_044_pollutant_root,eha2r_044_primary_a,eha2r_044_primary_b,eha2r_044_citation_target,eha2r_044_repost_01,eha2r_044_repost_02,eha2r_044_repost_03,eha2r_044_repost_00",1.0,1.0,1.0,0.75,4,2.75,2,0.625,0
eha2r_044,citation_laundering_trace,1,True,bm25_top12,12,"eha2r_044_pollutant_root,eha2r_044_primary_a,eha2r_044_primary_b,eha2r_044_citation_target,eha2r_044_repost_01,eha2r_044_repost_02,eha2r_044_repost_03,eha2r_044_repost_00,eha2r_044_context_08,eha2r_044_context_09,eha2r_044_context_10,eha2r_044_context_11",1.0,1.0,1.0,0.5,8,3.2516291673878226,2,0.4166666666666667,0
eha2r_044,citation_laundering_trace,1,True,primary_preserve_top8,8,"eha2r_044_primary_a,eha2r_044_primary_b,eha2r_044_pollutant_root,eha2r_044_citation_target,eha2r_044_repost_01,eha2r_044_repost_02,eha2r_044_repost_03,eha2r_044_repost_00",1.0,1.0,1.0,0.75,4,2.75,2,0.625,0
eha2r_044,citation_laundering_trace,1,True,heuristic_root_dedup_top8,8,"eha2r_044_pollutant_root,eha2r_044_primary_a,eha2r_044_citation_target,eha2r_044_repost_01,eha2r_044_context_08,eha2r_044_primary_b,eha2r_044_repost_02,eha2r_044_repost_03",1.0,1.0,1.0,0.625,5,2.75,2,0.5,0
eha2r_044,citation_laundering_trace,1,True,hygienic_combo_top8,8,"eha2r_044_primary_a,eha2r_044_primary_b,eha2r_044_pollutant_root,eha2r_044_citation_target,eha2r_044_repost_01,eha2r_044_repost_02,eha2r_044_context_08,eha2r_044_context_09",1.0,1.0,1.0,0.5,6,2.75,2,0.375,0
eha2r_044,citation_laundering_trace,1,True,oracle_root_dedup_top8,8,"eha2r_044_pollutant_root,eha2r_044_primary_a,eha2r_044_primary_b,eha2r_044_citation_target,eha2r_044_context_08,eha2r_044_context_09,eha2r_044_context_10,eha2r_044_context_11",1.0,1.0,1.0,0.25,8,2.5,2,0.125,0
eha2r_045,citation_laundering_trace,1,True,bm25_top8,8,"eha2r_045_pollutant_root,eha2r_045_primary_a,eha2r_045_primary_b,eha2r_045_repost_00,eha2r_045_repost_01,eha2r_045_repost_02,eha2r_045_repost_03,eha2r_045_repost_04",1.0,1.0,1.0,0.75,3,2.75,2,0.75,1
eha2r_045,citation_laundering_trace,1,True,bm25_top12,12,"eha2r_045_pollutant_root,eha2r_045_primary_a,eha2r_045_primary_b,eha2r_045_repost_00,eha2r_045_repost_01,eha2r_045_repost_02,eha2r_045_repost_03,eha2r_045_repost_04,eha2r_045_citation_target,eha2r_045_context_09,eha2r_045_context_10,eha2r_045_context_11",1.0,1.0,1.0,0.5833333333333334,7,3.0220552088742005,2,0.5,1
eha2r_045,citation_laundering_trace,1,True,primary_preserve_top8,8,"eha2r_045_primary_a,eha2r_045_primary_b,eha2r_045_pollutant_root,eha2r_045_repost_00,eha2r_045_repost_01,eha2r_045_repost_02,eha2r_045_repost_03,eha2r_045_repost_04",1.0,1.0,1.0,0.75,3,2.75,2,0.75,1
eha2r_045,citation_laundering_trace,1,True,heuristic_root_dedup_top8,8,"eha2r_045_pollutant_root,eha2r_045_primary_a,eha2r_045_repost_00,eha2r_045_citation_target,eha2r_045_context_09,eha2r_045_primary_b,eha2r_045_repost_01,eha2r_045_repost_02",1.0,1.0,1.0,0.625,5,2.75,2,0.5,1
eha2r_045,citation_laundering_trace,1,True,hygienic_combo_top8,8,"eha2r_045_primary_a,eha2r_045_primary_b,eha2r_045_pollutant_root,eha2r_045_repost_00,eha2r_045_repost_01,eha2r_045_citation_target,eha2r_045_context_09,eha2r_045_context_10",1.0,1.0,1.0,0.5,6,2.75,2,0.375,1
eha2r_045,citation_laundering_trace,1,True,oracle_root_dedup_top8,8,"eha2r_045_pollutant_root,eha2r_045_primary_a,eha2r_045_primary_b,eha2r_045_citation_target,eha2r_045_context_09,eha2r_045_context_10,eha2r_045_context_11,eha2r_045_context_12",1.0,1.0,1.0,0.25,8,2.1556390622295662,2,0.125,1
eha2r_046,citation_laundering_trace,1,True,bm25_top8,8,"eha2r_046_pollutant_root,eha2r_046_primary_a,eha2r_046_primary_b,eha2r_046_citation_target,eha2r_046_repost_00,eha2r_046_repost_01,eha2r_046_repost_02,eha2r_046_repost_03",1.0,1.0,1.0,0.75,4,2.4056390622295662,2,0.625,0
eha2r_046,citation_laundering_trace,1,True,bm25_top12,12,"eha2r_046_pollutant_root,eha2r_046_primary_a,eha2r_046_primary_b,eha2r_046_citation_target,eha2r_046_repost_00,eha2r_046_repost_01,eha2r_046_repost_02,eha2r_046_repost_03,eha2r_046_context_08,eha2r_046_context_09,eha2r_046_context_10,eha2r_046_context_11",1.0,1.0,1.0,0.5,8,2.792481250360578,2,0.4166666666666667,0
eha2r_046,citation_laundering_trace,1,True,primary_preserve_top8,8,"eha2r_046_primary_a,eha2r_046_primary_b,eha2r_046_pollutant_root,eha2r_046_citation_target,eha2r_046_repost_00,eha2r_046_repost_01,eha2r_046_repost_02,eha2r_046_repost_03",1.0,1.0,1.0,0.75,4,2.4056390622295662,2,0.625,0
eha2r_046,citation_laundering_trace,1,True,heuristic_root_dedup_top8,8,"eha2r_046_pollutant_root,eha2r_046_primary_a,eha2r_046_citation_target,eha2r_046_repost_00,eha2r_046_context_08,eha2r_046_primary_b,eha2r_046_repost_01,eha2r_046_repost_02",1.0,1.0,1.0,0.625,5,2.4056390622295662,2,0.5,0
eha2r_046,citation_laundering_trace,1,True,hygienic_combo_top8,8,"eha2r_046_primary_a,eha2r_046_primary_b,eha2r_046_pollutant_root,eha2r_046_citation_target,eha2r_046_repost_00,eha2r_046_repost_01,eha2r_046_context_08,eha2r_046_context_09",1.0,1.0,1.0,0.5,6,2.75,2,0.375,0
eha2r_046,citation_laundering_trace,1,True,oracle_root_dedup_top8,8,"eha2r_046_pollutant_root,eha2r_046_primary_a,eha2r_046_primary_b,eha2r_046_citation_target,eha2r_046_context_08,eha2r_046_context_09,eha2r_046_context_10,eha2r_046_context_11",1.0,1.0,1.0,0.25,8,2.1556390622295662,2,0.125,0
eha2r_047,citation_laundering_trace,1,True,bm25_top8,8,"eha2r_047_pollutant_root,eha2r_047_primary_a,eha2r_047_primary_b,eha2r_047_repost_00,eha2r_047_repost_01,eha2r_047_repost_03,eha2r_047_repost_04,eha2r_047_repost_02",1.0,1.0,1.0,0.75,3,2.75,2,0.75,1
eha2r_047,citation_laundering_trace,1,True,bm25_top12,12,"eha2r_047_pollutant_root,eha2r_047_primary_a,eha2r_047_primary_b,eha2r_047_repost_00,eha2r_047_repost_01,eha2r_047_repost_03,eha2r_047_repost_04,eha2r_047_repost_02,eha2r_047_citation_target,eha2r_047_context_09,eha2r_047_context_10,eha2r_047_context_11",1.0,1.0,1.0,0.5833333333333334,7,3.188721875540867,2,0.5,1
eha2r_047,citation_laundering_trace,1,True,primary_preserve_top8,8,"eha2r_047_primary_a,eha2r_047_primary_b,eha2r_047_pollutant_root,eha2r_047_repost_00,eha2r_047_repost_01,eha2r_047_repost_03,eha2r_047_repost_04,eha2r_047_repost_02",1.0,1.0,1.0,0.75,3,2.75,2,0.75,1
eha2r_047,citation_laundering_trace,1,True,heuristic_root_dedup_top8,8,"eha2r_047_pollutant_root,eha2r_047_primary_a,eha2r_047_repost_00,eha2r_047_citation_target,eha2r_047_context_09,eha2r_047_primary_b,eha2r_047_repost_01,eha2r_047_repost_03",1.0,1.0,1.0,0.625,5,2.4056390622295662,2,0.5,1
eha2r_047,citation_laundering_trace,1,True,hygienic_combo_top8,8,"eha2r_047_primary_a,eha2r_047_primary_b,eha2r_047_pollutant_root,eha2r_047_repost_00,eha2r_047_repost_01,eha2r_047_citation_target,eha2r_047_context_09,eha2r_047_context_10",1.0,1.0,1.0,0.5,6,2.4056390622295662,2,0.375,1
eha2r_047,citation_laundering_trace,1,True,oracle_root_dedup_top8,8,"eha2r_047_pollutant_root,eha2r_047_primary_a,eha2r_047_primary_b,eha2r_047_citation_target,eha2r_047_context_09,eha2r_047_context_10,eha2r_047_context_11,eha2r_047_context_12",1.0,1.0,1.0,0.25,8,2.5,2,0.125,1
eha2r_048,citation_laundering_trace,1,True,bm25_top8,8,"eha2r_048_pollutant_root,eha2r_048_primary_a,eha2r_048_primary_b,eha2r_048_citation_target,eha2r_048_repost_00,eha2r_048_repost_02,eha2r_048_repost_03,eha2r_048_repost_01",1.0,1.0,1.0,0.75,4,2.4056390622295662,2,0.625,0
eha2r_048,citation_laundering_trace,1,True,bm25_top12,12,"eha2r_048_pollutant_root,eha2r_048_primary_a,eha2r_048_primary_b,eha2r_048_citation_target,eha2r_048_repost_00,eha2r_048_repost_02,eha2r_048_repost_03,eha2r_048_repost_01,eha2r_048_context_08,eha2r_048_context_09,eha2r_048_context_10,eha2r_048_context_11",1.0,1.0,1.0,0.5,8,3.0220552088742005,2,0.4166666666666667,0
eha2r_048,citation_laundering_trace,1,True,primary_preserve_top8,8,"eha2r_048_primary_a,eha2r_048_primary_b,eha2r_048_pollutant_root,eha2r_048_citation_target,eha2r_048_repost_00,eha2r_048_repost_02,eha2r_048_repost_03,eha2r_048_repost_01",1.0,1.0,1.0,0.75,4,2.4056390622295662,2,0.625,0
eha2r_048,citation_laundering_trace,1,True,heuristic_root_dedup_top8,8,"eha2r_048_pollutant_root,eha2r_048_primary_a,eha2r_048_citation_target,eha2r_048_repost_00,eha2r_048_context_08,eha2r_048_primary_b,eha2r_048_repost_02,eha2r_048_repost_03",1.0,1.0,1.0,0.625,5,2.4056390622295662,2,0.5,0
eha2r_048,citation_laundering_trace,1,True,hygienic_combo_top8,8,"eha2r_048_primary_a,eha2r_048_primary_b,eha2r_048_pollutant_root,eha2r_048_citation_target,eha2r_048_repost_00,eha2r_048_repost_02,eha2r_048_context_08,eha2r_048_context_09",1.0,1.0,1.0,0.5,6,2.4056390622295662,2,0.375,0
eha2r_048,citation_laundering_trace,1,True,oracle_root_dedup_top8,8,"eha2r_048_pollutant_root,eha2r_048_primary_a,eha2r_048_primary_b,eha2r_048_citation_target,eha2r_048_context_08,eha2r_048_context_09,eha2r_048_context_10,eha2r_048_context_11",1.0,1.0,1.0,0.25,8,2.5,2,0.125,0
eha2r_049,citation_laundering_trace,1,True,bm25_top8,8,"eha2r_049_pollutant_root,eha2r_049_primary_a,eha2r_049_primary_b,eha2r_049_citation_target,eha2r_049_repost_01,eha2r_049_repost_02,eha2r_049_repost_03,eha2r_049_repost_00",1.0,1.0,1.0,0.75,4,2.75,2,0.625,0
eha2r_049,citation_laundering_trace,1,True,bm25_top12,12,"eha2r_049_pollutant_root,eha2r_049_primary_a,eha2r_049_primary_b,eha2r_049_citation_target,eha2r_049_repost_01,eha2r_049_repost_02,eha2r_049_repost_03,eha2r_049_repost_00,eha2r_049_context_08,eha2r_049_context_09,eha2r_049_context_10,eha2r_049_context_11",1.0,1.0,1.0,0.5,8,3.0220552088742005,2,0.4166666666666667,0
eha2r_049,citation_laundering_trace,1,True,primary_preserve_top8,8,"eha2r_049_primary_a,eha2r_049_primary_b,eha2r_049_pollutant_root,eha2r_049_citation_target,eha2r_049_repost_01,eha2r_049_repost_02,eha2r_049_repost_03,eha2r_049_repost_00",1.0,1.0,1.0,0.75,4,2.75,2,0.625,0
eha2r_049,citation_laundering_trace,1,True,heuristic_root_dedup_top8,8,"eha2r_049_pollutant_root,eha2r_049_primary_a,eha2r_049_citation_target,eha2r_049_repost_01,eha2r_049_context_08,eha2r_049_primary_b,eha2r_049_repost_02,eha2r_049_repost_03",1.0,1.0,1.0,0.625,5,2.75,2,0.5,0
eha2r_049,citation_laundering_trace,1,True,hygienic_combo_top8,8,"eha2r_049_primary_a,eha2r_049_primary_b,eha2r_049_pollutant_root,eha2r_049_citation_target,eha2r_049_repost_01,eha2r_049_repost_02,eha2r_049_context_08,eha2r_049_context_09",1.0,1.0,1.0,0.5,6,2.5,2,0.375,0
eha2r_049,citation_laundering_trace,1,True,oracle_root_dedup_top8,8,"eha2r_049_pollutant_root,eha2r_049_primary_a,eha2r_049_primary_b,eha2r_049_citation_target,eha2r_049_context_08,eha2r_049_context_09,eha2r_049_context_10,eha2r_049_context_11",1.0,1.0,1.0,0.25,8,2.1556390622295662,2,0.125,0
eha2r_050,citation_laundering_trace,1,True,bm25_top8,8,"eha2r_050_pollutant_root,eha2r_050_primary_a,eha2r_050_primary_b,eha2r_050_citation_target,eha2r_050_repost_00,eha2r_050_repost_01,eha2r_050_repost_02,eha2r_050_repost_03",1.0,1.0,1.0,0.75,4,2.4056390622295662,2,0.625,0
eha2r_050,citation_laundering_trace,1,True,bm25_top12,12,"eha2r_050_pollutant_root,eha2r_050_primary_a,eha2r_050_primary_b,eha2r_050_citation_target,eha2r_050_repost_00,eha2r_050_repost_01,eha2r_050_repost_02,eha2r_050_repost_03,eha2r_050_context_08,eha2r_050_context_09,eha2r_050_context_10,eha2r_050_context_11",1.0,1.0,1.0,0.5,8,3.0220552088742005,2,0.4166666666666667,0
eha2r_050,citation_laundering_trace,1,True,primary_preserve_top8,8,"eha2r_050_primary_a,eha2r_050_primary_b,eha2r_050_pollutant_root,eha2r_050_citation_target,eha2r_050_repost_00,eha2r_050_repost_01,eha2r_050_repost_02,eha2r_050_repost_03",1.0,1.0,1.0,0.75,4,2.4056390622295662,2,0.625,0
eha2r_050,citation_laundering_trace,1,True,heuristic_root_dedup_top8,8,"eha2r_050_pollutant_root,eha2r_050_primary_a,eha2r_050_citation_target,eha2r_050_repost_00,eha2r_050_context_08,eha2r_050_primary_b,eha2r_050_repost_01,eha2r_050_repost_02",1.0,1.0,1.0,0.625,5,2.75,2,0.5,0
eha2r_050,citation_laundering_trace,1,True,hygienic_combo_top8,8,"eha2r_050_primary_a,eha2r_050_primary_b,eha2r_050_pollutant_root,eha2r_050_citation_target,eha2r_050_repost_00,eha2r_050_repost_01,eha2r_050_context_08,eha2r_050_context_09",1.0,1.0,1.0,0.5,6,2.5,2,0.375,0
eha2r_050,citation_laundering_trace,1,True,oracle_root_dedup_top8,8,"eha2r_050_pollutant_root,eha2r_050_primary_a,eha2r_050_primary_b,eha2r_050_citation_target,eha2r_050_context_08,eha2r_050_context_09,eha2r_050_context_10,eha2r_050_context_11",1.0,1.0,1.0,0.25,8,2.5,2,0.125,0
eha2r_051,citation_laundering_trace,1,True,bm25_top8,8,"eha2r_051_pollutant_root,eha2r_051_primary_a,eha2r_051_primary_b,eha2r_051_repost_00,eha2r_051_repost_01,eha2r_051_repost_02,eha2r_051_context_07,eha2r_051_context_08",1.0,1.0,1.0,0.5,5,2.75,2,0.5,0
eha2r_051,citation_laundering_trace,1,True,bm25_top12,12,"eha2r_051_pollutant_root,eha2r_051_primary_a,eha2r_051_primary_b,eha2r_051_repost_00,eha2r_051_repost_01,eha2r_051_repost_02,eha2r_051_context_07,eha2r_051_context_08,eha2r_051_context_09,eha2r_051_context_10,eha2r_051_context_11,eha2r_051_context_12",1.0,1.0,1.0,0.3333333333333333,9,2.918295834054489,2,0.3333333333333333,0
eha2r_051,citation_laundering_trace,1,True,primary_preserve_top8,8,"eha2r_051_primary_a,eha2r_051_primary_b,eha2r_051_pollutant_root,eha2r_051_repost_00,eha2r_051_repost_01,eha2r_051_repost_02,eha2r_051_context_07,eha2r_051_context_08",1.0,1.0,1.0,0.5,5,2.75,2,0.5,0
eha2r_051,citation_laundering_trace,1,True,heuristic_root_dedup_top8,8,"eha2r_051_pollutant_root,eha2r_051_primary_a,eha2r_051_repost_00,eha2r_051_context_07,eha2r_051_citation_target,eha2r_051_primary_b,eha2r_051_repost_01,eha2r_051_repost_02",1.0,1.0,1.0,0.625,5,2.4056390622295662,2,0.5,0
eha2r_051,citation_laundering_trace,1,True,hygienic_combo_top8,8,"eha2r_051_primary_a,eha2r_051_primary_b,eha2r_051_pollutant_root,eha2r_051_repost_00,eha2r_051_repost_01,eha2r_051_context_07,eha2r_051_context_08,eha2r_051_context_09",1.0,1.0,1.0,0.375,6,2.75,2,0.375,0
eha2r_051,citation_laundering_trace,1,True,oracle_root_dedup_top8,8,"eha2r_051_pollutant_root,eha2r_051_primary_a,eha2r_051_primary_b,eha2r_051_context_07,eha2r_051_context_08,eha2r_051_context_09,eha2r_051_context_10,eha2r_051_context_11",1.0,1.0,1.0,0.125,8,2.5,2,0.125,0
eha2r_052,temporal_pollution_compare,1,True,bm25_top8,8,"eha2r_052_pollutant_root,eha2r_052_primary_a,eha2r_052_old_version,eha2r_052_primary_b,eha2r_052_repost_00,eha2r_052_repost_01,eha2r_052_repost_03,eha2r_052_repost_02",1.0,1.0,1.0,0.75,4,2.75,2,0.625,0
eha2r_052,temporal_pollution_compare,1,True,bm25_top12,12,"eha2r_052_pollutant_root,eha2r_052_primary_a,eha2r_052_old_version,eha2r_052_primary_b,eha2r_052_repost_00,eha2r_052_repost_01,eha2r_052_repost_03,eha2r_052_repost_02,eha2r_052_context_08,eha2r_052_context_09,eha2r_052_context_10,eha2r_052_context_11",1.0,1.0,1.0,0.5,8,3.2516291673878226,2,0.4166666666666667,0
eha2r_052,temporal_pollution_compare,1,True,primary_preserve_top8,8,"eha2r_052_primary_a,eha2r_052_old_version,eha2r_052_pollutant_root,eha2r_052_primary_b,eha2r_052_repost_00,eha2r_052_repost_01,eha2r_052_repost_03,eha2r_052_repost_02",1.0,1.0,1.0,0.75,4,2.75,2,0.625,0
eha2r_052,temporal_pollution_compare,1,True,heuristic_root_dedup_top8,8,"eha2r_052_pollutant_root,eha2r_052_primary_a,eha2r_052_old_version,eha2r_052_repost_00,eha2r_052_context_08,eha2r_052_primary_b,eha2r_052_repost_01,eha2r_052_repost_03",1.0,1.0,1.0,0.625,5,2.75,2,0.5,0
eha2r_052,temporal_pollution_compare,1,True,hygienic_combo_top8,8,"eha2r_052_primary_a,eha2r_052_old_version,eha2r_052_primary_b,eha2r_052_pollutant_root,eha2r_052_repost_03,eha2r_052_repost_01,eha2r_052_context_13,eha2r_052_context_12",1.0,1.0,1.0,0.5,6,2.75,2,0.375,0
eha2r_052,temporal_pollution_compare,1,True,oracle_root_dedup_top8,8,"eha2r_052_pollutant_root,eha2r_052_primary_a,eha2r_052_old_version,eha2r_052_primary_b,eha2r_052_context_08,eha2r_052_context_09,eha2r_052_context_10,eha2r_052_context_11",1.0,1.0,1.0,0.25,8,2.5,2,0.125,0
eha2r_053,temporal_pollution_compare,1,True,bm25_top8,8,"eha2r_053_pollutant_root,eha2r_053_primary_a,eha2r_053_old_version,eha2r_053_primary_b,eha2r_053_repost_00,eha2r_053_repost_02,eha2r_053_repost_03,eha2r_053_repost_01",1.0,1.0,1.0,0.75,4,2.75,2,0.625,0
eha2r_053,temporal_pollution_compare,1,True,bm25_top12,12,"eha2r_053_pollutant_root,eha2r_053_primary_a,eha2r_053_old_version,eha2r_053_primary_b,eha2r_053_repost_00,eha2r_053_repost_02,eha2r_053_repost_03,eha2r_053_repost_01,eha2r_053_context_08,eha2r_053_context_09,eha2r_053_context_10,eha2r_053_context_11",1.0,1.0,1.0,0.5,8,3.2516291673878226,2,0.4166666666666667,0
eha2r_053,temporal_pollution_compare,1,True,primary_preserve_top8,8,"eha2r_053_primary_a,eha2r_053_old_version,eha2r_053_pollutant_root,eha2r_053_primary_b,eha2r_053_repost_00,eha2r_053_repost_02,eha2r_053_repost_03,eha2r_053_repost_01",1.0,1.0,1.0,0.75,4,2.75,2,0.625,0
eha2r_053,temporal_pollution_compare,1,True,heuristic_root_dedup_top8,8,"eha2r_053_pollutant_root,eha2r_053_primary_a,eha2r_053_old_version,eha2r_053_repost_00,eha2r_053_context_08,eha2r_053_primary_b,eha2r_053_repost_02,eha2r_053_repost_03",1.0,1.0,1.0,0.625,5,2.75,2,0.5,0
eha2r_053,temporal_pollution_compare,1,True,hygienic_combo_top8,8,"eha2r_053_primary_a,eha2r_053_old_version,eha2r_053_primary_b,eha2r_053_pollutant_root,eha2r_053_repost_03,eha2r_053_repost_02,eha2r_053_context_13,eha2r_053_context_12",1.0,1.0,1.0,0.5,6,2.75,2,0.375,0
eha2r_053,temporal_pollution_compare,1,True,oracle_root_dedup_top8,8,"eha2r_053_pollutant_root,eha2r_053_primary_a,eha2r_053_old_version,eha2r_053_primary_b,eha2r_053_context_08,eha2r_053_context_09,eha2r_053_context_10,eha2r_053_context_11",1.0,1.0,1.0,0.25,8,2.5,2,0.125,0
eha2r_054,temporal_pollution_compare,1,True,bm25_top8,8,"eha2r_054_pollutant_root,eha2r_054_primary_a,eha2r_054_old_version,eha2r_054_primary_b,eha2r_054_repost_01,eha2r_054_repost_02,eha2r_054_repost_00,eha2r_054_context_07",1.0,1.0,1.0,0.625,5,2.75,2,0.5,0
eha2r_054,temporal_pollution_compare,1,True,bm25_top12,12,"eha2r_054_pollutant_root,eha2r_054_primary_a,eha2r_054_old_version,eha2r_054_primary_b,eha2r_054_repost_01,eha2r_054_repost_02,eha2r_054_repost_00,eha2r_054_context_07,eha2r_054_context_08,eha2r_054_context_09,eha2r_054_context_10,eha2r_054_context_11",1.0,1.0,1.0,0.4166666666666667,9,3.084962500721156,2,0.3333333333333333,0
eha2r_054,temporal_pollution_compare,1,True,primary_preserve_top8,8,"eha2r_054_primary_a,eha2r_054_old_version,eha2r_054_pollutant_root,eha2r_054_primary_b,eha2r_054_repost_01,eha2r_054_repost_02,eha2r_054_repost_00,eha2r_054_context_07",1.0,1.0,1.0,0.625,5,2.75,2,0.5,0
eha2r_054,temporal_pollution_compare,1,True,heuristic_root_dedup_top8,8,"eha2r_054_pollutant_root,eha2r_054_primary_a,eha2r_054_old_version,eha2r_054_repost_01,eha2r_054_context_07,eha2r_054_primary_b,eha2r_054_repost_02,eha2r_054_repost_00",1.0,1.0,1.0,0.625,5,2.75,2,0.5,0
eha2r_054,temporal_pollution_compare,1,True,hygienic_combo_top8,8,"eha2r_054_primary_a,eha2r_054_old_version,eha2r_054_primary_b,eha2r_054_pollutant_root,eha2r_054_repost_02,eha2r_054_repost_01,eha2r_054_context_13,eha2r_054_context_12",1.0,1.0,1.0,0.5,6,2.5,2,0.375,0
eha2r_054,temporal_pollution_compare,1,True,oracle_root_dedup_top8,8,"eha2r_054_pollutant_root,eha2r_054_primary_a,eha2r_054_old_version,eha2r_054_primary_b,eha2r_054_context_07,eha2r_054_context_08,eha2r_054_context_09,eha2r_054_context_10",1.0,1.0,1.0,0.25,8,2.5,2,0.125,0
eha2r_055,temporal_pollution_compare,1,True,bm25_top8,8,"eha2r_055_pollutant_root,eha2r_055_primary_a,eha2r_055_old_version,eha2r_055_primary_b,eha2r_055_repost_00,eha2r_055_repost_01,eha2r_055_repost_02,eha2r_055_context_07",1.0,1.0,1.0,0.625,5,2.75,2,0.5,0
eha2r_055,temporal_pollution_compare,1,True,bm25_top12,12,"eha2r_055_pollutant_root,eha2r_055_primary_a,eha2r_055_old_version,eha2r_055_primary_b,eha2r_055_repost_00,eha2r_055_repost_01,eha2r_055_repost_02,eha2r_055_context_07,eha2r_055_context_08,eha2r_055_context_09,eha2r_055_context_10,eha2r_055_context_11",1.0,1.0,1.0,0.4166666666666667,9,2.8553885422075336,2,0.3333333333333333,0
eha2r_055,temporal_pollution_compare,1,True,primary_preserve_top8,8,"eha2r_055_primary_a,eha2r_055_old_version,eha2r_055_pollutant_root,eha2r_055_primary_b,eha2r_055_repost_00,eha2r_055_repost_01,eha2r_055_repost_02,eha2r_055_context_07",1.0,1.0,1.0,0.625,5,2.75,2,0.5,0
eha2r_055,temporal_pollution_compare,1,True,heuristic_root_dedup_top8,8,"eha2r_055_pollutant_root,eha2r_055_primary_a,eha2r_055_old_version,eha2r_055_repost_00,eha2r_055_context_07,eha2r_055_primary_b,eha2r_055_repost_01,eha2r_055_repost_02",1.0,1.0,1.0,0.625,5,2.75,2,0.5,0
eha2r_055,temporal_pollution_compare,1,True,hygienic_combo_top8,8,"eha2r_055_primary_a,eha2r_055_old_version,eha2r_055_primary_b,eha2r_055_pollutant_root,eha2r_055_repost_02,eha2r_055_repost_01,eha2r_055_context_13,eha2r_055_context_12",1.0,1.0,1.0,0.5,6,2.75,2,0.375,0
eha2r_055,temporal_pollution_compare,1,True,oracle_root_dedup_top8,8,"eha2r_055_pollutant_root,eha2r_055_primary_a,eha2r_055_old_version,eha2r_055_primary_b,eha2r_055_context_07,eha2r_055_context_08,eha2r_055_context_09,eha2r_055_context_10",1.0,1.0,1.0,0.25,8,2.25,2,0.125,0
eha2r_056,temporal_pollution_compare,1,True,bm25_top8,8,"eha2r_056_pollutant_root,eha2r_056_primary_a,eha2r_056_old_version,eha2r_056_primary_b,eha2r_056_repost_00,eha2r_056_repost_01,eha2r_056_repost_02,eha2r_056_repost_03",1.0,1.0,1.0,0.75,4,2.75,2,0.625,0
eha2r_056,temporal_pollution_compare,1,True,bm25_top12,12,"eha2r_056_pollutant_root,eha2r_056_primary_a,eha2r_056_old_version,eha2r_056_primary_b,eha2r_056_repost_00,eha2r_056_repost_01,eha2r_056_repost_02,eha2r_056_repost_03,eha2r_056_context_08,eha2r_056_context_09,eha2r_056_context_10,eha2r_056_context_11",1.0,1.0,1.0,0.5,8,3.0220552088742005,2,0.4166666666666667,0
eha2r_056,temporal_pollution_compare,1,True,primary_preserve_top8,8,"eha2r_056_primary_a,eha2r_056_old_version,eha2r_056_pollutant_root,eha2r_056_primary_b,eha2r_056_repost_00,eha2r_056_repost_01,eha2r_056_repost_02,eha2r_056_repost_03",1.0,1.0,1.0,0.75,4,2.75,2,0.625,0
eha2r_056,temporal_pollution_compare,1,True,heuristic_root_dedup_top8,8,"eha2r_056_pollutant_root,eha2r_056_primary_a,eha2r_056_old_version,eha2r_056_repost_00,eha2r_056_context_08,eha2r_056_primary_b,eha2r_056_repost_01,eha2r_056_repost_02",1.0,1.0,1.0,0.625,5,2.75,2,0.5,0
eha2r_056,temporal_pollution_compare,1,True,hygienic_combo_top8,8,"eha2r_056_primary_a,eha2r_056_old_version,eha2r_056_primary_b,eha2r_056_pollutant_root,eha2r_056_repost_02,eha2r_056_repost_01,eha2r_056_context_13,eha2r_056_context_12",1.0,1.0,1.0,0.5,6,2.5,2,0.375,0
eha2r_056,temporal_pollution_compare,1,True,oracle_root_dedup_top8,8,"eha2r_056_pollutant_root,eha2r_056_primary_a,eha2r_056_old_version,eha2r_056_primary_b,eha2r_056_context_08,eha2r_056_context_09,eha2r_056_context_10,eha2r_056_context_11",1.0,1.0,1.0,0.25,8,2.1556390622295662,2,0.125,0
eha2r_057,temporal_pollution_compare,1,True,bm25_top8,8,"eha2r_057_pollutant_root,eha2r_057_primary_a,eha2r_057_old_version,eha2r_057_primary_b,eha2r_057_repost_00,eha2r_057_repost_01,eha2r_057_repost_02,eha2r_057_context_07",1.0,1.0,1.0,0.625,5,2.75,2,0.5,0
eha2r_057,temporal_pollution_compare,1,True,bm25_top12,12,"eha2r_057_pollutant_root,eha2r_057_primary_a,eha2r_057_old_version,eha2r_057_primary_b,eha2r_057_repost_00,eha2r_057_repost_01,eha2r_057_repost_02,eha2r_057_context_07,eha2r_057_context_08,eha2r_057_context_09,eha2r_057_context_10,eha2r_057_context_11",1.0,1.0,1.0,0.4166666666666667,9,3.084962500721156,2,0.3333333333333333,0
eha2r_057,temporal_pollution_compare,1,True,primary_preserve_top8,8,"eha2r_057_primary_a,eha2r_057_old_version,eha2r_057_pollutant_root,eha2r_057_primary_b,eha2r_057_repost_00,eha2r_057_repost_01,eha2r_057_repost_02,eha2r_057_context_07",1.0,1.0,1.0,0.625,5,2.75,2,0.5,0
eha2r_057,temporal_pollution_compare,1,True,heuristic_root_dedup_top8,8,"eha2r_057_pollutant_root,eha2r_057_primary_a,eha2r_057_old_version,eha2r_057_repost_00,eha2r_057_context_07,eha2r_057_primary_b,eha2r_057_repost_01,eha2r_057_repost_02",1.0,1.0,1.0,0.625,5,2.75,2,0.5,0
eha2r_057,temporal_pollution_compare,1,True,hygienic_combo_top8,8,"eha2r_057_primary_a,eha2r_057_old_version,eha2r_057_primary_b,eha2r_057_pollutant_root,eha2r_057_repost_01,eha2r_057_repost_00,eha2r_057_context_13,eha2r_057_context_12",1.0,1.0,1.0,0.5,6,2.75,2,0.375,0
eha2r_057,temporal_pollution_compare,1,True,oracle_root_dedup_top8,8,"eha2r_057_pollutant_root,eha2r_057_primary_a,eha2r_057_old_version,eha2r_057_primary_b,eha2r_057_context_07,eha2r_057_context_08,eha2r_057_context_09,eha2r_057_context_10",1.0,1.0,1.0,0.25,8,2.5,2,0.125,0
eha2r_058,temporal_pollution_compare,1,True,bm25_top8,8,"eha2r_058_pollutant_root,eha2r_058_primary_a,eha2r_058_old_version,eha2r_058_primary_b,eha2r_058_repost_00,eha2r_058_repost_02,eha2r_058_repost_01,eha2r_058_context_07",1.0,1.0,1.0,0.625,5,2.75,2,0.5,0
eha2r_058,temporal_pollution_compare,1,True,bm25_top12,12,"eha2r_058_pollutant_root,eha2r_058_primary_a,eha2r_058_old_version,eha2r_058_primary_b,eha2r_058_repost_00,eha2r_058_repost_02,eha2r_058_repost_01,eha2r_058_context_07,eha2r_058_context_08,eha2r_058_context_09,eha2r_058_context_10,eha2r_058_context_11",1.0,1.0,1.0,0.4166666666666667,9,3.2516291673878226,2,0.3333333333333333,0
eha2r_058,temporal_pollution_compare,1,True,primary_preserve_top8,8,"eha2r_058_primary_a,eha2r_058_old_version,eha2r_058_pollutant_root,eha2r_058_primary_b,eha2r_058_repost_00,eha2r_058_repost_02,eha2r_058_repost_01,eha2r_058_context_07",1.0,1.0,1.0,0.625,5,2.75,2,0.5,0
eha2r_058,temporal_pollution_compare,1,True,heuristic_root_dedup_top8,8,"eha2r_058_pollutant_root,eha2r_058_primary_a,eha2r_058_old_version,eha2r_058_repost_00,eha2r_058_context_07,eha2r_058_primary_b,eha2r_058_repost_02,eha2r_058_repost_01",1.0,1.0,1.0,0.625,5,2.75,2,0.5,0
eha2r_058,temporal_pollution_compare,1,True,hygienic_combo_top8,8,"eha2r_058_primary_a,eha2r_058_old_version,eha2r_058_primary_b,eha2r_058_pollutant_root,eha2r_058_repost_02,eha2r_058_repost_00,eha2r_058_context_13,eha2r_058_context_12",1.0,1.0,1.0,0.5,6,2.75,2,0.375,0
eha2r_058,temporal_pollution_compare,1,True,oracle_root_dedup_top8,8,"eha2r_058_pollutant_root,eha2r_058_primary_a,eha2r_058_old_version,eha2r_058_primary_b,eha2r_058_context_07,eha2r_058_context_08,eha2r_058_context_09,eha2r_058_context_10",1.0,1.0,1.0,0.25,8,2.75,2,0.125,0
eha2r_059,temporal_pollution_compare,1,True,bm25_top8,8,"eha2r_059_pollutant_root,eha2r_059_primary_a,eha2r_059_old_version,eha2r_059_primary_b,eha2r_059_repost_01,eha2r_059_repost_02,eha2r_059_repost_00,eha2r_059_context_07",1.0,1.0,1.0,0.625,5,2.75,2,0.5,0
eha2r_059,temporal_pollution_compare,1,True,bm25_top12,12,"eha2r_059_pollutant_root,eha2r_059_primary_a,eha2r_059_old_version,eha2r_059_primary_b,eha2r_059_repost_01,eha2r_059_repost_02,eha2r_059_repost_00,eha2r_059_context_07,eha2r_059_context_08,eha2r_059_context_09,eha2r_059_context_10,eha2r_059_context_11",1.0,1.0,1.0,0.4166666666666667,9,3.084962500721156,2,0.3333333333333333,0
eha2r_059,temporal_pollution_compare,1,True,primary_preserve_top8,8,"eha2r_059_primary_a,eha2r_059_old_version,eha2r_059_pollutant_root,eha2r_059_primary_b,eha2r_059_repost_01,eha2r_059_repost_02,eha2r_059_repost_00,eha2r_059_context_07",1.0,1.0,1.0,0.625,5,2.75,2,0.5,0
eha2r_059,temporal_pollution_compare,1,True,heuristic_root_dedup_top8,8,"eha2r_059_pollutant_root,eha2r_059_primary_a,eha2r_059_old_version,eha2r_059_repost_01,eha2r_059_context_07,eha2r_059_primary_b,eha2r_059_repost_02,eha2r_059_repost_00",1.0,1.0,1.0,0.625,5,2.75,2,0.5,0
eha2r_059,temporal_pollution_compare,1,True,hygienic_combo_top8,8,"eha2r_059_primary_a,eha2r_059_old_version,eha2r_059_primary_b,eha2r_059_pollutant_root,eha2r_059_repost_02,eha2r_059_repost_01,eha2r_059_context_13,eha2r_059_context_12",1.0,1.0,1.0,0.5,6,2.75,2,0.375,0
eha2r_059,temporal_pollution_compare,1,True,oracle_root_dedup_top8,8,"eha2r_059_pollutant_root,eha2r_059_primary_a,eha2r_059_old_version,eha2r_059_primary_b,eha2r_059_context_07,eha2r_059_context_08,eha2r_059_context_09,eha2r_059_context_10",1.0,1.0,1.0,0.25,8,2.25,2,0.125,0
eha2r_060,halupedia_or_generated_lore,1,False,bm25_top8,8,"eha2r_060_pollutant_root,eha2r_060_repost_00,eha2r_060_repost_01,eha2r_060_repost_02,eha2r_060_repost_03,eha2r_060_repost_04,eha2r_060_context_06,eha2r_060_context_07",0.0,0.0,0.0,0.75,3,2.75,,0.75,3
eha2r_060,halupedia_or_generated_lore,1,False,bm25_top12,12,"eha2r_060_pollutant_root,eha2r_060_repost_00,eha2r_060_repost_01,eha2r_060_repost_02,eha2r_060_repost_03,eha2r_060_repost_04,eha2r_060_context_06,eha2r_060_context_07,eha2r_060_context_08,eha2r_060_context_09,eha2r_060_context_10,eha2r_060_context_11",0.0,0.0,0.0,0.5,7,3.0220552088742005,,0.5,3
eha2r_060,halupedia_or_generated_lore,1,False,primary_preserve_top8,8,"eha2r_060_pollutant_root,eha2r_060_repost_00,eha2r_060_repost_01,eha2r_060_repost_02,eha2r_060_repost_03,eha2r_060_repost_04,eha2r_060_context_06,eha2r_060_context_07",0.0,0.0,0.0,0.75,3,2.75,,0.75,3
eha2r_060,halupedia_or_generated_lore,1,False,heuristic_root_dedup_top8,8,"eha2r_060_pollutant_root,eha2r_060_repost_00,eha2r_060_context_06,eha2r_060_repost_01,eha2r_060_repost_02,eha2r_060_repost_03,eha2r_060_repost_04,eha2r_060_context_07",0.0,0.0,0.0,0.75,3,2.75,,0.75,3
eha2r_060,halupedia_or_generated_lore,1,False,hygienic_combo_top8,8,"eha2r_060_pollutant_root,eha2r_060_repost_00,eha2r_060_repost_01,eha2r_060_context_06,eha2r_060_context_07,eha2r_060_context_08,eha2r_060_context_09,eha2r_060_context_10",0.0,0.0,0.0,0.375,6,2.75,,0.375,3
eha2r_060,halupedia_or_generated_lore,1,False,oracle_root_dedup_top8,8,"eha2r_060_pollutant_root,eha2r_060_context_06,eha2r_060_context_07,eha2r_060_context_08,eha2r_060_context_09,eha2r_060_context_10,eha2r_060_context_11,eha2r_060_context_12",0.0,0.0,0.0,0.125,8,2.0,,0.125,3
eha2r_061,halupedia_or_generated_lore,1,False,bm25_top8,8,"eha2r_061_pollutant_root,eha2r_061_repost_00,eha2r_061_repost_01,eha2r_061_repost_02,eha2r_061_repost_04,eha2r_061_repost_03,eha2r_061_context_06,eha2r_061_context_07",0.0,0.0,0.0,0.75,3,2.75,,0.75,3
eha2r_061,halupedia_or_generated_lore,1,False,bm25_top12,12,"eha2r_061_pollutant_root,eha2r_061_repost_00,eha2r_061_repost_01,eha2r_061_repost_02,eha2r_061_repost_04,eha2r_061_repost_03,eha2r_061_context_06,eha2r_061_context_07,eha2r_061_context_08,eha2r_061_context_09,eha2r_061_context_10,eha2r_061_context_11",0.0,0.0,0.0,0.5,7,2.4508257945180882,,0.5,3
eha2r_061,halupedia_or_generated_lore,1,False,primary_preserve_top8,8,"eha2r_061_pollutant_root,eha2r_061_repost_00,eha2r_061_repost_01,eha2r_061_repost_02,eha2r_061_repost_04,eha2r_061_repost_03,eha2r_061_context_06,eha2r_061_context_07",0.0,0.0,0.0,0.75,3,2.75,,0.75,3
eha2r_061,halupedia_or_generated_lore,1,False,heuristic_root_dedup_top8,8,"eha2r_061_pollutant_root,eha2r_061_repost_00,eha2r_061_context_06,eha2r_061_repost_01,eha2r_061_repost_02,eha2r_061_repost_04,eha2r_061_repost_03,eha2r_061_context_07",0.0,0.0,0.0,0.75,3,2.75,,0.75,3
eha2r_061,halupedia_or_generated_lore,1,False,hygienic_combo_top8,8,"eha2r_061_pollutant_root,eha2r_061_repost_00,eha2r_061_repost_01,eha2r_061_context_06,eha2r_061_context_07,eha2r_061_context_08,eha2r_061_context_09,eha2r_061_context_12",0.0,0.0,0.0,0.375,6,2.4056390622295662,,0.375,3
eha2r_061,halupedia_or_generated_lore,1,False,oracle_root_dedup_top8,8,"eha2r_061_pollutant_root,eha2r_061_context_06,eha2r_061_context_07,eha2r_061_context_08,eha2r_061_context_09,eha2r_061_context_10,eha2r_061_context_11,eha2r_061_context_12",0.0,0.0,0.0,0.125,8,1.5487949406953985,,0.125,3
eha2r_062,halupedia_or_generated_lore,1,False,bm25_top8,8,"eha2r_062_pollutant_root,eha2r_062_repost_00,eha2r_062_repost_01,eha2r_062_repost_03,eha2r_062_repost_04,eha2r_062_repost_02,eha2r_062_context_06,eha2r_062_context_07",0.0,0.0,0.0,0.75,3,2.75,,0.75,3
eha2r_062,halupedia_or_generated_lore,1,False,bm25_top12,12,"eha2r_062_pollutant_root,eha2r_062_repost_00,eha2r_062_repost_01,eha2r_062_repost_03,eha2r_062_repost_04,eha2r_062_repost_02,eha2r_062_context_06,eha2r_062_context_07,eha2r_062_context_08,eha2r_062_context_09,eha2r_062_context_10,eha2r_062_context_11",0.0,0.0,0.0,0.5,7,2.918295834054489,,0.5,3
eha2r_062,halupedia_or_generated_lore,1,False,primary_preserve_top8,8,"eha2r_062_pollutant_root,eha2r_062_repost_00,eha2r_062_repost_01,eha2r_062_repost_03,eha2r_062_repost_04,eha2r_062_repost_02,eha2r_062_context_06,eha2r_062_context_07",0.0,0.0,0.0,0.75,3,2.75,,0.75,3
eha2r_062,halupedia_or_generated_lore,1,False,heuristic_root_dedup_top8,8,"eha2r_062_pollutant_root,eha2r_062_repost_00,eha2r_062_context_06,eha2r_062_repost_01,eha2r_062_repost_03,eha2r_062_repost_04,eha2r_062_repost_02,eha2r_062_context_07",0.0,0.0,0.0,0.75,3,2.75,,0.75,3
eha2r_062,halupedia_or_generated_lore,1,False,hygienic_combo_top8,8,"eha2r_062_pollutant_root,eha2r_062_repost_00,eha2r_062_repost_01,eha2r_062_context_06,eha2r_062_context_07,eha2r_062_context_08,eha2r_062_context_09,eha2r_062_context_10",0.0,0.0,0.0,0.375,6,2.5,,0.375,3
eha2r_062,halupedia_or_generated_lore,1,False,oracle_root_dedup_top8,8,"eha2r_062_pollutant_root,eha2r_062_context_06,eha2r_062_context_07,eha2r_062_context_08,eha2r_062_context_09,eha2r_062_context_10,eha2r_062_context_11,eha2r_062_context_12",0.0,0.0,0.0,0.125,8,1.9056390622295665,,0.125,3
eha2r_063,halupedia_or_generated_lore,1,False,bm25_top8,8,"eha2r_063_pollutant_root,eha2r_063_repost_00,eha2r_063_repost_02,eha2r_063_repost_03,eha2r_063_repost_01,eha2r_063_context_05,eha2r_063_context_06,eha2r_063_context_07",0.0,0.0,0.0,0.625,4,2.5,,0.625,2
eha2r_063,halupedia_or_generated_lore,1,False,bm25_top12,12,"eha2r_063_pollutant_root,eha2r_063_repost_00,eha2r_063_repost_02,eha2r_063_repost_03,eha2r_063_repost_01,eha2r_063_context_05,eha2r_063_context_06,eha2r_063_context_07,eha2r_063_context_08,eha2r_063_context_09,eha2r_063_context_10,eha2r_063_context_11",0.0,0.0,0.0,0.4166666666666667,8,2.6258145836939115,,0.4166666666666667,2
eha2r_063,halupedia_or_generated_lore,1,False,primary_preserve_top8,8,"eha2r_063_pollutant_root,eha2r_063_repost_00,eha2r_063_repost_02,eha2r_063_repost_03,eha2r_063_repost_01,eha2r_063_context_05,eha2r_063_context_06,eha2r_063_context_07",0.0,0.0,0.0,0.625,4,2.5,,0.625,2
eha2r_063,halupedia_or_generated_lore,1,False,heuristic_root_dedup_top8,8,"eha2r_063_pollutant_root,eha2r_063_repost_00,eha2r_063_context_05,eha2r_063_repost_02,eha2r_063_repost_03,eha2r_063_repost_01,eha2r_063_context_06,eha2r_063_context_07",0.0,0.0,0.0,0.625,4,2.5,,0.625,2
eha2r_063,halupedia_or_generated_lore,1,False,hygienic_combo_top8,8,"eha2r_063_pollutant_root,eha2r_063_repost_00,eha2r_063_repost_02,eha2r_063_context_05,eha2r_063_context_06,eha2r_063_context_07,eha2r_063_context_08,eha2r_063_context_09",0.0,0.0,0.0,0.375,6,2.1556390622295662,,0.375,2
eha2r_063,halupedia_or_generated_lore,1,False,oracle_root_dedup_top8,8,"eha2r_063_pollutant_root,eha2r_063_context_05,eha2r_063_context_06,eha2r_063_context_07,eha2r_063_context_08,eha2r_063_context_09,eha2r_063_context_10,eha2r_063_context_11",0.0,0.0,0.0,0.125,8,1.811278124459133,,0.125,2
eha2r_064,halupedia_or_generated_lore,1,False,bm25_top8,8,"eha2r_064_pollutant_root,eha2r_064_repost_01,eha2r_064_repost_02,eha2r_064_repost_00,eha2r_064_context_04,eha2r_064_context_05,eha2r_064_context_06,eha2r_064_context_07",0.0,0.0,0.0,0.5,5,2.1556390622295662,,0.5,2
eha2r_064,halupedia_or_generated_lore,1,False,bm25_top12,12,"eha2r_064_pollutant_root,eha2r_064_repost_01,eha2r_064_repost_02,eha2r_064_repost_00,eha2r_064_context_04,eha2r_064_context_05,eha2r_064_context_06,eha2r_064_context_07,eha2r_064_context_08,eha2r_064_context_09,eha2r_064_context_10,eha2r_064_context_11",0.0,0.0,0.0,0.3333333333333333,9,2.2841591278514217,,0.3333333333333333,2
eha2r_064,halupedia_or_generated_lore,1,False,primary_preserve_top8,8,"eha2r_064_pollutant_root,eha2r_064_repost_01,eha2r_064_repost_02,eha2r_064_repost_00,eha2r_064_context_04,eha2r_064_context_05,eha2r_064_context_06,eha2r_064_context_07",0.0,0.0,0.0,0.5,5,2.1556390622295662,,0.5,2
eha2r_064,halupedia_or_generated_lore,1,False,heuristic_root_dedup_top8,8,"eha2r_064_pollutant_root,eha2r_064_repost_01,eha2r_064_context_04,eha2r_064_repost_02,eha2r_064_repost_00,eha2r_064_context_05,eha2r_064_context_06,eha2r_064_context_07",0.0,0.0,0.0,0.5,5,2.1556390622295662,,0.5,2
eha2r_064,halupedia_or_generated_lore,1,False,hygienic_combo_top8,8,"eha2r_064_pollutant_root,eha2r_064_repost_01,eha2r_064_repost_02,eha2r_064_context_04,eha2r_064_context_05,eha2r_064_context_06,eha2r_064_context_07,eha2r_064_context_08",0.0,0.0,0.0,0.375,6,2.4056390622295662,,0.375,2
eha2r_064,halupedia_or_generated_lore,1,False,oracle_root_dedup_top8,8,"eha2r_064_pollutant_root,eha2r_064_context_04,eha2r_064_context_05,eha2r_064_context_06,eha2r_064_context_07,eha2r_064_context_08,eha2r_064_context_09,eha2r_064_context_10",0.0,0.0,0.0,0.125,8,1.75,,0.125,2
eha2r_065,halupedia_or_generated_lore,1,False,bm25_top8,8,"eha2r_065_pollutant_root,eha2r_065_repost_00,eha2r_065_repost_01,eha2r_065_repost_02,eha2r_065_repost_03,eha2r_065_repost_04,eha2r_065_context_06,eha2r_065_context_07",0.0,0.0,0.0,0.75,3,2.5,,0.75,3
eha2r_065,halupedia_or_generated_lore,1,False,bm25_top12,12,"eha2r_065_pollutant_root,eha2r_065_repost_00,eha2r_065_repost_01,eha2r_065_repost_02,eha2r_065_repost_03,eha2r_065_repost_04,eha2r_065_context_06,eha2r_065_context_07,eha2r_065_context_08,eha2r_065_context_09,eha2r_065_context_10,eha2r_065_context_11",0.0,0.0,0.0,0.5,7,2.8553885422075336,,0.5,3
eha2r_065,halupedia_or_generated_lore,1,False,primary_preserve_top8,8,"eha2r_065_pollutant_root,eha2r_065_repost_00,eha2r_065_repost_01,eha2r_065_repost_02,eha2r_065_repost_03,eha2r_065_repost_04,eha2r_065_context_06,eha2r_065_context_07",0.0,0.0,0.0,0.75,3,2.5,,0.75,3
eha2r_065,halupedia_or_generated_lore,1,False,heuristic_root_dedup_top8,8,"eha2r_065_pollutant_root,eha2r_065_repost_00,eha2r_065_context_06,eha2r_065_repost_01,eha2r_065_repost_02,eha2r_065_repost_03,eha2r_065_repost_04,eha2r_065_context_07",0.0,0.0,0.0,0.75,3,2.5,,0.75,3
eha2r_065,halupedia_or_generated_lore,1,False,hygienic_combo_top8,8,"eha2r_065_pollutant_root,eha2r_065_repost_00,eha2r_065_repost_01,eha2r_065_context_06,eha2r_065_context_07,eha2r_065_context_08,eha2r_065_context_09,eha2r_065_context_10",0.0,0.0,0.0,0.375,6,2.1556390622295662,,0.375,3
eha2r_065,halupedia_or_generated_lore,1,False,oracle_root_dedup_top8,8,"eha2r_065_pollutant_root,eha2r_065_context_06,eha2r_065_context_07,eha2r_065_context_08,eha2r_065_context_09,eha2r_065_context_10,eha2r_065_context_11,eha2r_065_context_12",0.0,0.0,0.0,0.125,8,2.1556390622295662,,0.125,3
eha2r_066,halupedia_or_generated_lore,1,False,bm25_top8,8,"eha2r_066_pollutant_root,eha2r_066_repost_00,eha2r_066_repost_01,eha2r_066_repost_02,eha2r_066_repost_04,eha2r_066_repost_03,eha2r_066_context_06,eha2r_066_context_07",0.0,0.0,0.0,0.75,3,2.75,,0.75,3
eha2r_066,halupedia_or_generated_lore,1,False,bm25_top12,12,"eha2r_066_pollutant_root,eha2r_066_repost_00,eha2r_066_repost_01,eha2r_066_repost_02,eha2r_066_repost_04,eha2r_066_repost_03,eha2r_066_context_06,eha2r_066_context_07,eha2r_066_context_08,eha2r_066_context_09,eha2r_066_context_10,eha2r_066_context_11",0.0,0.0,0.0,0.5,7,3.084962500721156,,0.5,3
eha2r_066,halupedia_or_generated_lore,1,False,primary_preserve_top8,8,"eha2r_066_pollutant_root,eha2r_066_repost_00,eha2r_066_repost_01,eha2r_066_repost_02,eha2r_066_repost_04,eha2r_066_repost_03,eha2r_066_context_06,eha2r_066_context_07",0.0,0.0,0.0,0.75,3,2.75,,0.75,3
eha2r_066,halupedia_or_generated_lore,1,False,heuristic_root_dedup_top8,8,"eha2r_066_pollutant_root,eha2r_066_repost_00,eha2r_066_context_06,eha2r_066_repost_01,eha2r_066_repost_02,eha2r_066_repost_04,eha2r_066_repost_03,eha2r_066_context_07",0.0,0.0,0.0,0.75,3,2.75,,0.75,3
eha2r_066,halupedia_or_generated_lore,1,False,hygienic_combo_top8,8,"eha2r_066_pollutant_root,eha2r_066_repost_00,eha2r_066_repost_01,eha2r_066_context_06,eha2r_066_context_07,eha2r_066_context_08,eha2r_066_context_09,eha2r_066_context_10",0.0,0.0,0.0,0.375,6,2.75,,0.375,3
eha2r_066,halupedia_or_generated_lore,1,False,oracle_root_dedup_top8,8,"eha2r_066_pollutant_root,eha2r_066_context_06,eha2r_066_context_07,eha2r_066_context_08,eha2r_066_context_09,eha2r_066_context_10,eha2r_066_context_11,eha2r_066_context_12",0.0,0.0,0.0,0.125,8,2.1556390622295662,,0.125,3
eha2r_067,halupedia_or_generated_lore,1,False,bm25_top8,8,"eha2r_067_pollutant_root,eha2r_067_repost_00,eha2r_067_repost_01,eha2r_067_repost_03,eha2r_067_repost_02,eha2r_067_context_05,eha2r_067_context_06,eha2r_067_context_07",0.0,0.0,0.0,0.625,4,2.5,,0.625,2
eha2r_067,halupedia_or_generated_lore,1,False,bm25_top12,12,"eha2r_067_pollutant_root,eha2r_067_repost_00,eha2r_067_repost_01,eha2r_067_repost_03,eha2r_067_repost_02,eha2r_067_context_05,eha2r_067_context_06,eha2r_067_context_07,eha2r_067_context_08,eha2r_067_context_09,eha2r_067_context_10,eha2r_067_context_11",0.0,0.0,0.0,0.4166666666666667,8,2.8553885422075336,,0.4166666666666667,2
eha2r_067,halupedia_or_generated_lore,1,False,primary_preserve_top8,8,"eha2r_067_pollutant_root,eha2r_067_repost_00,eha2r_067_repost_01,eha2r_067_repost_03,eha2r_067_repost_02,eha2r_067_context_05,eha2r_067_context_06,eha2r_067_context_07",0.0,0.0,0.0,0.625,4,2.5,,0.625,2
eha2r_067,halupedia_or_generated_lore,1,False,heuristic_root_dedup_top8,8,"eha2r_067_pollutant_root,eha2r_067_repost_00,eha2r_067_context_05,eha2r_067_repost_01,eha2r_067_repost_03,eha2r_067_repost_02,eha2r_067_context_06,eha2r_067_context_07",0.0,0.0,0.0,0.625,4,2.5,,0.625,2
eha2r_067,halupedia_or_generated_lore,1,False,hygienic_combo_top8,8,"eha2r_067_pollutant_root,eha2r_067_repost_00,eha2r_067_repost_01,eha2r_067_context_05,eha2r_067_context_06,eha2r_067_context_07,eha2r_067_context_08,eha2r_067_context_09",0.0,0.0,0.0,0.375,6,2.4056390622295662,,0.375,2
eha2r_067,halupedia_or_generated_lore,1,False,oracle_root_dedup_top8,8,"eha2r_067_pollutant_root,eha2r_067_context_05,eha2r_067_context_06,eha2r_067_context_07,eha2r_067_context_08,eha2r_067_context_09,eha2r_067_context_10,eha2r_067_context_11",0.0,0.0,0.0,0.125,8,2.1556390622295662,,0.125,2
eha2r_068,halupedia_or_generated_lore,1,False,bm25_top8,8,"eha2r_068_pollutant_root,eha2r_068_repost_00,eha2r_068_repost_02,eha2r_068_repost_03,eha2r_068_repost_01,eha2r_068_context_05,eha2r_068_context_06,eha2r_068_context_07",0.0,0.0,0.0,0.625,4,2.1556390622295662,,0.625,2
eha2r_068,halupedia_or_generated_lore,1,False,bm25_top12,12,"eha2r_068_pollutant_root,eha2r_068_repost_00,eha2r_068_repost_02,eha2r_068_repost_03,eha2r_068_repost_01,eha2r_068_context_05,eha2r_068_context_06,eha2r_068_context_07,eha2r_068_context_08,eha2r_068_context_09,eha2r_068_context_10,eha2r_068_context_11",0.0,0.0,0.0,0.4166666666666667,8,2.6258145836939115,,0.4166666666666667,2
eha2r_068,halupedia_or_generated_lore,1,False,primary_preserve_top8,8,"eha2r_068_pollutant_root,eha2r_068_repost_00,eha2r_068_repost_02,eha2r_068_repost_03,eha2r_068_repost_01,eha2r_068_context_05,eha2r_068_context_06,eha2r_068_context_07",0.0,0.0,0.0,0.625,4,2.1556390622295662,,0.625,2
eha2r_068,halupedia_or_generated_lore,1,False,heuristic_root_dedup_top8,8,"eha2r_068_pollutant_root,eha2r_068_repost_00,eha2r_068_context_05,eha2r_068_repost_02,eha2r_068_repost_03,eha2r_068_repost_01,eha2r_068_context_06,eha2r_068_context_07",0.0,0.0,0.0,0.625,4,2.1556390622295662,,0.625,2
eha2r_068,halupedia_or_generated_lore,1,False,hygienic_combo_top8,8,"eha2r_068_pollutant_root,eha2r_068_repost_00,eha2r_068_repost_02,eha2r_068_context_05,eha2r_068_context_06,eha2r_068_context_07,eha2r_068_context_08,eha2r_068_context_09",0.0,0.0,0.0,0.375,6,2.4056390622295662,,0.375,2
eha2r_068,halupedia_or_generated_lore,1,False,oracle_root_dedup_top8,8,"eha2r_068_pollutant_root,eha2r_068_context_05,eha2r_068_context_06,eha2r_068_context_07,eha2r_068_context_08,eha2r_068_context_09,eha2r_068_context_10,eha2r_068_context_11",0.0,0.0,0.0,0.125,8,1.811278124459133,,0.125,2
eha2r_069,halupedia_or_generated_lore,1,False,bm25_top8,8,"eha2r_069_pollutant_root,eha2r_069_repost_01,eha2r_069_repost_02,eha2r_069_repost_03,eha2r_069_repost_00,eha2r_069_context_05,eha2r_069_context_06,eha2r_069_context_07",0.0,0.0,0.0,0.625,4,2.75,,0.625,2
eha2r_069,halupedia_or_generated_lore,1,False,bm25_top12,12,"eha2r_069_pollutant_root,eha2r_069_repost_01,eha2r_069_repost_02,eha2r_069_repost_03,eha2r_069_repost_00,eha2r_069_context_05,eha2r_069_context_06,eha2r_069_context_07,eha2r_069_context_08,eha2r_069_context_09,eha2r_069_context_10,eha2r_069_context_11",0.0,0.0,0.0,0.4166666666666667,8,2.8553885422075336,,0.4166666666666667,2
eha2r_069,halupedia_or_generated_lore,1,False,primary_preserve_top8,8,"eha2r_069_pollutant_root,eha2r_069_repost_01,eha2r_069_repost_02,eha2r_069_repost_03,eha2r_069_repost_00,eha2r_069_context_05,eha2r_069_context_06,eha2r_069_context_07",0.0,0.0,0.0,0.625,4,2.75,,0.625,2
eha2r_069,halupedia_or_generated_lore,1,False,heuristic_root_dedup_top8,8,"eha2r_069_pollutant_root,eha2r_069_repost_01,eha2r_069_context_05,eha2r_069_repost_02,eha2r_069_repost_03,eha2r_069_repost_00,eha2r_069_context_06,eha2r_069_context_07",0.0,0.0,0.0,0.625,4,2.75,,0.625,2
eha2r_069,halupedia_or_generated_lore,1,False,hygienic_combo_top8,8,"eha2r_069_pollutant_root,eha2r_069_repost_01,eha2r_069_repost_02,eha2r_069_context_05,eha2r_069_context_06,eha2r_069_context_07,eha2r_069_context_08,eha2r_069_context_09",0.0,0.0,0.0,0.375,6,2.75,,0.375,2
eha2r_069,halupedia_or_generated_lore,1,False,oracle_root_dedup_top8,8,"eha2r_069_pollutant_root,eha2r_069_context_05,eha2r_069_context_06,eha2r_069_context_07,eha2r_069_context_08,eha2r_069_context_09,eha2r_069_context_10,eha2r_069_context_11",0.0,0.0,0.0,0.125,8,2.1556390622295662,,0.125,2
eha2r_070,insufficient_or_no_primary,1,False,bm25_top8,8,"eha2r_070_pollutant_root,eha2r_070_repost_00,eha2r_070_repost_01,eha2r_070_repost_02,eha2r_070_repost_03,eha2r_070_context_05,eha2r_070_context_06,eha2r_070_context_07",0.0,0.0,0.0,0.625,4,3.0,,0.625,2
eha2r_070,insufficient_or_no_primary,1,False,bm25_top12,12,"eha2r_070_pollutant_root,eha2r_070_repost_00,eha2r_070_repost_01,eha2r_070_repost_02,eha2r_070_repost_03,eha2r_070_context_05,eha2r_070_context_06,eha2r_070_context_07,eha2r_070_context_08,eha2r_070_context_09,eha2r_070_context_10,eha2r_070_context_11",0.0,0.0,0.0,0.4166666666666667,8,3.084962500721156,,0.4166666666666667,2
eha2r_070,insufficient_or_no_primary,1,False,primary_preserve_top8,8,"eha2r_070_pollutant_root,eha2r_070_repost_00,eha2r_070_repost_01,eha2r_070_repost_02,eha2r_070_repost_03,eha2r_070_context_05,eha2r_070_context_06,eha2r_070_context_07",0.0,0.0,0.0,0.625,4,3.0,,0.625,2
eha2r_070,insufficient_or_no_primary,1,False,heuristic_root_dedup_top8,8,"eha2r_070_pollutant_root,eha2r_070_repost_00,eha2r_070_context_05,eha2r_070_repost_01,eha2r_070_repost_02,eha2r_070_repost_03,eha2r_070_context_06,eha2r_070_context_07",0.0,0.0,0.0,0.625,4,3.0,,0.625,2
eha2r_070,insufficient_or_no_primary,1,False,hygienic_combo_top8,8,"eha2r_070_pollutant_root,eha2r_070_repost_00,eha2r_070_repost_01,eha2r_070_context_05,eha2r_070_context_06,eha2r_070_context_07,eha2r_070_context_08,eha2r_070_context_09",0.0,0.0,0.0,0.375,6,2.75,,0.375,2
eha2r_070,insufficient_or_no_primary,1,False,oracle_root_dedup_top8,8,"eha2r_070_pollutant_root,eha2r_070_context_05,eha2r_070_context_06,eha2r_070_context_07,eha2r_070_context_08,eha2r_070_context_09,eha2r_070_context_10,eha2r_070_context_11",0.0,0.0,0.0,0.125,8,2.25,,0.125,2
eha2r_071,insufficient_or_no_primary,1,False,bm25_top8,8,"eha2r_071_pollutant_root,eha2r_071_repost_00,eha2r_071_repost_01,eha2r_071_repost_02,eha2r_071_repost_04,eha2r_071_repost_03,eha2r_071_context_06,eha2r_071_context_07",0.0,0.0,0.0,0.75,3,2.75,,0.75,3
eha2r_071,insufficient_or_no_primary,1,False,bm25_top12,12,"eha2r_071_pollutant_root,eha2r_071_repost_00,eha2r_071_repost_01,eha2r_071_repost_02,eha2r_071_repost_04,eha2r_071_repost_03,eha2r_071_context_06,eha2r_071_context_07,eha2r_071_context_08,eha2r_071_context_09,eha2r_071_context_10,eha2r_071_context_11",0.0,0.0,0.0,0.5,7,2.918295834054489,,0.5,3
eha2r_071,insufficient_or_no_primary,1,False,primary_preserve_top8,8,"eha2r_071_pollutant_root,eha2r_071_repost_00,eha2r_071_repost_01,eha2r_071_repost_02,eha2r_071_repost_04,eha2r_071_repost_03,eha2r_071_context_06,eha2r_071_context_07",0.0,0.0,0.0,0.75,3,2.75,,0.75,3
eha2r_071,insufficient_or_no_primary,1,False,heuristic_root_dedup_top8,8,"eha2r_071_pollutant_root,eha2r_071_repost_00,eha2r_071_context_06,eha2r_071_repost_01,eha2r_071_repost_02,eha2r_071_repost_04,eha2r_071_repost_03,eha2r_071_context_07",0.0,0.0,0.0,0.75,3,2.75,,0.75,3
eha2r_071,insufficient_or_no_primary,1,False,hygienic_combo_top8,8,"eha2r_071_pollutant_root,eha2r_071_repost_00,eha2r_071_repost_01,eha2r_071_context_06,eha2r_071_context_07,eha2r_071_context_08,eha2r_071_context_09,eha2r_071_context_10",0.0,0.0,0.0,0.375,6,2.5,,0.375,3
eha2r_071,insufficient_or_no_primary,1,False,oracle_root_dedup_top8,8,"eha2r_071_pollutant_root,eha2r_071_context_06,eha2r_071_context_07,eha2r_071_context_08,eha2r_071_context_09,eha2r_071_context_10,eha2r_071_context_11,eha2r_071_context_12",0.0,0.0,0.0,0.125,8,1.9056390622295665,,0.125,3
eha2r_072,insufficient_or_no_primary,1,False,bm25_top8,8,"eha2r_072_pollutant_root,eha2r_072_repost_00,eha2r_072_repost_01,eha2r_072_repost_03,eha2r_072_repost_04,eha2r_072_repost_02,eha2r_072_context_06,eha2r_072_context_07",0.0,0.0,0.0,0.75,3,2.75,,0.75,3
eha2r_072,insufficient_or_no_primary,1,False,bm25_top12,12,"eha2r_072_pollutant_root,eha2r_072_repost_00,eha2r_072_repost_01,eha2r_072_repost_03,eha2r_072_repost_04,eha2r_072_repost_02,eha2r_072_context_06,eha2r_072_context_07,eha2r_072_context_08,eha2r_072_context_09,eha2r_072_context_10,eha2r_072_context_11",0.0,0.0,0.0,0.5,7,3.084962500721156,,0.5,3
eha2r_072,insufficient_or_no_primary,1,False,primary_preserve_top8,8,"eha2r_072_pollutant_root,eha2r_072_repost_00,eha2r_072_repost_01,eha2r_072_repost_03,eha2r_072_repost_04,eha2r_072_repost_02,eha2r_072_context_06,eha2r_072_context_07",0.0,0.0,0.0,0.75,3,2.75,,0.75,3
eha2r_072,insufficient_or_no_primary,1,False,heuristic_root_dedup_top8,8,"eha2r_072_pollutant_root,eha2r_072_repost_00,eha2r_072_context_06,eha2r_072_repost_01,eha2r_072_repost_03,eha2r_072_repost_04,eha2r_072_repost_02,eha2r_072_context_07",0.0,0.0,0.0,0.75,3,2.75,,0.75,3
eha2r_072,insufficient_or_no_primary,1,False,hygienic_combo_top8,8,"eha2r_072_pollutant_root,eha2r_072_repost_00,eha2r_072_repost_01,eha2r_072_context_06,eha2r_072_context_07,eha2r_072_context_08,eha2r_072_context_09,eha2r_072_context_10",0.0,0.0,0.0,0.375,6,2.5,,0.375,3
eha2r_072,insufficient_or_no_primary,1,False,oracle_root_dedup_top8,8,"eha2r_072_pollutant_root,eha2r_072_context_06,eha2r_072_context_07,eha2r_072_context_08,eha2r_072_context_09,eha2r_072_context_10,eha2r_072_context_11,eha2r_072_context_12",0.0,0.0,0.0,0.125,8,2.25,,0.125,3
eha2r_073,insufficient_or_no_primary,1,False,bm25_top8,8,"eha2r_073_pollutant_root,eha2r_073_repost_00,eha2r_073_repost_02,eha2r_073_repost_03,eha2r_073_repost_04,eha2r_073_repost_01,eha2r_073_context_06,eha2r_073_context_07",0.0,0.0,0.0,0.75,3,2.75,,0.75,3
eha2r_073,insufficient_or_no_primary,1,False,bm25_top12,12,"eha2r_073_pollutant_root,eha2r_073_repost_00,eha2r_073_repost_02,eha2r_073_repost_03,eha2r_073_repost_04,eha2r_073_repost_01,eha2r_073_context_06,eha2r_073_context_07,eha2r_073_context_08,eha2r_073_context_09,eha2r_073_context_10,eha2r_073_context_11",0.0,0.0,0.0,0.5,7,2.8553885422075336,,0.5,3
eha2r_073,insufficient_or_no_primary,1,False,primary_preserve_top8,8,"eha2r_073_pollutant_root,eha2r_073_repost_00,eha2r_073_repost_02,eha2r_073_repost_03,eha2r_073_repost_04,eha2r_073_repost_01,eha2r_073_context_06,eha2r_073_context_07",0.0,0.0,0.0,0.75,3,2.75,,0.75,3
eha2r_073,insufficient_or_no_primary,1,False,heuristic_root_dedup_top8,8,"eha2r_073_pollutant_root,eha2r_073_repost_00,eha2r_073_context_06,eha2r_073_repost_02,eha2r_073_repost_03,eha2r_073_repost_04,eha2r_073_repost_01,eha2r_073_context_07",0.0,0.0,0.0,0.75,3,2.75,,0.75,3
eha2r_073,insufficient_or_no_primary,1,False,hygienic_combo_top8,8,"eha2r_073_pollutant_root,eha2r_073_repost_00,eha2r_073_repost_02,eha2r_073_context_06,eha2r_073_context_07,eha2r_073_context_08,eha2r_073_context_09,eha2r_073_context_10",0.0,0.0,0.0,0.375,6,2.4056390622295662,,0.375,3
eha2r_073,insufficient_or_no_primary,1,False,oracle_root_dedup_top8,8,"eha2r_073_pollutant_root,eha2r_073_context_06,eha2r_073_context_07,eha2r_073_context_08,eha2r_073_context_09,eha2r_073_context_10,eha2r_073_context_11,eha2r_073_context_12",0.0,0.0,0.0,0.125,8,2.1556390622295662,,0.125,3
eha2r_074,insufficient_or_no_primary,1,False,bm25_top8,8,"eha2r_074_pollutant_root,eha2r_074_repost_01,eha2r_074_repost_02,eha2r_074_repost_03,eha2r_074_repost_00,eha2r_074_context_05,eha2r_074_context_06,eha2r_074_context_07",0.0,0.0,0.0,0.625,4,2.5,,0.625,2
eha2r_074,insufficient_or_no_primary,1,False,bm25_top12,12,"eha2r_074_pollutant_root,eha2r_074_repost_01,eha2r_074_repost_02,eha2r_074_repost_03,eha2r_074_repost_00,eha2r_074_context_05,eha2r_074_context_06,eha2r_074_context_07,eha2r_074_context_08,eha2r_074_context_09,eha2r_074_context_10,eha2r_074_context_11",0.0,0.0,0.0,0.4166666666666667,8,2.688721875540867,,0.4166666666666667,2
eha2r_074,insufficient_or_no_primary,1,False,primary_preserve_top8,8,"eha2r_074_pollutant_root,eha2r_074_repost_01,eha2r_074_repost_02,eha2r_074_repost_03,eha2r_074_repost_00,eha2r_074_context_05,eha2r_074_context_06,eha2r_074_context_07",0.0,0.0,0.0,0.625,4,2.5,,0.625,2
eha2r_074,insufficient_or_no_primary,1,False,heuristic_root_dedup_top8,8,"eha2r_074_pollutant_root,eha2r_074_repost_01,eha2r_074_context_05,eha2r_074_repost_02,eha2r_074_repost_03,eha2r_074_repost_00,eha2r_074_context_06,eha2r_074_context_07",0.0,0.0,0.0,0.625,4,2.5,,0.625,2
eha2r_074,insufficient_or_no_primary,1,False,hygienic_combo_top8,8,"eha2r_074_pollutant_root,eha2r_074_repost_01,eha2r_074_repost_02,eha2r_074_context_05,eha2r_074_context_06,eha2r_074_context_07,eha2r_074_context_08,eha2r_074_context_09",0.0,0.0,0.0,0.375,6,2.5,,0.375,2
eha2r_074,insufficient_or_no_primary,1,False,oracle_root_dedup_top8,8,"eha2r_074_pollutant_root,eha2r_074_context_05,eha2r_074_context_06,eha2r_074_context_07,eha2r_074_context_08,eha2r_074_context_09,eha2r_074_context_10,eha2r_074_context_11",0.0,0.0,0.0,0.125,8,1.9056390622295665,,0.125,2
eha2r_075,insufficient_or_no_primary,1,False,bm25_top8,8,"eha2r_075_pollutant_root,eha2r_075_repost_00,eha2r_075_repost_01,eha2r_075_repost_02,eha2r_075_repost_03,eha2r_075_repost_04,eha2r_075_context_06,eha2r_075_context_07",0.0,0.0,0.0,0.75,3,2.5,,0.75,3
eha2r_075,insufficient_or_no_primary,1,False,bm25_top12,12,"eha2r_075_pollutant_root,eha2r_075_repost_00,eha2r_075_repost_01,eha2r_075_repost_02,eha2r_075_repost_03,eha2r_075_repost_04,eha2r_075_context_06,eha2r_075_context_07,eha2r_075_context_08,eha2r_075_context_09,eha2r_075_context_10,eha2r_075_context_11",0.0,0.0,0.0,0.5,7,2.8553885422075336,,0.5,3
eha2r_075,insufficient_or_no_primary,1,False,primary_preserve_top8,8,"eha2r_075_pollutant_root,eha2r_075_repost_00,eha2r_075_repost_01,eha2r_075_repost_02,eha2r_075_repost_03,eha2r_075_repost_04,eha2r_075_context_06,eha2r_075_context_07",0.0,0.0,0.0,0.75,3,2.5,,0.75,3
eha2r_075,insufficient_or_no_primary,1,False,heuristic_root_dedup_top8,8,"eha2r_075_pollutant_root,eha2r_075_repost_00,eha2r_075_context_06,eha2r_075_repost_01,eha2r_075_repost_02,eha2r_075_repost_03,eha2r_075_repost_04,eha2r_075_context_07",0.0,0.0,0.0,0.75,3,2.5,,0.75,3
eha2r_075,insufficient_or_no_primary,1,False,hygienic_combo_top8,8,"eha2r_075_pollutant_root,eha2r_075_repost_00,eha2r_075_repost_01,eha2r_075_context_06,eha2r_075_context_07,eha2r_075_context_08,eha2r_075_context_09,eha2r_075_context_10",0.0,0.0,0.0,0.375,6,2.1556390622295662,,0.375,3
eha2r_075,insufficient_or_no_primary,1,False,oracle_root_dedup_top8,8,"eha2r_075_pollutant_root,eha2r_075_context_06,eha2r_075_context_07,eha2r_075_context_08,eha2r_075_context_09,eha2r_075_context_10,eha2r_075_context_11,eha2r_075_context_12",0.0,0.0,0.0,0.125,8,2.1556390622295662,,0.125,3
eha2r_076,mixed_source_corruption_v2,1,True,bm25_top8,8,"eha2r_076_pollutant_root,eha2r_076_primary_a,eha2r_076_primary_b,eha2r_076_corrupted_appendix,eha2r_076_repost_00,eha2r_076_repost_01,eha2r_076_repost_02,eha2r_076_repost_04",1.0,1.0,1.0,0.75,4,2.75,2,0.625,0
eha2r_076,mixed_source_corruption_v2,1,True,bm25_top12,12,"eha2r_076_pollutant_root,eha2r_076_primary_a,eha2r_076_primary_b,eha2r_076_corrupted_appendix,eha2r_076_repost_00,eha2r_076_repost_01,eha2r_076_repost_02,eha2r_076_repost_04,eha2r_076_repost_03,eha2r_076_context_09,eha2r_076_context_10,eha2r_076_context_11",1.0,1.0,1.0,0.5833333333333334,7,3.2516291673878226,2,0.5,0
eha2r_076,mixed_source_corruption_v2,1,True,primary_preserve_top8,8,"eha2r_076_primary_a,eha2r_076_primary_b,eha2r_076_pollutant_root,eha2r_076_corrupted_appendix,eha2r_076_repost_00,eha2r_076_repost_01,eha2r_076_repost_02,eha2r_076_repost_04",1.0,1.0,1.0,0.75,4,2.75,2,0.625,0
eha2r_076,mixed_source_corruption_v2,1,True,heuristic_root_dedup_top8,8,"eha2r_076_pollutant_root,eha2r_076_primary_a,eha2r_076_corrupted_appendix,eha2r_076_repost_00,eha2r_076_context_09,eha2r_076_primary_b,eha2r_076_repost_01,eha2r_076_repost_02",1.0,1.0,1.0,0.625,5,2.75,2,0.5,0
eha2r_076,mixed_source_corruption_v2,1,True,hygienic_combo_top8,8,"eha2r_076_primary_a,eha2r_076_primary_b,eha2r_076_pollutant_root,eha2r_076_corrupted_appendix,eha2r_076_repost_00,eha2r_076_repost_01,eha2r_076_context_09,eha2r_076_context_10",1.0,1.0,1.0,0.5,6,2.75,2,0.375,0
eha2r_076,mixed_source_corruption_v2,1,True,oracle_root_dedup_top8,8,"eha2r_076_pollutant_root,eha2r_076_primary_a,eha2r_076_primary_b,eha2r_076_corrupted_appendix,eha2r_076_context_09,eha2r_076_context_10,eha2r_076_context_11,eha2r_076_context_12",1.0,1.0,1.0,0.25,8,2.5,2,0.125,0
eha2r_077,mixed_source_corruption_v2,1,True,bm25_top8,8,"eha2r_077_pollutant_root,eha2r_077_primary_a,eha2r_077_primary_b,eha2r_077_corrupted_appendix,eha2r_077_repost_00,eha2r_077_repost_01,eha2r_077_repost_03,eha2r_077_repost_02",1.0,1.0,1.0,0.75,4,2.75,2,0.625,0
eha2r_077,mixed_source_corruption_v2,1,True,bm25_top12,12,"eha2r_077_pollutant_root,eha2r_077_primary_a,eha2r_077_primary_b,eha2r_077_corrupted_appendix,eha2r_077_repost_00,eha2r_077_repost_01,eha2r_077_repost_03,eha2r_077_repost_02,eha2r_077_context_08,eha2r_077_context_09,eha2r_077_context_10,eha2r_077_context_11",1.0,1.0,1.0,0.5,8,3.0220552088742005,2,0.4166666666666667,0
eha2r_077,mixed_source_corruption_v2,1,True,primary_preserve_top8,8,"eha2r_077_primary_a,eha2r_077_primary_b,eha2r_077_pollutant_root,eha2r_077_corrupted_appendix,eha2r_077_repost_00,eha2r_077_repost_01,eha2r_077_repost_03,eha2r_077_repost_02",1.0,1.0,1.0,0.75,4,2.75,2,0.625,0
eha2r_077,mixed_source_corruption_v2,1,True,heuristic_root_dedup_top8,8,"eha2r_077_pollutant_root,eha2r_077_primary_a,eha2r_077_corrupted_appendix,eha2r_077_repost_00,eha2r_077_context_08,eha2r_077_primary_b,eha2r_077_repost_01,eha2r_077_repost_03",1.0,1.0,1.0,0.625,5,2.75,2,0.5,0
eha2r_077,mixed_source_corruption_v2,1,True,hygienic_combo_top8,8,"eha2r_077_primary_a,eha2r_077_primary_b,eha2r_077_pollutant_root,eha2r_077_corrupted_appendix,eha2r_077_repost_00,eha2r_077_repost_01,eha2r_077_context_08,eha2r_077_context_09",1.0,1.0,1.0,0.5,6,2.5,2,0.375,0
eha2r_077,mixed_source_corruption_v2,1,True,oracle_root_dedup_top8,8,"eha2r_077_pollutant_root,eha2r_077_primary_a,eha2r_077_primary_b,eha2r_077_corrupted_appendix,eha2r_077_context_08,eha2r_077_context_09,eha2r_077_context_10,eha2r_077_context_11",1.0,1.0,1.0,0.25,8,2.1556390622295662,2,0.125,0
eha2r_078,mixed_source_corruption_v2,1,True,bm25_top8,8,"eha2r_078_pollutant_root,eha2r_078_primary_a,eha2r_078_primary_b,eha2r_078_corrupted_appendix,eha2r_078_repost_00,eha2r_078_repost_02,eha2r_078_repost_03,eha2r_078_repost_04",1.0,1.0,1.0,0.75,4,2.75,2,0.625,0
eha2r_078,mixed_source_corruption_v2,1,True,bm25_top12,12,"eha2r_078_pollutant_root,eha2r_078_primary_a,eha2r_078_primary_b,eha2r_078_corrupted_appendix,eha2r_078_repost_00,eha2r_078_repost_02,eha2r_078_repost_03,eha2r_078_repost_04,eha2r_078_repost_01,eha2r_078_context_09,eha2r_078_context_10,eha2r_078_context_11",1.0,1.0,1.0,0.5833333333333334,7,3.4182958340544896,2,0.5,0
eha2r_078,mixed_source_corruption_v2,1,True,primary_preserve_top8,8,"eha2r_078_primary_a,eha2r_078_primary_b,eha2r_078_pollutant_root,eha2r_078_corrupted_appendix,eha2r_078_repost_00,eha2r_078_repost_02,eha2r_078_repost_03,eha2r_078_repost_04",1.0,1.0,1.0,0.75,4,2.75,2,0.625,0
eha2r_078,mixed_source_corruption_v2,1,True,heuristic_root_dedup_top8,8,"eha2r_078_pollutant_root,eha2r_078_primary_a,eha2r_078_corrupted_appendix,eha2r_078_repost_00,eha2r_078_context_09,eha2r_078_primary_b,eha2r_078_repost_02,eha2r_078_repost_03",1.0,1.0,1.0,0.625,5,2.75,2,0.5,0
eha2r_078,mixed_source_corruption_v2,1,True,hygienic_combo_top8,8,"eha2r_078_primary_a,eha2r_078_primary_b,eha2r_078_pollutant_root,eha2r_078_corrupted_appendix,eha2r_078_repost_00,eha2r_078_repost_02,eha2r_078_context_09,eha2r_078_context_10",1.0,1.0,1.0,0.5,6,2.75,2,0.375,0
eha2r_078,mixed_source_corruption_v2,1,True,oracle_root_dedup_top8,8,"eha2r_078_pollutant_root,eha2r_078_primary_a,eha2r_078_primary_b,eha2r_078_corrupted_appendix,eha2r_078_context_09,eha2r_078_context_10,eha2r_078_context_11,eha2r_078_context_12",1.0,1.0,1.0,0.25,8,2.75,2,0.125,0
eha2r_079,mixed_source_corruption_v2,1,True,bm25_top8,8,"eha2r_079_pollutant_root,eha2r_079_primary_a,eha2r_079_primary_b,eha2r_079_corrupted_appendix,eha2r_079_repost_01,eha2r_079_repost_02,eha2r_079_repost_03,eha2r_079_repost_00",1.0,1.0,1.0,0.75,4,2.75,2,0.625,0
eha2r_079,mixed_source_corruption_v2,1,True,bm25_top12,12,"eha2r_079_pollutant_root,eha2r_079_primary_a,eha2r_079_primary_b,eha2r_079_corrupted_appendix,eha2r_079_repost_01,eha2r_079_repost_02,eha2r_079_repost_03,eha2r_079_repost_00,eha2r_079_context_08,eha2r_079_context_09,eha2r_079_context_10,eha2r_079_context_11",1.0,1.0,1.0,0.5,8,3.4182958340544896,2,0.4166666666666667,0
eha2r_079,mixed_source_corruption_v2,1,True,primary_preserve_top8,8,"eha2r_079_primary_a,eha2r_079_primary_b,eha2r_079_pollutant_root,eha2r_079_corrupted_appendix,eha2r_079_repost_01,eha2r_079_repost_02,eha2r_079_repost_03,eha2r_079_repost_00",1.0,1.0,1.0,0.75,4,2.75,2,0.625,0
eha2r_079,mixed_source_corruption_v2,1,True,heuristic_root_dedup_top8,8,"eha2r_079_pollutant_root,eha2r_079_primary_a,eha2r_079_corrupted_appendix,eha2r_079_repost_01,eha2r_079_context_08,eha2r_079_primary_b,eha2r_079_repost_02,eha2r_079_repost_03",1.0,1.0,1.0,0.625,5,2.75,2,0.5,0
eha2r_079,mixed_source_corruption_v2,1,True,hygienic_combo_top8,8,"eha2r_079_primary_a,eha2r_079_primary_b,eha2r_079_pollutant_root,eha2r_079_corrupted_appendix,eha2r_079_repost_01,eha2r_079_repost_02,eha2r_079_context_08,eha2r_079_context_09",1.0,1.0,1.0,0.5,6,2.75,2,0.375,0
eha2r_079,mixed_source_corruption_v2,1,True,oracle_root_dedup_top8,8,"eha2r_079_pollutant_root,eha2r_079_primary_a,eha2r_079_primary_b,eha2r_079_corrupted_appendix,eha2r_079_context_08,eha2r_079_context_09,eha2r_079_context_10,eha2r_079_context_11",1.0,1.0,1.0,0.25,8,2.75,2,0.125,0
